[0.000000] (-) TimerEvent: {}
[0.003026] (action_interfaces) JobQueued: {'identifier': 'action_interfaces', 'dependencies': OrderedDict()}
[0.003320] (main_arm_package) JobQueued: {'identifier': 'main_arm_package', 'dependencies': OrderedDict([('action_interfaces', '/home/ibrahim/RobotArmExpanded/install/action_interfaces')])}
[0.003836] (action_interfaces) JobStarted: {'identifier': 'action_interfaces'}
[0.023948] (action_interfaces) JobProgress: {'identifier': 'action_interfaces', 'progress': 'cmake'}
[0.026740] (action_interfaces) JobProgress: {'identifier': 'action_interfaces', 'progress': 'build'}
[0.027833] (action_interfaces) Command: {'cmd': ['/usr/bin/cmake', '--build', '/home/ibrahim/RobotArmExpanded/build/action_interfaces', '--', '-j16', '-l16'], 'cwd': '/home/ibrahim/RobotArmExpanded/build/action_interfaces', 'env': OrderedDict([('LESSOPEN', '| /usr/bin/lesspipe %s'), ('USER', 'ibrahim'), ('GIT_ASKPASS', '/home/ibrahim/.vscode-server/bin/0958016b2af9f09bb4257e0df4a95e2f90590f9f/extensions/git/dist/askpass.sh'), ('SHLVL', '1'), ('LD_LIBRARY_PATH', '/home/ibrahim/RobotArm/install/action_interfaces/lib:/home/ibrahim/RobotNav/install/action_interfaces/lib:/home/ibrahim/ros2_ws/install/action_interfaces/lib:/usr/lib/x86_64-linux-gnu/gazebo-11/plugins:/opt/ros/humble/opt/rviz_ogre_vendor/lib:/opt/ros/humble/lib/x86_64-linux-gnu:/opt/ros/humble/lib'), ('MOTD_SHOWN', 'update-motd'), ('HOME', '/home/ibrahim'), ('TERM_PROGRAM_VERSION', '1.120.0'), ('VSCODE_IPC_HOOK_CLI', '/run/user/1000/vscode-ipc-86cf5568-dc4d-4131-a31e-d5d2e4d6baba.sock'), ('ROS_PYTHON_VERSION', '3'), ('VSCODE_GIT_ASKPASS_MAIN', '/home/ibrahim/.vscode-server/bin/0958016b2af9f09bb4257e0df4a95e2f90590f9f/extensions/git/dist/askpass-main.js'), ('VSCODE_GIT_ASKPASS_NODE', '/home/ibrahim/.vscode-server/bin/0958016b2af9f09bb4257e0df4a95e2f90590f9f/node'), ('VSCODE_PYTHON_AUTOACTIVATE_GUARD', '1'), ('DBUS_SESSION_BUS_ADDRESS', 'unix:path=/run/user/1000/bus'), ('COLORTERM', 'truecolor'), ('WSL_DISTRO_NAME', 'Ubuntu-22.04'), ('WAYLAND_DISPLAY', 'wayland-0'), ('COLCON_PREFIX_PATH', '/home/ibrahim/RobotArm/install:/home/ibrahim/TF2Sample/install:/home/ibrahim/RobotNav/install:/home/ibrahim/RobotMonitor/install:/home/ibrahim/ros2_ws/install'), ('ROS_DISTRO', 'humble'), ('LOGNAME', 'ibrahim'), ('NAME', 'Ibrahim-laptop'), ('WSL_INTEROP', '/run/WSL/418_interop'), ('PULSE_SERVER', 'unix:/mnt/wslg/PulseServer'), ('_', '/usr/bin/colcon'), ('ROS_VERSION', '2'), ('CLAUDE_CODE_SSE_PORT', '14704'), ('TERM', 'xterm-256color'), ('ROS_LOCALHOST_ONLY', '0'), ('PATH', '/home/ibrahim/.vscode-server/data/User/globalStorage/github.copilot-chat/debugCommand:/home/ibrahim/.vscode-server/data/User/globalStorage/github.copilot-chat/copilotCli:/home/ibrahim/.vscode-server/bin/0958016b2af9f09bb4257e0df4a95e2f90590f9f/bin/remote-cli:/opt/ros/humble/bin:/usr/local/sbin:/usr/local/bin:/usr/sbin:/usr/bin:/sbin:/bin:/usr/games:/usr/local/games:/usr/lib/wsl/lib:/mnt/c/Users/zanto/AppData/Local/Programs/Microsoft VS Code:/mnt/c/Windows/system32:/mnt/c/Windows:/mnt/c/Windows/System32/Wbem:/mnt/c/Windows/System32/WindowsPowerShell/v1.0/:/mnt/c/Windows/System32/OpenSSH/:/mnt/c/Program Files (x86)/NVIDIA Corporation/PhysX/Common:/mnt/c/Program Files/NVIDIA Corporation/NVIDIA App/NvDLISR:/mnt/c/Program Files/dotnet/:/mnt/c/Program Files/nodejs/:/mnt/c/Program Files/Git/cmd:/mnt/c/Program Files/PostgreSQL/18/bin:/mnt/c/Users/zanto/.local/bin:/mnt/c/Program Files/Docker/Docker/resources/bin:/mnt/c/Program Files/GitHub CLI/:/mnt/c/Users/zanto/AppData/Local/Programs/Python/Python312/Scripts/:/mnt/c/Users/zanto/AppData/Local/Programs/Python/Python312/:/mnt/c/Users/zanto/AppData/Local/Programs/Python/Python314/Scripts/:/mnt/c/Users/zanto/AppData/Local/Programs/Python/Python314/:/mnt/c/Users/zanto/AppData/Local/Microsoft/WindowsApps:/mnt/c/Users/zanto/AppData/Local/Programs/Microsoft VS Code/bin:/mnt/c/Users/zanto/AppData/Local/Programs/Ollama:/mnt/c/Users/zanto/AppData/Roaming/npm:/mnt/c/msys64/ucrt64/bin:/snap/bin'), ('XDG_RUNTIME_DIR', '/run/user/1000/'), ('DISPLAY', ':0'), ('LANG', 'C.UTF-8'), ('LS_COLORS', 'rs=0:di=01;34:ln=01;36:mh=00:pi=40;33:so=01;35:do=01;35:bd=40;33;01:cd=40;33;01:or=40;31;01:mi=00:su=37;41:sg=30;43:ca=30;41:tw=30;42:ow=34;42:st=37;44:ex=01;32:*.tar=01;31:*.tgz=01;31:*.arc=01;31:*.arj=01;31:*.taz=01;31:*.lha=01;31:*.lz4=01;31:*.lzh=01;31:*.lzma=01;31:*.tlz=01;31:*.txz=01;31:*.tzo=01;31:*.t7z=01;31:*.zip=01;31:*.z=01;31:*.dz=01;31:*.gz=01;31:*.lrz=01;31:*.lz=01;31:*.lzo=01;31:*.xz=01;31:*.zst=01;31:*.tzst=01;31:*.bz2=01;31:*.bz=01;31:*.tbz=01;31:*.tbz2=01;31:*.tz=01;31:*.deb=01;31:*.rpm=01;31:*.jar=01;31:*.war=01;31:*.ear=01;31:*.sar=01;31:*.rar=01;31:*.alz=01;31:*.ace=01;31:*.zoo=01;31:*.cpio=01;31:*.7z=01;31:*.rz=01;31:*.cab=01;31:*.wim=01;31:*.swm=01;31:*.dwm=01;31:*.esd=01;31:*.jpg=01;35:*.jpeg=01;35:*.mjpg=01;35:*.mjpeg=01;35:*.gif=01;35:*.bmp=01;35:*.pbm=01;35:*.pgm=01;35:*.ppm=01;35:*.tga=01;35:*.xbm=01;35:*.xpm=01;35:*.tif=01;35:*.tiff=01;35:*.png=01;35:*.svg=01;35:*.svgz=01;35:*.mng=01;35:*.pcx=01;35:*.mov=01;35:*.mpg=01;35:*.mpeg=01;35:*.m2v=01;35:*.mkv=01;35:*.webm=01;35:*.webp=01;35:*.ogm=01;35:*.mp4=01;35:*.m4v=01;35:*.mp4v=01;35:*.vob=01;35:*.qt=01;35:*.nuv=01;35:*.wmv=01;35:*.asf=01;35:*.rm=01;35:*.rmvb=01;35:*.flc=01;35:*.avi=01;35:*.fli=01;35:*.flv=01;35:*.gl=01;35:*.dl=01;35:*.xcf=01;35:*.xwd=01;35:*.yuv=01;35:*.cgm=01;35:*.emf=01;35:*.ogv=01;35:*.ogx=01;35:*.aac=00;36:*.au=00;36:*.flac=00;36:*.m4a=00;36:*.mid=00;36:*.midi=00;36:*.mka=00;36:*.mp3=00;36:*.mpc=00;36:*.ogg=00;36:*.ra=00;36:*.wav=00;36:*.oga=00;36:*.opus=00;36:*.spx=00;36:*.xspf=00;36:'), ('VSCODE_GIT_IPC_HANDLE', '/run/user/1000/vscode-git-fffe7d841c.sock'), ('TERM_PROGRAM', 'vscode'), ('ROS_DOMAIN_ID', '10'), ('AMENT_PREFIX_PATH', '/home/ibrahim/RobotArm/install/main_arm_package:/home/ibrahim/RobotArm/install/action_interfaces:/home/ibrahim/TF2Sample/install/tf2sim:/home/ibrahim/RobotNav/install/main_robot_nodes:/home/ibrahim/RobotNav/install/action_interfaces:/home/ibrahim/RobotMonitor/install/Robot3Node_Package:/home/ibrahim/ros2_ws/install/my_first_package:/home/ibrahim/ros2_ws/install/action_interfaces:/opt/ros/humble'), ('SHELL', '/bin/bash'), ('LESSCLOSE', '/usr/bin/lesspipe %s %s'), ('VSCODE_GIT_ASKPASS_EXTRA_ARGS', ''), ('PWD', '/home/ibrahim/RobotArmExpanded/build/action_interfaces'), ('XDG_DATA_DIRS', '/usr/local/share:/usr/share:/var/lib/snapd/desktop'), ('PYTHONPATH', '/home/ibrahim/RobotArm/install/action_interfaces/local/lib/python3.10/dist-packages:/home/ibrahim/RobotNav/install/action_interfaces/local/lib/python3.10/dist-packages:/home/ibrahim/ros2_ws/install/action_interfaces/local/lib/python3.10/dist-packages:/opt/ros/humble/lib/python3.10/site-packages:/opt/ros/humble/local/lib/python3.10/dist-packages'), ('COLCON', '1'), ('WSL2_GUI_APPS_ENABLED', '1'), ('HOSTTYPE', 'x86_64'), ('CMAKE_PREFIX_PATH', '/home/ibrahim/RobotArm/install/main_arm_package:/home/ibrahim/RobotArm/install/action_interfaces:/home/ibrahim/TF2Sample/install/tf2sim:/home/ibrahim/RobotNav/install/main_robot_nodes:/home/ibrahim/RobotNav/install/action_interfaces:/home/ibrahim/RobotMonitor/install/Robot3Node_Package:/home/ibrahim/ros2_ws/install/my_first_package:/home/ibrahim/ros2_ws/install/action_interfaces:/opt/ros/humble'), ('WSLENV', 'VSCODE_WSL_EXT_LOCATION/up')]), 'shell': False}
[0.099601] (-) TimerEvent: {}
[0.160427] (action_interfaces) StdoutLine: {'line': b'-- Found ament_cmake: 1.3.14 (/opt/ros/humble/share/ament_cmake/cmake)\n'}
[0.199739] (-) TimerEvent: {}
[0.300228] (-) TimerEvent: {}
[0.347937] (action_interfaces) StdoutLine: {'line': b'-- Found rosidl_default_generators: 1.2.1 (/opt/ros/humble/share/rosidl_default_generators/cmake)\n'}
[0.354222] (action_interfaces) StdoutLine: {'line': b'-- Using all available rosidl_typesupport_c: rosidl_typesupport_fastrtps_c;rosidl_typesupport_introspection_c\n'}
[0.361436] (action_interfaces) StdoutLine: {'line': b'-- Found rosidl_adapter: 3.1.8 (/opt/ros/humble/share/rosidl_adapter/cmake)\n'}
[0.400355] (-) TimerEvent: {}
[0.500842] (-) TimerEvent: {}
[0.601252] (-) TimerEvent: {}
[0.642629] (action_interfaces) StdoutLine: {'line': b'-- Using all available rosidl_typesupport_cpp: rosidl_typesupport_fastrtps_cpp;rosidl_typesupport_introspection_cpp\n'}
[0.701547] (-) TimerEvent: {}
[0.802109] (-) TimerEvent: {}
[0.902812] (-) TimerEvent: {}
[1.003334] (-) TimerEvent: {}
[1.094923] (action_interfaces) StdoutLine: {'line': b'-- Found ament_cmake_ros: 0.10.0 (/opt/ros/humble/share/ament_cmake_ros/cmake)\n'}
[1.103588] (-) TimerEvent: {}
[1.204071] (-) TimerEvent: {}
[1.304685] (-) TimerEvent: {}
[1.319248] (action_interfaces) StdoutLine: {'line': b'-- Using all available rosidl_typesupport_c: rosidl_typesupport_fastrtps_c;rosidl_typesupport_introspection_c\n'}
[1.404923] (-) TimerEvent: {}
[1.505630] (-) TimerEvent: {}
[1.606147] (action_interfaces) StdoutLine: {'line': b'-- Using all available rosidl_typesupport_cpp: rosidl_typesupport_fastrtps_cpp;rosidl_typesupport_introspection_cpp\n'}
[1.606509] (-) TimerEvent: {}
[1.635708] (action_interfaces) StdoutLine: {'line': b'-- Found python_cmake_module: 0.10.0 (/opt/ros/humble/share/python_cmake_module/cmake)\n'}
[1.663853] (action_interfaces) StdoutLine: {'line': b'-- Using PYTHON_EXECUTABLE: /usr/bin/python3\n'}
[1.664499] (action_interfaces) StdoutLine: {'line': b'-- Using PYTHON_INCLUDE_DIRS: /usr/include/python3.10\n'}
[1.664740] (action_interfaces) StdoutLine: {'line': b'-- Using PYTHON_LIBRARIES: /usr/lib/x86_64-linux-gnu/libpython3.10.so\n'}
[1.706650] (-) TimerEvent: {}
[1.759723] (action_interfaces) StdoutLine: {'line': b'-- Found ament_lint_auto: 0.12.15 (/opt/ros/humble/share/ament_lint_auto/cmake)\n'}
[1.798983] (action_interfaces) StdoutLine: {'line': b"-- Added test 'lint_cmake' to check CMake code style\n"}
[1.801906] (action_interfaces) StdoutLine: {'line': b"-- Added test 'xmllint' to check XML markup files\n"}
[1.806813] (-) TimerEvent: {}
[1.810299] (action_interfaces) StdoutLine: {'line': b'-- Configuring done\n'}
[1.907019] (-) TimerEvent: {}
[1.925831] (action_interfaces) StdoutLine: {'line': b'-- Generating done\n'}
[1.946008] (action_interfaces) StdoutLine: {'line': b'-- Build files have been written to: /home/ibrahim/RobotArmExpanded/build/action_interfaces\n'}
[1.998797] (action_interfaces) StdoutLine: {'line': b'[  1%] \x1b[34m\x1b[1mGenerating C code for ROS interfaces\x1b[0m\n'}
[2.007170] (-) TimerEvent: {}
[2.017135] (action_interfaces) StdoutLine: {'line': b'[  5%] \x1b[34m\x1b[1mGenerating C++ code for ROS interfaces\x1b[0m\n'}
[2.017702] (action_interfaces) StdoutLine: {'line': b'[  5%] \x1b[34m\x1b[1mGenerating Rust code for ROS interfaces\x1b[0m\n'}
[2.055015] (action_interfaces) StdoutLine: {'line': b'[  5%] Built target ament_cmake_python_copy_action_interfaces\n'}
[2.107299] (-) TimerEvent: {}
[2.207715] (-) TimerEvent: {}
[2.308152] (-) TimerEvent: {}
[2.349646] (action_interfaces) StdoutLine: {'line': b'running egg_info\n'}
[2.350620] (action_interfaces) StdoutLine: {'line': b'writing action_interfaces.egg-info/PKG-INFO\n'}
[2.351052] (action_interfaces) StdoutLine: {'line': b'writing dependency_links to action_interfaces.egg-info/dependency_links.txt\n'}
[2.351600] (action_interfaces) StdoutLine: {'line': b'writing top-level names to action_interfaces.egg-info/top_level.txt\n'}
[2.355668] (action_interfaces) StdoutLine: {'line': b"reading manifest file 'action_interfaces.egg-info/SOURCES.txt'\n"}
[2.357107] (action_interfaces) StdoutLine: {'line': b"writing manifest file 'action_interfaces.egg-info/SOURCES.txt'\n"}
[2.406532] (action_interfaces) StdoutLine: {'line': b'[  5%] Built target ament_cmake_python_build_action_interfaces_egg\n'}
[2.408250] (-) TimerEvent: {}
[2.414326] (action_interfaces) StdoutLine: {'line': b'[  5%] Built target action_interfaces__rs\n'}
[2.508364] (-) TimerEvent: {}
[2.613481] (-) TimerEvent: {}
[2.648616] (action_interfaces) StdoutLine: {'line': b'[  5%] Built target action_interfaces__cpp\n'}
[2.651266] (action_interfaces) StdoutLine: {'line': b'\x1b[35m\x1b[1mConsolidate compiler generated dependencies of target action_interfaces__rosidl_generator_c\x1b[0m\n'}
[2.663064] (action_interfaces) StdoutLine: {'line': b'[  7%] \x1b[34m\x1b[1mGenerating C++ type support for eProsima Fast-RTPS\x1b[0m\n'}
[2.665109] (action_interfaces) StdoutLine: {'line': b'[ 10%] \x1b[34m\x1b[1mGenerating C++ type support dispatch for ROS interfaces\x1b[0m\n'}
[2.665425] (action_interfaces) StdoutLine: {'line': b'[ 10%] \x1b[34m\x1b[1mGenerating C++ introspection for ROS interfaces\x1b[0m\n'}
[2.671066] (action_interfaces) StdoutLine: {'line': b'[ 16%] \x1b[32mBuilding C object CMakeFiles/action_interfaces__rosidl_generator_c.dir/rosidl_generator_c/action_interfaces/msg/detail/arm_state__functions.c.o\x1b[0m\n'}
[2.671472] (action_interfaces) StdoutLine: {'line': b'[ 16%] \x1b[32mBuilding C object CMakeFiles/action_interfaces__rosidl_generator_c.dir/rosidl_generator_c/action_interfaces/msg/detail/arm_command__functions.c.o\x1b[0m\n'}
[2.671619] (action_interfaces) StdoutLine: {'line': b'[ 17%] \x1b[32mBuilding C object CMakeFiles/action_interfaces__rosidl_generator_c.dir/rosidl_generator_c/action_interfaces/action/detail/move_arm__functions.c.o\x1b[0m\n'}
[2.671729] (action_interfaces) StdoutLine: {'line': b'[ 16%] \x1b[32mBuilding C object CMakeFiles/action_interfaces__rosidl_generator_c.dir/rosidl_generator_c/action_interfaces/srv/detail/check_limits__functions.c.o\x1b[0m\n'}
[2.713623] (-) TimerEvent: {}
[2.814059] (-) TimerEvent: {}
[2.850065] (action_interfaces) StdoutLine: {'line': b'[ 19%] \x1b[32m\x1b[1mLinking C shared library libaction_interfaces__rosidl_generator_c.so\x1b[0m\n'}
[2.914181] (-) TimerEvent: {}
[3.013307] (action_interfaces) StdoutLine: {'line': b'\x1b[35m\x1b[1mConsolidate compiler generated dependencies of target action_interfaces__rosidl_typesupport_cpp\x1b[0m\n'}
[3.014352] (-) TimerEvent: {}
[3.038168] (action_interfaces) StdoutLine: {'line': b'[ 23%] \x1b[32mBuilding CXX object CMakeFiles/action_interfaces__rosidl_typesupport_cpp.dir/rosidl_typesupport_cpp/action_interfaces/msg/arm_state__type_support.cpp.o\x1b[0m\n'}
[3.038546] (action_interfaces) StdoutLine: {'line': b'[ 23%] \x1b[32mBuilding CXX object CMakeFiles/action_interfaces__rosidl_typesupport_cpp.dir/rosidl_typesupport_cpp/action_interfaces/msg/arm_command__type_support.cpp.o\x1b[0m\n'}
[3.038654] (action_interfaces) StdoutLine: {'line': b'[ 25%] \x1b[32mBuilding CXX object CMakeFiles/action_interfaces__rosidl_typesupport_cpp.dir/rosidl_typesupport_cpp/action_interfaces/action/move_arm__type_support.cpp.o\x1b[0m\n'}
[3.039070] (action_interfaces) StdoutLine: {'line': b'[ 25%] Built target action_interfaces__rosidl_generator_c\n'}
[3.039246] (action_interfaces) StdoutLine: {'line': b'[ 26%] \x1b[32mBuilding CXX object CMakeFiles/action_interfaces__rosidl_typesupport_cpp.dir/rosidl_typesupport_cpp/action_interfaces/srv/check_limits__type_support.cpp.o\x1b[0m\n'}
[3.056258] (action_interfaces) StdoutLine: {'line': b'[ 32%] \x1b[34m\x1b[1mGenerating C introspection for ROS interfaces\x1b[0m\n'}
[3.056565] (action_interfaces) StdoutLine: {'line': b'[ 32%] \x1b[34m\x1b[1mGenerating C type support dispatch for ROS interfaces\x1b[0m\n'}
[3.056750] (action_interfaces) StdoutLine: {'line': b'[ 32%] \x1b[34m\x1b[1mGenerating C type support for eProsima Fast-RTPS\x1b[0m\n'}
[3.092792] (action_interfaces) StdoutLine: {'line': b'\x1b[35m\x1b[1mConsolidate compiler generated dependencies of target action_interfaces__rosidl_typesupport_introspection_cpp\x1b[0m\n'}
[3.114501] (-) TimerEvent: {}
[3.125416] (action_interfaces) StdoutLine: {'line': b'[ 33%] \x1b[32mBuilding CXX object CMakeFiles/action_interfaces__rosidl_typesupport_introspection_cpp.dir/rosidl_typesupport_introspection_cpp/action_interfaces/srv/detail/check_limits__type_support.cpp.o\x1b[0m\n'}
[3.129648] (action_interfaces) StdoutLine: {'line': b'[ 35%] \x1b[32mBuilding CXX object CMakeFiles/action_interfaces__rosidl_typesupport_introspection_cpp.dir/rosidl_typesupport_introspection_cpp/action_interfaces/msg/detail/arm_state__type_support.cpp.o\x1b[0m\n'}
[3.129916] (action_interfaces) StdoutLine: {'line': b'[ 37%] \x1b[32mBuilding CXX object CMakeFiles/action_interfaces__rosidl_typesupport_introspection_cpp.dir/rosidl_typesupport_introspection_cpp/action_interfaces/action/detail/move_arm__type_support.cpp.o\x1b[0m\n'}
[3.134777] (action_interfaces) StdoutLine: {'line': b'[ 39%] \x1b[32mBuilding CXX object CMakeFiles/action_interfaces__rosidl_typesupport_introspection_cpp.dir/rosidl_typesupport_introspection_cpp/action_interfaces/msg/detail/arm_command__type_support.cpp.o\x1b[0m\n'}
[3.198710] (action_interfaces) StdoutLine: {'line': b'\x1b[35m\x1b[1mConsolidate compiler generated dependencies of target action_interfaces__rosidl_typesupport_fastrtps_cpp\x1b[0m\n'}
[3.215354] (-) TimerEvent: {}
[3.236027] (action_interfaces) StdoutLine: {'line': b'[ 42%] \x1b[32mBuilding CXX object CMakeFiles/action_interfaces__rosidl_typesupport_fastrtps_cpp.dir/rosidl_typesupport_fastrtps_cpp/action_interfaces/msg/detail/dds_fastrtps/arm_command__type_support.cpp.o\x1b[0m\n'}
[3.236277] (action_interfaces) StdoutLine: {'line': b'[ 44%] \x1b[32mBuilding CXX object CMakeFiles/action_interfaces__rosidl_typesupport_fastrtps_cpp.dir/rosidl_typesupport_fastrtps_cpp/action_interfaces/srv/detail/dds_fastrtps/check_limits__type_support.cpp.o\x1b[0m\n'}
[3.236458] (action_interfaces) StdoutLine: {'line': b'[ 46%] \x1b[32mBuilding CXX object CMakeFiles/action_interfaces__rosidl_typesupport_fastrtps_cpp.dir/rosidl_typesupport_fastrtps_cpp/action_interfaces/msg/detail/dds_fastrtps/arm_state__type_support.cpp.o\x1b[0m\n'}
[3.236555] (action_interfaces) StdoutLine: {'line': b'[ 46%] \x1b[32mBuilding CXX object CMakeFiles/action_interfaces__rosidl_typesupport_fastrtps_cpp.dir/rosidl_typesupport_fastrtps_cpp/action_interfaces/action/detail/dds_fastrtps/move_arm__type_support.cpp.o\x1b[0m\n'}
[3.317486] (-) TimerEvent: {}
[3.417866] (-) TimerEvent: {}
[3.518223] (-) TimerEvent: {}
[3.571349] (action_interfaces) StdoutLine: {'line': b'\x1b[35m\x1b[1mConsolidate compiler generated dependencies of target action_interfaces__rosidl_typesupport_c\x1b[0m\n'}
[3.598089] (action_interfaces) StdoutLine: {'line': b'[ 48%] \x1b[32mBuilding CXX object CMakeFiles/action_interfaces__rosidl_typesupport_c.dir/rosidl_typesupport_c/action_interfaces/msg/arm_state__type_support.cpp.o\x1b[0m\n'}
[3.598602] (action_interfaces) StdoutLine: {'line': b'[ 51%] \x1b[32mBuilding CXX object CMakeFiles/action_interfaces__rosidl_typesupport_c.dir/rosidl_typesupport_c/action_interfaces/srv/check_limits__type_support.cpp.o\x1b[0m\n'}
[3.598900] (action_interfaces) StdoutLine: {'line': b'[ 51%] \x1b[32mBuilding CXX object CMakeFiles/action_interfaces__rosidl_typesupport_c.dir/rosidl_typesupport_c/action_interfaces/msg/arm_command__type_support.cpp.o\x1b[0m\n'}
[3.599149] (action_interfaces) StdoutLine: {'line': b'[ 53%] \x1b[32mBuilding CXX object CMakeFiles/action_interfaces__rosidl_typesupport_c.dir/rosidl_typesupport_c/action_interfaces/action/move_arm__type_support.cpp.o\x1b[0m\n'}
[3.618336] (-) TimerEvent: {}
[3.701479] (action_interfaces) StdoutLine: {'line': b'[ 55%] \x1b[32m\x1b[1mLinking CXX shared library libaction_interfaces__rosidl_typesupport_c.so\x1b[0m\n'}
[3.718731] (-) TimerEvent: {}
[3.750310] (action_interfaces) StdoutLine: {'line': b'\x1b[35m\x1b[1mConsolidate compiler generated dependencies of target action_interfaces__rosidl_typesupport_introspection_c\x1b[0m\n'}
[3.771232] (action_interfaces) StdoutLine: {'line': b'[ 57%] \x1b[32mBuilding C object CMakeFiles/action_interfaces__rosidl_typesupport_introspection_c.dir/rosidl_typesupport_introspection_c/action_interfaces/srv/detail/check_limits__type_support.c.o\x1b[0m\n'}
[3.771678] (action_interfaces) StdoutLine: {'line': b'[ 60%] \x1b[32mBuilding C object CMakeFiles/action_interfaces__rosidl_typesupport_introspection_c.dir/rosidl_typesupport_introspection_c/action_interfaces/msg/detail/arm_command__type_support.c.o\x1b[0m\n'}
[3.771991] (action_interfaces) StdoutLine: {'line': b'[ 60%] \x1b[32mBuilding C object CMakeFiles/action_interfaces__rosidl_typesupport_introspection_c.dir/rosidl_typesupport_introspection_c/action_interfaces/action/detail/move_arm__type_support.c.o\x1b[0m\n'}
[3.772981] (action_interfaces) StdoutLine: {'line': b'[ 62%] \x1b[32mBuilding C object CMakeFiles/action_interfaces__rosidl_typesupport_introspection_c.dir/rosidl_typesupport_introspection_c/action_interfaces/msg/detail/arm_state__type_support.c.o\x1b[0m\n'}
[3.777777] (action_interfaces) StdoutLine: {'line': b'\x1b[35m\x1b[1mConsolidate compiler generated dependencies of target action_interfaces__rosidl_typesupport_fastrtps_c\x1b[0m\n'}
[3.803530] (action_interfaces) StdoutLine: {'line': b'[ 64%] \x1b[32m\x1b[1mLinking CXX shared library libaction_interfaces__rosidl_typesupport_cpp.so\x1b[0m\n'}
[3.807355] (action_interfaces) StdoutLine: {'line': b'[ 67%] \x1b[32mBuilding CXX object CMakeFiles/action_interfaces__rosidl_typesupport_fastrtps_c.dir/rosidl_typesupport_fastrtps_c/action_interfaces/msg/detail/arm_state__type_support_c.cpp.o\x1b[0m\n'}
[3.807674] (action_interfaces) StdoutLine: {'line': b'[ 67%] \x1b[32mBuilding CXX object CMakeFiles/action_interfaces__rosidl_typesupport_fastrtps_c.dir/rosidl_typesupport_fastrtps_c/action_interfaces/action/detail/move_arm__type_support_c.cpp.o\x1b[0m\n'}
[3.807967] (action_interfaces) StdoutLine: {'line': b'[ 69%] \x1b[32mBuilding CXX object CMakeFiles/action_interfaces__rosidl_typesupport_fastrtps_c.dir/rosidl_typesupport_fastrtps_c/action_interfaces/srv/detail/check_limits__type_support_c.cpp.o\x1b[0m\n'}
[3.809892] (action_interfaces) StdoutLine: {'line': b'[ 71%] \x1b[32mBuilding CXX object CMakeFiles/action_interfaces__rosidl_typesupport_fastrtps_c.dir/rosidl_typesupport_fastrtps_c/action_interfaces/msg/detail/arm_command__type_support_c.cpp.o\x1b[0m\n'}
[3.819119] (-) TimerEvent: {}
[3.854567] (action_interfaces) StdoutLine: {'line': b'[ 73%] \x1b[32m\x1b[1mLinking C shared library libaction_interfaces__rosidl_typesupport_introspection_c.so\x1b[0m\n'}
[3.917332] (action_interfaces) StdoutLine: {'line': b'[ 73%] Built target action_interfaces__rosidl_typesupport_c\n'}
[3.919239] (-) TimerEvent: {}
[3.984553] (action_interfaces) StdoutLine: {'line': b'[ 73%] Built target action_interfaces__rosidl_typesupport_cpp\n'}
[3.999763] (action_interfaces) StdoutLine: {'line': b'[ 75%] \x1b[32m\x1b[1mLinking CXX shared library libaction_interfaces__rosidl_typesupport_introspection_cpp.so\x1b[0m\n'}
[4.019405] (-) TimerEvent: {}
[4.025959] (action_interfaces) StdoutLine: {'line': b'[ 75%] Built target action_interfaces__rosidl_typesupport_introspection_c\n'}
[4.048542] (action_interfaces) StdoutLine: {'line': b'[ 76%] \x1b[32m\x1b[1mLinking CXX shared library libaction_interfaces__rosidl_typesupport_fastrtps_cpp.so\x1b[0m\n'}
[4.119481] (-) TimerEvent: {}
[4.219935] (-) TimerEvent: {}
[4.220410] (action_interfaces) StdoutLine: {'line': b'[ 76%] Built target action_interfaces__rosidl_typesupport_introspection_cpp\n'}
[4.239876] (action_interfaces) StdoutLine: {'line': b'[ 78%] \x1b[32m\x1b[1mLinking CXX shared library libaction_interfaces__rosidl_typesupport_fastrtps_c.so\x1b[0m\n'}
[4.278054] (action_interfaces) StdoutLine: {'line': b'[ 78%] Built target action_interfaces__rosidl_typesupport_fastrtps_cpp\n'}
[4.320058] (-) TimerEvent: {}
[4.420536] (-) TimerEvent: {}
[4.468320] (action_interfaces) StdoutLine: {'line': b'[ 78%] Built target action_interfaces__rosidl_typesupport_fastrtps_c\n'}
[4.497744] (action_interfaces) StdoutLine: {'line': b'[ 78%] Built target action_interfaces\n'}
[4.520750] (-) TimerEvent: {}
[4.526699] (action_interfaces) StdoutLine: {'line': b'[ 80%] \x1b[34m\x1b[1mGenerating Python code for ROS interfaces\x1b[0m\n'}
[4.620887] (-) TimerEvent: {}
[4.721427] (-) TimerEvent: {}
[4.821790] (-) TimerEvent: {}
[4.922351] (-) TimerEvent: {}
[5.022804] (-) TimerEvent: {}
[5.123366] (-) TimerEvent: {}
[5.223723] (-) TimerEvent: {}
[5.324096] (-) TimerEvent: {}
[5.424543] (-) TimerEvent: {}
[5.456035] (action_interfaces) StdoutLine: {'line': b'[ 80%] Built target action_interfaces__py\n'}
[5.473447] (action_interfaces) StdoutLine: {'line': b'\x1b[35m\x1b[1mConsolidate compiler generated dependencies of target action_interfaces__rosidl_generator_py\x1b[0m\n'}
[5.494013] (action_interfaces) StdoutLine: {'line': b'[ 82%] \x1b[32mBuilding C object CMakeFiles/action_interfaces__rosidl_generator_py.dir/rosidl_generator_py/action_interfaces/msg/_arm_state_s.c.o\x1b[0m\n'}
[5.495545] (action_interfaces) StdoutLine: {'line': b'[ 83%] \x1b[32mBuilding C object CMakeFiles/action_interfaces__rosidl_generator_py.dir/rosidl_generator_py/action_interfaces/msg/_arm_command_s.c.o\x1b[0m\n'}
[5.496054] (action_interfaces) StdoutLine: {'line': b'[ 85%] \x1b[32mBuilding C object CMakeFiles/action_interfaces__rosidl_generator_py.dir/rosidl_generator_py/action_interfaces/srv/_check_limits_s.c.o\x1b[0m\n'}
[5.496319] (action_interfaces) StdoutLine: {'line': b'[ 87%] \x1b[32mBuilding C object CMakeFiles/action_interfaces__rosidl_generator_py.dir/rosidl_generator_py/action_interfaces/action/_move_arm_s.c.o\x1b[0m\n'}
[5.524694] (-) TimerEvent: {}
[5.625185] (-) TimerEvent: {}
[5.720343] (action_interfaces) StdoutLine: {'line': b'[ 89%] \x1b[32m\x1b[1mLinking C shared library rosidl_generator_py/action_interfaces/libaction_interfaces__rosidl_generator_py.so\x1b[0m\n'}
[5.725474] (-) TimerEvent: {}
[5.825978] (-) TimerEvent: {}
[5.916070] (action_interfaces) StdoutLine: {'line': b'[ 89%] Built target action_interfaces__rosidl_generator_py\n'}
[5.926218] (-) TimerEvent: {}
[5.931644] (action_interfaces) StdoutLine: {'line': b'\x1b[35m\x1b[1mConsolidate compiler generated dependencies of target action_interfaces__rosidl_typesupport_c__pyext\x1b[0m\n'}
[5.931872] (action_interfaces) StdoutLine: {'line': b'\x1b[35m\x1b[1mConsolidate compiler generated dependencies of target action_interfaces__rosidl_typesupport_introspection_c__pyext\x1b[0m\n'}
[5.931934] (action_interfaces) StdoutLine: {'line': b'\x1b[35m\x1b[1mConsolidate compiler generated dependencies of target action_interfaces__rosidl_typesupport_fastrtps_c__pyext\x1b[0m\n'}
[5.949746] (action_interfaces) StdoutLine: {'line': b'[ 91%] \x1b[32mBuilding C object CMakeFiles/action_interfaces__rosidl_typesupport_introspection_c__pyext.dir/rosidl_generator_py/action_interfaces/_action_interfaces_s.ep.rosidl_typesupport_introspection_c.c.o\x1b[0m\n'}
[5.950059] (action_interfaces) StdoutLine: {'line': b'[ 92%] \x1b[32mBuilding C object CMakeFiles/action_interfaces__rosidl_typesupport_c__pyext.dir/rosidl_generator_py/action_interfaces/_action_interfaces_s.ep.rosidl_typesupport_c.c.o\x1b[0m\n'}
[5.951408] (action_interfaces) StdoutLine: {'line': b'[ 94%] \x1b[32mBuilding C object CMakeFiles/action_interfaces__rosidl_typesupport_fastrtps_c__pyext.dir/rosidl_generator_py/action_interfaces/_action_interfaces_s.ep.rosidl_typesupport_fastrtps_c.c.o\x1b[0m\n'}
[6.026369] (-) TimerEvent: {}
[6.107638] (action_interfaces) StdoutLine: {'line': b'[ 98%] \x1b[32m\x1b[1mLinking C shared library rosidl_generator_py/action_interfaces/action_interfaces_s__rosidl_typesupport_c.cpython-310-x86_64-linux-gnu.so\x1b[0m\n'}
[6.107920] (action_interfaces) StdoutLine: {'line': b'[ 98%] \x1b[32m\x1b[1mLinking C shared library rosidl_generator_py/action_interfaces/action_interfaces_s__rosidl_typesupport_fastrtps_c.cpython-310-x86_64-linux-gnu.so\x1b[0m\n'}
[6.110446] (action_interfaces) StdoutLine: {'line': b'[100%] \x1b[32m\x1b[1mLinking C shared library rosidl_generator_py/action_interfaces/action_interfaces_s__rosidl_typesupport_introspection_c.cpython-310-x86_64-linux-gnu.so\x1b[0m\n'}
[6.126499] (-) TimerEvent: {}
[6.226996] (-) TimerEvent: {}
[6.252929] (action_interfaces) StdoutLine: {'line': b'[100%] Built target action_interfaces__rosidl_typesupport_introspection_c__pyext\n'}
[6.253170] (action_interfaces) StdoutLine: {'line': b'[100%] Built target action_interfaces__rosidl_typesupport_c__pyext\n'}
[6.253469] (action_interfaces) StdoutLine: {'line': b'[100%] Built target action_interfaces__rosidl_typesupport_fastrtps_c__pyext\n'}
[6.275125] (action_interfaces) CommandEnded: {'returncode': 0}
[6.276615] (action_interfaces) JobProgress: {'identifier': 'action_interfaces', 'progress': 'install'}
[6.289956] (action_interfaces) Command: {'cmd': ['/usr/bin/cmake', '--install', '/home/ibrahim/RobotArmExpanded/build/action_interfaces'], 'cwd': '/home/ibrahim/RobotArmExpanded/build/action_interfaces', 'env': OrderedDict([('LESSOPEN', '| /usr/bin/lesspipe %s'), ('USER', 'ibrahim'), ('GIT_ASKPASS', '/home/ibrahim/.vscode-server/bin/0958016b2af9f09bb4257e0df4a95e2f90590f9f/extensions/git/dist/askpass.sh'), ('SHLVL', '1'), ('LD_LIBRARY_PATH', '/home/ibrahim/RobotArm/install/action_interfaces/lib:/home/ibrahim/RobotNav/install/action_interfaces/lib:/home/ibrahim/ros2_ws/install/action_interfaces/lib:/usr/lib/x86_64-linux-gnu/gazebo-11/plugins:/opt/ros/humble/opt/rviz_ogre_vendor/lib:/opt/ros/humble/lib/x86_64-linux-gnu:/opt/ros/humble/lib'), ('MOTD_SHOWN', 'update-motd'), ('HOME', '/home/ibrahim'), ('TERM_PROGRAM_VERSION', '1.120.0'), ('VSCODE_IPC_HOOK_CLI', '/run/user/1000/vscode-ipc-86cf5568-dc4d-4131-a31e-d5d2e4d6baba.sock'), ('ROS_PYTHON_VERSION', '3'), ('VSCODE_GIT_ASKPASS_MAIN', '/home/ibrahim/.vscode-server/bin/0958016b2af9f09bb4257e0df4a95e2f90590f9f/extensions/git/dist/askpass-main.js'), ('VSCODE_GIT_ASKPASS_NODE', '/home/ibrahim/.vscode-server/bin/0958016b2af9f09bb4257e0df4a95e2f90590f9f/node'), ('VSCODE_PYTHON_AUTOACTIVATE_GUARD', '1'), ('DBUS_SESSION_BUS_ADDRESS', 'unix:path=/run/user/1000/bus'), ('COLORTERM', 'truecolor'), ('WSL_DISTRO_NAME', 'Ubuntu-22.04'), ('WAYLAND_DISPLAY', 'wayland-0'), ('COLCON_PREFIX_PATH', '/home/ibrahim/RobotArm/install:/home/ibrahim/TF2Sample/install:/home/ibrahim/RobotNav/install:/home/ibrahim/RobotMonitor/install:/home/ibrahim/ros2_ws/install'), ('ROS_DISTRO', 'humble'), ('LOGNAME', 'ibrahim'), ('NAME', 'Ibrahim-laptop'), ('WSL_INTEROP', '/run/WSL/418_interop'), ('PULSE_SERVER', 'unix:/mnt/wslg/PulseServer'), ('_', '/usr/bin/colcon'), ('ROS_VERSION', '2'), ('CLAUDE_CODE_SSE_PORT', '14704'), ('TERM', 'xterm-256color'), ('ROS_LOCALHOST_ONLY', '0'), ('PATH', '/home/ibrahim/.vscode-server/data/User/globalStorage/github.copilot-chat/debugCommand:/home/ibrahim/.vscode-server/data/User/globalStorage/github.copilot-chat/copilotCli:/home/ibrahim/.vscode-server/bin/0958016b2af9f09bb4257e0df4a95e2f90590f9f/bin/remote-cli:/opt/ros/humble/bin:/usr/local/sbin:/usr/local/bin:/usr/sbin:/usr/bin:/sbin:/bin:/usr/games:/usr/local/games:/usr/lib/wsl/lib:/mnt/c/Users/zanto/AppData/Local/Programs/Microsoft VS Code:/mnt/c/Windows/system32:/mnt/c/Windows:/mnt/c/Windows/System32/Wbem:/mnt/c/Windows/System32/WindowsPowerShell/v1.0/:/mnt/c/Windows/System32/OpenSSH/:/mnt/c/Program Files (x86)/NVIDIA Corporation/PhysX/Common:/mnt/c/Program Files/NVIDIA Corporation/NVIDIA App/NvDLISR:/mnt/c/Program Files/dotnet/:/mnt/c/Program Files/nodejs/:/mnt/c/Program Files/Git/cmd:/mnt/c/Program Files/PostgreSQL/18/bin:/mnt/c/Users/zanto/.local/bin:/mnt/c/Program Files/Docker/Docker/resources/bin:/mnt/c/Program Files/GitHub CLI/:/mnt/c/Users/zanto/AppData/Local/Programs/Python/Python312/Scripts/:/mnt/c/Users/zanto/AppData/Local/Programs/Python/Python312/:/mnt/c/Users/zanto/AppData/Local/Programs/Python/Python314/Scripts/:/mnt/c/Users/zanto/AppData/Local/Programs/Python/Python314/:/mnt/c/Users/zanto/AppData/Local/Microsoft/WindowsApps:/mnt/c/Users/zanto/AppData/Local/Programs/Microsoft VS Code/bin:/mnt/c/Users/zanto/AppData/Local/Programs/Ollama:/mnt/c/Users/zanto/AppData/Roaming/npm:/mnt/c/msys64/ucrt64/bin:/snap/bin'), ('XDG_RUNTIME_DIR', '/run/user/1000/'), ('DISPLAY', ':0'), ('LANG', 'C.UTF-8'), ('LS_COLORS', 'rs=0:di=01;34:ln=01;36:mh=00:pi=40;33:so=01;35:do=01;35:bd=40;33;01:cd=40;33;01:or=40;31;01:mi=00:su=37;41:sg=30;43:ca=30;41:tw=30;42:ow=34;42:st=37;44:ex=01;32:*.tar=01;31:*.tgz=01;31:*.arc=01;31:*.arj=01;31:*.taz=01;31:*.lha=01;31:*.lz4=01;31:*.lzh=01;31:*.lzma=01;31:*.tlz=01;31:*.txz=01;31:*.tzo=01;31:*.t7z=01;31:*.zip=01;31:*.z=01;31:*.dz=01;31:*.gz=01;31:*.lrz=01;31:*.lz=01;31:*.lzo=01;31:*.xz=01;31:*.zst=01;31:*.tzst=01;31:*.bz2=01;31:*.bz=01;31:*.tbz=01;31:*.tbz2=01;31:*.tz=01;31:*.deb=01;31:*.rpm=01;31:*.jar=01;31:*.war=01;31:*.ear=01;31:*.sar=01;31:*.rar=01;31:*.alz=01;31:*.ace=01;31:*.zoo=01;31:*.cpio=01;31:*.7z=01;31:*.rz=01;31:*.cab=01;31:*.wim=01;31:*.swm=01;31:*.dwm=01;31:*.esd=01;31:*.jpg=01;35:*.jpeg=01;35:*.mjpg=01;35:*.mjpeg=01;35:*.gif=01;35:*.bmp=01;35:*.pbm=01;35:*.pgm=01;35:*.ppm=01;35:*.tga=01;35:*.xbm=01;35:*.xpm=01;35:*.tif=01;35:*.tiff=01;35:*.png=01;35:*.svg=01;35:*.svgz=01;35:*.mng=01;35:*.pcx=01;35:*.mov=01;35:*.mpg=01;35:*.mpeg=01;35:*.m2v=01;35:*.mkv=01;35:*.webm=01;35:*.webp=01;35:*.ogm=01;35:*.mp4=01;35:*.m4v=01;35:*.mp4v=01;35:*.vob=01;35:*.qt=01;35:*.nuv=01;35:*.wmv=01;35:*.asf=01;35:*.rm=01;35:*.rmvb=01;35:*.flc=01;35:*.avi=01;35:*.fli=01;35:*.flv=01;35:*.gl=01;35:*.dl=01;35:*.xcf=01;35:*.xwd=01;35:*.yuv=01;35:*.cgm=01;35:*.emf=01;35:*.ogv=01;35:*.ogx=01;35:*.aac=00;36:*.au=00;36:*.flac=00;36:*.m4a=00;36:*.mid=00;36:*.midi=00;36:*.mka=00;36:*.mp3=00;36:*.mpc=00;36:*.ogg=00;36:*.ra=00;36:*.wav=00;36:*.oga=00;36:*.opus=00;36:*.spx=00;36:*.xspf=00;36:'), ('VSCODE_GIT_IPC_HANDLE', '/run/user/1000/vscode-git-fffe7d841c.sock'), ('TERM_PROGRAM', 'vscode'), ('ROS_DOMAIN_ID', '10'), ('AMENT_PREFIX_PATH', '/home/ibrahim/RobotArm/install/main_arm_package:/home/ibrahim/RobotArm/install/action_interfaces:/home/ibrahim/TF2Sample/install/tf2sim:/home/ibrahim/RobotNav/install/main_robot_nodes:/home/ibrahim/RobotNav/install/action_interfaces:/home/ibrahim/RobotMonitor/install/Robot3Node_Package:/home/ibrahim/ros2_ws/install/my_first_package:/home/ibrahim/ros2_ws/install/action_interfaces:/opt/ros/humble'), ('SHELL', '/bin/bash'), ('LESSCLOSE', '/usr/bin/lesspipe %s %s'), ('VSCODE_GIT_ASKPASS_EXTRA_ARGS', ''), ('PWD', '/home/ibrahim/RobotArmExpanded/build/action_interfaces'), ('XDG_DATA_DIRS', '/usr/local/share:/usr/share:/var/lib/snapd/desktop'), ('PYTHONPATH', '/home/ibrahim/RobotArm/install/action_interfaces/local/lib/python3.10/dist-packages:/home/ibrahim/RobotNav/install/action_interfaces/local/lib/python3.10/dist-packages:/home/ibrahim/ros2_ws/install/action_interfaces/local/lib/python3.10/dist-packages:/opt/ros/humble/lib/python3.10/site-packages:/opt/ros/humble/local/lib/python3.10/dist-packages'), ('COLCON', '1'), ('WSL2_GUI_APPS_ENABLED', '1'), ('HOSTTYPE', 'x86_64'), ('CMAKE_PREFIX_PATH', '/home/ibrahim/RobotArm/install/main_arm_package:/home/ibrahim/RobotArm/install/action_interfaces:/home/ibrahim/TF2Sample/install/tf2sim:/home/ibrahim/RobotNav/install/main_robot_nodes:/home/ibrahim/RobotNav/install/action_interfaces:/home/ibrahim/RobotMonitor/install/Robot3Node_Package:/home/ibrahim/ros2_ws/install/my_first_package:/home/ibrahim/ros2_ws/install/action_interfaces:/opt/ros/humble'), ('WSLENV', 'VSCODE_WSL_EXT_LOCATION/up')]), 'shell': False}
[6.301440] (action_interfaces) StdoutLine: {'line': b'-- Install configuration: ""\n'}
[6.301790] (action_interfaces) StdoutLine: {'line': b'-- Up-to-date: /home/ibrahim/RobotArmExpanded/install/action_interfaces/share/ament_index/resource_index/rosidl_interfaces/action_interfaces\n'}
[6.301950] (action_interfaces) StdoutLine: {'line': b'-- Up-to-date: /home/ibrahim/RobotArmExpanded/install/action_interfaces/include/action_interfaces/action_interfaces\n'}
[6.302020] (action_interfaces) StdoutLine: {'line': b'-- Up-to-date: /home/ibrahim/RobotArmExpanded/install/action_interfaces/include/action_interfaces/action_interfaces/srv\n'}
[6.302107] (action_interfaces) StdoutLine: {'line': b'-- Up-to-date: /home/ibrahim/RobotArmExpanded/install/action_interfaces/include/action_interfaces/action_interfaces/srv/detail\n'}
[6.302199] (action_interfaces) StdoutLine: {'line': b'-- Installing: /home/ibrahim/RobotArmExpanded/install/action_interfaces/include/action_interfaces/action_interfaces/srv/detail/check_limits__type_support.h\n'}
[6.302410] (action_interfaces) StdoutLine: {'line': b'-- Installing: /home/ibrahim/RobotArmExpanded/install/action_interfaces/include/action_interfaces/action_interfaces/srv/detail/check_limits__functions.c\n'}
[6.302688] (action_interfaces) StdoutLine: {'line': b'-- Installing: /home/ibrahim/RobotArmExpanded/install/action_interfaces/include/action_interfaces/action_interfaces/srv/detail/check_limits__struct.h\n'}
[6.303024] (action_interfaces) StdoutLine: {'line': b'-- Installing: /home/ibrahim/RobotArmExpanded/install/action_interfaces/include/action_interfaces/action_interfaces/srv/detail/check_limits__functions.h\n'}
[6.303397] (action_interfaces) StdoutLine: {'line': b'-- Installing: /home/ibrahim/RobotArmExpanded/install/action_interfaces/include/action_interfaces/action_interfaces/srv/check_limits.h\n'}
[6.303779] (action_interfaces) StdoutLine: {'line': b'-- Up-to-date: /home/ibrahim/RobotArmExpanded/install/action_interfaces/include/action_interfaces/action_interfaces/msg\n'}
[6.304053] (action_interfaces) StdoutLine: {'line': b'-- Up-to-date: /home/ibrahim/RobotArmExpanded/install/action_interfaces/include/action_interfaces/action_interfaces/msg/rosidl_generator_c__visibility_control.h\n'}
[6.304153] (action_interfaces) StdoutLine: {'line': b'-- Installing: /home/ibrahim/RobotArmExpanded/install/action_interfaces/include/action_interfaces/action_interfaces/msg/arm_command.h\n'}
[6.304403] (action_interfaces) StdoutLine: {'line': b'-- Up-to-date: /home/ibrahim/RobotArmExpanded/install/action_interfaces/include/action_interfaces/action_interfaces/msg/detail\n'}
[6.304484] (action_interfaces) StdoutLine: {'line': b'-- Installing: /home/ibrahim/RobotArmExpanded/install/action_interfaces/include/action_interfaces/action_interfaces/msg/detail/arm_state__functions.c\n'}
[6.304758] (action_interfaces) StdoutLine: {'line': b'-- Installing: /home/ibrahim/RobotArmExpanded/install/action_interfaces/include/action_interfaces/action_interfaces/msg/detail/arm_state__type_support.h\n'}
[6.305090] (action_interfaces) StdoutLine: {'line': b'-- Installing: /home/ibrahim/RobotArmExpanded/install/action_interfaces/include/action_interfaces/action_interfaces/msg/detail/arm_state__struct.h\n'}
[6.305502] (action_interfaces) StdoutLine: {'line': b'-- Installing: /home/ibrahim/RobotArmExpanded/install/action_interfaces/include/action_interfaces/action_interfaces/msg/detail/arm_command__functions.c\n'}
[6.305992] (action_interfaces) StdoutLine: {'line': b'-- Installing: /home/ibrahim/RobotArmExpanded/install/action_interfaces/include/action_interfaces/action_interfaces/msg/detail/arm_state__functions.h\n'}
[6.306410] (action_interfaces) StdoutLine: {'line': b'-- Installing: /home/ibrahim/RobotArmExpanded/install/action_interfaces/include/action_interfaces/action_interfaces/msg/detail/arm_command__struct.h\n'}
[6.306709] (action_interfaces) StdoutLine: {'line': b'-- Installing: /home/ibrahim/RobotArmExpanded/install/action_interfaces/include/action_interfaces/action_interfaces/msg/detail/arm_command__functions.h\n'}
[6.307117] (action_interfaces) StdoutLine: {'line': b'-- Installing: /home/ibrahim/RobotArmExpanded/install/action_interfaces/include/action_interfaces/action_interfaces/msg/detail/arm_command__type_support.h\n'}
[6.307612] (action_interfaces) StdoutLine: {'line': b'-- Installing: /home/ibrahim/RobotArmExpanded/install/action_interfaces/include/action_interfaces/action_interfaces/msg/arm_state.h\n'}
[6.308177] (action_interfaces) StdoutLine: {'line': b'-- Up-to-date: /home/ibrahim/RobotArmExpanded/install/action_interfaces/include/action_interfaces/action_interfaces/action\n'}
[6.308506] (action_interfaces) StdoutLine: {'line': b'-- Up-to-date: /home/ibrahim/RobotArmExpanded/install/action_interfaces/include/action_interfaces/action_interfaces/action/detail\n'}
[6.308676] (action_interfaces) StdoutLine: {'line': b'-- Installing: /home/ibrahim/RobotArmExpanded/install/action_interfaces/include/action_interfaces/action_interfaces/action/detail/move_arm__functions.c\n'}
[6.309209] (action_interfaces) StdoutLine: {'line': b'-- Installing: /home/ibrahim/RobotArmExpanded/install/action_interfaces/include/action_interfaces/action_interfaces/action/detail/move_arm__functions.h\n'}
[6.310026] (action_interfaces) StdoutLine: {'line': b'-- Installing: /home/ibrahim/RobotArmExpanded/install/action_interfaces/include/action_interfaces/action_interfaces/action/detail/move_arm__type_support.h\n'}
[6.310353] (action_interfaces) StdoutLine: {'line': b'-- Installing: /home/ibrahim/RobotArmExpanded/install/action_interfaces/include/action_interfaces/action_interfaces/action/detail/move_arm__struct.h\n'}
[6.310766] (action_interfaces) StdoutLine: {'line': b'-- Installing: /home/ibrahim/RobotArmExpanded/install/action_interfaces/include/action_interfaces/action_interfaces/action/move_arm.h\n'}
[6.311191] (action_interfaces) StdoutLine: {'line': b'-- Up-to-date: /home/ibrahim/RobotArmExpanded/install/action_interfaces/share/action_interfaces/environment/library_path.sh\n'}
[6.311472] (action_interfaces) StdoutLine: {'line': b'-- Installing: /home/ibrahim/RobotArmExpanded/install/action_interfaces/share/action_interfaces/environment/library_path.dsv\n'}
[6.313015] (action_interfaces) StdoutLine: {'line': b'-- Installing: /home/ibrahim/RobotArmExpanded/install/action_interfaces/lib/libaction_interfaces__rosidl_generator_c.so\n'}
[6.313864] (action_interfaces) StdoutLine: {'line': b'-- Set runtime path of "/home/ibrahim/RobotArmExpanded/install/action_interfaces/lib/libaction_interfaces__rosidl_generator_c.so" to ""\n'}
[6.314028] (action_interfaces) StdoutLine: {'line': b'-- Up-to-date: /home/ibrahim/RobotArmExpanded/install/action_interfaces/include/action_interfaces/action_interfaces\n'}
[6.314295] (action_interfaces) StdoutLine: {'line': b'-- Up-to-date: /home/ibrahim/RobotArmExpanded/install/action_interfaces/include/action_interfaces/action_interfaces/srv\n'}
[6.314368] (action_interfaces) StdoutLine: {'line': b'-- Up-to-date: /home/ibrahim/RobotArmExpanded/install/action_interfaces/include/action_interfaces/action_interfaces/srv/detail\n'}
[6.314471] (action_interfaces) StdoutLine: {'line': b'-- Installing: /home/ibrahim/RobotArmExpanded/install/action_interfaces/include/action_interfaces/action_interfaces/srv/detail/check_limits__rosidl_typesupport_fastrtps_c.h\n'}
[6.314683] (action_interfaces) StdoutLine: {'line': b'-- Up-to-date: /home/ibrahim/RobotArmExpanded/install/action_interfaces/include/action_interfaces/action_interfaces/msg\n'}
[6.314889] (action_interfaces) StdoutLine: {'line': b'-- Up-to-date: /home/ibrahim/RobotArmExpanded/install/action_interfaces/include/action_interfaces/action_interfaces/msg/rosidl_typesupport_fastrtps_c__visibility_control.h\n'}
[6.314977] (action_interfaces) StdoutLine: {'line': b'-- Up-to-date: /home/ibrahim/RobotArmExpanded/install/action_interfaces/include/action_interfaces/action_interfaces/msg/detail\n'}
[6.315044] (action_interfaces) StdoutLine: {'line': b'-- Installing: /home/ibrahim/RobotArmExpanded/install/action_interfaces/include/action_interfaces/action_interfaces/msg/detail/arm_command__rosidl_typesupport_fastrtps_c.h\n'}
[6.315226] (action_interfaces) StdoutLine: {'line': b'-- Installing: /home/ibrahim/RobotArmExpanded/install/action_interfaces/include/action_interfaces/action_interfaces/msg/detail/arm_state__rosidl_typesupport_fastrtps_c.h\n'}
[6.315497] (action_interfaces) StdoutLine: {'line': b'-- Up-to-date: /home/ibrahim/RobotArmExpanded/install/action_interfaces/include/action_interfaces/action_interfaces/action\n'}
[6.315700] (action_interfaces) StdoutLine: {'line': b'-- Up-to-date: /home/ibrahim/RobotArmExpanded/install/action_interfaces/include/action_interfaces/action_interfaces/action/detail\n'}
[6.315878] (action_interfaces) StdoutLine: {'line': b'-- Installing: /home/ibrahim/RobotArmExpanded/install/action_interfaces/include/action_interfaces/action_interfaces/action/detail/move_arm__rosidl_typesupport_fastrtps_c.h\n'}
[6.317337] (action_interfaces) StdoutLine: {'line': b'-- Installing: /home/ibrahim/RobotArmExpanded/install/action_interfaces/lib/libaction_interfaces__rosidl_typesupport_fastrtps_c.so\n'}
[6.318313] (action_interfaces) StdoutLine: {'line': b'-- Set runtime path of "/home/ibrahim/RobotArmExpanded/install/action_interfaces/lib/libaction_interfaces__rosidl_typesupport_fastrtps_c.so" to ""\n'}
[6.318586] (action_interfaces) StdoutLine: {'line': b'-- Up-to-date: /home/ibrahim/RobotArmExpanded/install/action_interfaces/include/action_interfaces/action_interfaces\n'}
[6.318885] (action_interfaces) StdoutLine: {'line': b'-- Up-to-date: /home/ibrahim/RobotArmExpanded/install/action_interfaces/include/action_interfaces/action_interfaces/srv\n'}
[6.318966] (action_interfaces) StdoutLine: {'line': b'-- Up-to-date: /home/ibrahim/RobotArmExpanded/install/action_interfaces/include/action_interfaces/action_interfaces/srv/detail\n'}
[6.319187] (action_interfaces) StdoutLine: {'line': b'-- Installing: /home/ibrahim/RobotArmExpanded/install/action_interfaces/include/action_interfaces/action_interfaces/srv/detail/check_limits__type_support.c\n'}
[6.319350] (action_interfaces) StdoutLine: {'line': b'-- Installing: /home/ibrahim/RobotArmExpanded/install/action_interfaces/include/action_interfaces/action_interfaces/srv/detail/check_limits__rosidl_typesupport_introspection_c.h\n'}
[6.319559] (action_interfaces) StdoutLine: {'line': b'-- Up-to-date: /home/ibrahim/RobotArmExpanded/install/action_interfaces/include/action_interfaces/action_interfaces/msg\n'}
[6.319788] (action_interfaces) StdoutLine: {'line': b'-- Up-to-date: /home/ibrahim/RobotArmExpanded/install/action_interfaces/include/action_interfaces/action_interfaces/msg/detail\n'}
[6.319867] (action_interfaces) StdoutLine: {'line': b'-- Installing: /home/ibrahim/RobotArmExpanded/install/action_interfaces/include/action_interfaces/action_interfaces/msg/detail/arm_command__rosidl_typesupport_introspection_c.h\n'}
[6.320028] (action_interfaces) StdoutLine: {'line': b'-- Installing: /home/ibrahim/RobotArmExpanded/install/action_interfaces/include/action_interfaces/action_interfaces/msg/detail/arm_command__type_support.c\n'}
[6.320347] (action_interfaces) StdoutLine: {'line': b'-- Installing: /home/ibrahim/RobotArmExpanded/install/action_interfaces/include/action_interfaces/action_interfaces/msg/detail/arm_state__rosidl_typesupport_introspection_c.h\n'}
[6.320720] (action_interfaces) StdoutLine: {'line': b'-- Installing: /home/ibrahim/RobotArmExpanded/install/action_interfaces/include/action_interfaces/action_interfaces/msg/detail/arm_state__type_support.c\n'}
[6.321107] (action_interfaces) StdoutLine: {'line': b'-- Up-to-date: /home/ibrahim/RobotArmExpanded/install/action_interfaces/include/action_interfaces/action_interfaces/msg/rosidl_typesupport_introspection_c__visibility_control.h\n'}
[6.321224] (action_interfaces) StdoutLine: {'line': b'-- Up-to-date: /home/ibrahim/RobotArmExpanded/install/action_interfaces/include/action_interfaces/action_interfaces/action\n'}
[6.321629] (action_interfaces) StdoutLine: {'line': b'-- Up-to-date: /home/ibrahim/RobotArmExpanded/install/action_interfaces/include/action_interfaces/action_interfaces/action/detail\n'}
[6.321762] (action_interfaces) StdoutLine: {'line': b'-- Installing: /home/ibrahim/RobotArmExpanded/install/action_interfaces/include/action_interfaces/action_interfaces/action/detail/move_arm__type_support.c\n'}
[6.322069] (action_interfaces) StdoutLine: {'line': b'-- Installing: /home/ibrahim/RobotArmExpanded/install/action_interfaces/include/action_interfaces/action_interfaces/action/detail/move_arm__rosidl_typesupport_introspection_c.h\n'}
[6.323660] (action_interfaces) StdoutLine: {'line': b'-- Installing: /home/ibrahim/RobotArmExpanded/install/action_interfaces/lib/libaction_interfaces__rosidl_typesupport_introspection_c.so\n'}
[6.324887] (action_interfaces) StdoutLine: {'line': b'-- Set runtime path of "/home/ibrahim/RobotArmExpanded/install/action_interfaces/lib/libaction_interfaces__rosidl_typesupport_introspection_c.so" to ""\n'}
[6.326185] (action_interfaces) StdoutLine: {'line': b'-- Installing: /home/ibrahim/RobotArmExpanded/install/action_interfaces/lib/libaction_interfaces__rosidl_typesupport_c.so\n'}
[6.326974] (action_interfaces) StdoutLine: {'line': b'-- Set runtime path of "/home/ibrahim/RobotArmExpanded/install/action_interfaces/lib/libaction_interfaces__rosidl_typesupport_c.so" to ""\n'}
[6.327260] (-) TimerEvent: {}
[6.327556] (action_interfaces) StdoutLine: {'line': b'-- Up-to-date: /home/ibrahim/RobotArmExpanded/install/action_interfaces/include/action_interfaces/action_interfaces\n'}
[6.327740] (action_interfaces) StdoutLine: {'line': b'-- Up-to-date: /home/ibrahim/RobotArmExpanded/install/action_interfaces/include/action_interfaces/action_interfaces/srv\n'}
[6.327799] (action_interfaces) StdoutLine: {'line': b'-- Up-to-date: /home/ibrahim/RobotArmExpanded/install/action_interfaces/include/action_interfaces/action_interfaces/srv/detail\n'}
[6.327980] (action_interfaces) StdoutLine: {'line': b'-- Installing: /home/ibrahim/RobotArmExpanded/install/action_interfaces/include/action_interfaces/action_interfaces/srv/detail/check_limits__type_support.hpp\n'}
[6.328097] (action_interfaces) StdoutLine: {'line': b'-- Installing: /home/ibrahim/RobotArmExpanded/install/action_interfaces/include/action_interfaces/action_interfaces/srv/detail/check_limits__struct.hpp\n'}
[6.328387] (action_interfaces) StdoutLine: {'line': b'-- Installing: /home/ibrahim/RobotArmExpanded/install/action_interfaces/include/action_interfaces/action_interfaces/srv/detail/check_limits__traits.hpp\n'}
[6.328691] (action_interfaces) StdoutLine: {'line': b'-- Installing: /home/ibrahim/RobotArmExpanded/install/action_interfaces/include/action_interfaces/action_interfaces/srv/detail/check_limits__builder.hpp\n'}
[6.329082] (action_interfaces) StdoutLine: {'line': b'-- Installing: /home/ibrahim/RobotArmExpanded/install/action_interfaces/include/action_interfaces/action_interfaces/srv/check_limits.hpp\n'}
[6.329480] (action_interfaces) StdoutLine: {'line': b'-- Up-to-date: /home/ibrahim/RobotArmExpanded/install/action_interfaces/include/action_interfaces/action_interfaces/msg\n'}
[6.329782] (action_interfaces) StdoutLine: {'line': b'-- Installing: /home/ibrahim/RobotArmExpanded/install/action_interfaces/include/action_interfaces/action_interfaces/msg/arm_command.hpp\n'}
[6.330117] (action_interfaces) StdoutLine: {'line': b'-- Installing: /home/ibrahim/RobotArmExpanded/install/action_interfaces/include/action_interfaces/action_interfaces/msg/arm_state.hpp\n'}
[6.330461] (action_interfaces) StdoutLine: {'line': b'-- Up-to-date: /home/ibrahim/RobotArmExpanded/install/action_interfaces/include/action_interfaces/action_interfaces/msg/detail\n'}
[6.330705] (action_interfaces) StdoutLine: {'line': b'-- Installing: /home/ibrahim/RobotArmExpanded/install/action_interfaces/include/action_interfaces/action_interfaces/msg/detail/arm_command__struct.hpp\n'}
[6.330901] (action_interfaces) StdoutLine: {'line': b'-- Installing: /home/ibrahim/RobotArmExpanded/install/action_interfaces/include/action_interfaces/action_interfaces/msg/detail/arm_command__type_support.hpp\n'}
[6.331221] (action_interfaces) StdoutLine: {'line': b'-- Installing: /home/ibrahim/RobotArmExpanded/install/action_interfaces/include/action_interfaces/action_interfaces/msg/detail/arm_state__struct.hpp\n'}
[6.331567] (action_interfaces) StdoutLine: {'line': b'-- Installing: /home/ibrahim/RobotArmExpanded/install/action_interfaces/include/action_interfaces/action_interfaces/msg/detail/arm_command__traits.hpp\n'}
[6.331907] (action_interfaces) StdoutLine: {'line': b'-- Installing: /home/ibrahim/RobotArmExpanded/install/action_interfaces/include/action_interfaces/action_interfaces/msg/detail/arm_state__builder.hpp\n'}
[6.332476] (action_interfaces) StdoutLine: {'line': b'-- Installing: /home/ibrahim/RobotArmExpanded/install/action_interfaces/include/action_interfaces/action_interfaces/msg/detail/arm_state__type_support.hpp\n'}
[6.332812] (action_interfaces) StdoutLine: {'line': b'-- Installing: /home/ibrahim/RobotArmExpanded/install/action_interfaces/include/action_interfaces/action_interfaces/msg/detail/arm_command__builder.hpp\n'}
[6.333281] (action_interfaces) StdoutLine: {'line': b'-- Installing: /home/ibrahim/RobotArmExpanded/install/action_interfaces/include/action_interfaces/action_interfaces/msg/detail/arm_state__traits.hpp\n'}
[6.334718] (action_interfaces) StdoutLine: {'line': b'-- Up-to-date: /home/ibrahim/RobotArmExpanded/install/action_interfaces/include/action_interfaces/action_interfaces/msg/rosidl_generator_cpp__visibility_control.hpp\n'}
[6.335070] (action_interfaces) StdoutLine: {'line': b'-- Up-to-date: /home/ibrahim/RobotArmExpanded/install/action_interfaces/include/action_interfaces/action_interfaces/action\n'}
[6.335176] (action_interfaces) StdoutLine: {'line': b'-- Up-to-date: /home/ibrahim/RobotArmExpanded/install/action_interfaces/include/action_interfaces/action_interfaces/action/detail\n'}
[6.335268] (action_interfaces) StdoutLine: {'line': b'-- Installing: /home/ibrahim/RobotArmExpanded/install/action_interfaces/include/action_interfaces/action_interfaces/action/detail/move_arm__type_support.hpp\n'}
[6.335655] (action_interfaces) StdoutLine: {'line': b'-- Installing: /home/ibrahim/RobotArmExpanded/install/action_interfaces/include/action_interfaces/action_interfaces/action/detail/move_arm__struct.hpp\n'}
[6.336333] (action_interfaces) StdoutLine: {'line': b'-- Installing: /home/ibrahim/RobotArmExpanded/install/action_interfaces/include/action_interfaces/action_interfaces/action/detail/move_arm__traits.hpp\n'}
[6.336789] (action_interfaces) StdoutLine: {'line': b'-- Installing: /home/ibrahim/RobotArmExpanded/install/action_interfaces/include/action_interfaces/action_interfaces/action/detail/move_arm__builder.hpp\n'}
[6.337065] (action_interfaces) StdoutLine: {'line': b'-- Installing: /home/ibrahim/RobotArmExpanded/install/action_interfaces/include/action_interfaces/action_interfaces/action/move_arm.hpp\n'}
[6.337498] (action_interfaces) StdoutLine: {'line': b'-- Up-to-date: /home/ibrahim/RobotArmExpanded/install/action_interfaces/include/action_interfaces/action_interfaces\n'}
[6.337703] (action_interfaces) StdoutLine: {'line': b'-- Up-to-date: /home/ibrahim/RobotArmExpanded/install/action_interfaces/include/action_interfaces/action_interfaces/srv\n'}
[6.337835] (action_interfaces) StdoutLine: {'line': b'-- Up-to-date: /home/ibrahim/RobotArmExpanded/install/action_interfaces/include/action_interfaces/action_interfaces/srv/detail\n'}
[6.338112] (action_interfaces) StdoutLine: {'line': b'-- Up-to-date: /home/ibrahim/RobotArmExpanded/install/action_interfaces/include/action_interfaces/action_interfaces/srv/detail/dds_fastrtps\n'}
[6.338196] (action_interfaces) StdoutLine: {'line': b'-- Installing: /home/ibrahim/RobotArmExpanded/install/action_interfaces/include/action_interfaces/action_interfaces/srv/detail/check_limits__rosidl_typesupport_fastrtps_cpp.hpp\n'}
[6.338590] (action_interfaces) StdoutLine: {'line': b'-- Up-to-date: /home/ibrahim/RobotArmExpanded/install/action_interfaces/include/action_interfaces/action_interfaces/msg\n'}
[6.338968] (action_interfaces) StdoutLine: {'line': b'-- Up-to-date: /home/ibrahim/RobotArmExpanded/install/action_interfaces/include/action_interfaces/action_interfaces/msg/rosidl_typesupport_fastrtps_cpp__visibility_control.h\n'}
[6.339251] (action_interfaces) StdoutLine: {'line': b'-- Up-to-date: /home/ibrahim/RobotArmExpanded/install/action_interfaces/include/action_interfaces/action_interfaces/msg/detail\n'}
[6.339435] (action_interfaces) StdoutLine: {'line': b'-- Installing: /home/ibrahim/RobotArmExpanded/install/action_interfaces/include/action_interfaces/action_interfaces/msg/detail/arm_state__rosidl_typesupport_fastrtps_cpp.hpp\n'}
[6.339719] (action_interfaces) StdoutLine: {'line': b'-- Installing: /home/ibrahim/RobotArmExpanded/install/action_interfaces/include/action_interfaces/action_interfaces/msg/detail/arm_command__rosidl_typesupport_fastrtps_cpp.hpp\n'}
[6.340010] (action_interfaces) StdoutLine: {'line': b'-- Up-to-date: /home/ibrahim/RobotArmExpanded/install/action_interfaces/include/action_interfaces/action_interfaces/msg/detail/dds_fastrtps\n'}
[6.340234] (action_interfaces) StdoutLine: {'line': b'-- Up-to-date: /home/ibrahim/RobotArmExpanded/install/action_interfaces/include/action_interfaces/action_interfaces/action\n'}
[6.340486] (action_interfaces) StdoutLine: {'line': b'-- Up-to-date: /home/ibrahim/RobotArmExpanded/install/action_interfaces/include/action_interfaces/action_interfaces/action/detail\n'}
[6.340696] (action_interfaces) StdoutLine: {'line': b'-- Installing: /home/ibrahim/RobotArmExpanded/install/action_interfaces/include/action_interfaces/action_interfaces/action/detail/move_arm__rosidl_typesupport_fastrtps_cpp.hpp\n'}
[6.340953] (action_interfaces) StdoutLine: {'line': b'-- Up-to-date: /home/ibrahim/RobotArmExpanded/install/action_interfaces/include/action_interfaces/action_interfaces/action/detail/dds_fastrtps\n'}
[6.342203] (action_interfaces) StdoutLine: {'line': b'-- Installing: /home/ibrahim/RobotArmExpanded/install/action_interfaces/lib/libaction_interfaces__rosidl_typesupport_fastrtps_cpp.so\n'}
[6.343824] (action_interfaces) StdoutLine: {'line': b'-- Set runtime path of "/home/ibrahim/RobotArmExpanded/install/action_interfaces/lib/libaction_interfaces__rosidl_typesupport_fastrtps_cpp.so" to ""\n'}
[6.344119] (action_interfaces) StdoutLine: {'line': b'-- Up-to-date: /home/ibrahim/RobotArmExpanded/install/action_interfaces/include/action_interfaces/action_interfaces\n'}
[6.344316] (action_interfaces) StdoutLine: {'line': b'-- Up-to-date: /home/ibrahim/RobotArmExpanded/install/action_interfaces/include/action_interfaces/action_interfaces/srv\n'}
[6.344531] (action_interfaces) StdoutLine: {'line': b'-- Up-to-date: /home/ibrahim/RobotArmExpanded/install/action_interfaces/include/action_interfaces/action_interfaces/srv/detail\n'}
[6.344600] (action_interfaces) StdoutLine: {'line': b'-- Installing: /home/ibrahim/RobotArmExpanded/install/action_interfaces/include/action_interfaces/action_interfaces/srv/detail/check_limits__rosidl_typesupport_introspection_cpp.hpp\n'}
[6.344922] (action_interfaces) StdoutLine: {'line': b'-- Installing: /home/ibrahim/RobotArmExpanded/install/action_interfaces/include/action_interfaces/action_interfaces/srv/detail/check_limits__type_support.cpp\n'}
[6.345313] (action_interfaces) StdoutLine: {'line': b'-- Up-to-date: /home/ibrahim/RobotArmExpanded/install/action_interfaces/include/action_interfaces/action_interfaces/msg\n'}
[6.345661] (action_interfaces) StdoutLine: {'line': b'-- Up-to-date: /home/ibrahim/RobotArmExpanded/install/action_interfaces/include/action_interfaces/action_interfaces/msg/detail\n'}
[6.346006] (action_interfaces) StdoutLine: {'line': b'-- Installing: /home/ibrahim/RobotArmExpanded/install/action_interfaces/include/action_interfaces/action_interfaces/msg/detail/arm_state__type_support.cpp\n'}
[6.346467] (action_interfaces) StdoutLine: {'line': b'-- Installing: /home/ibrahim/RobotArmExpanded/install/action_interfaces/include/action_interfaces/action_interfaces/msg/detail/arm_command__rosidl_typesupport_introspection_cpp.hpp\n'}
[6.347122] (action_interfaces) StdoutLine: {'line': b'-- Installing: /home/ibrahim/RobotArmExpanded/install/action_interfaces/include/action_interfaces/action_interfaces/msg/detail/arm_state__rosidl_typesupport_introspection_cpp.hpp\n'}
[6.347437] (action_interfaces) StdoutLine: {'line': b'-- Installing: /home/ibrahim/RobotArmExpanded/install/action_interfaces/include/action_interfaces/action_interfaces/msg/detail/arm_command__type_support.cpp\n'}
[6.347848] (action_interfaces) StdoutLine: {'line': b'-- Up-to-date: /home/ibrahim/RobotArmExpanded/install/action_interfaces/include/action_interfaces/action_interfaces/action\n'}
[6.348042] (action_interfaces) StdoutLine: {'line': b'-- Up-to-date: /home/ibrahim/RobotArmExpanded/install/action_interfaces/include/action_interfaces/action_interfaces/action/detail\n'}
[6.348097] (action_interfaces) StdoutLine: {'line': b'-- Installing: /home/ibrahim/RobotArmExpanded/install/action_interfaces/include/action_interfaces/action_interfaces/action/detail/move_arm__rosidl_typesupport_introspection_cpp.hpp\n'}
[6.348301] (action_interfaces) StdoutLine: {'line': b'-- Installing: /home/ibrahim/RobotArmExpanded/install/action_interfaces/include/action_interfaces/action_interfaces/action/detail/move_arm__type_support.cpp\n'}
[6.350194] (action_interfaces) StdoutLine: {'line': b'-- Installing: /home/ibrahim/RobotArmExpanded/install/action_interfaces/lib/libaction_interfaces__rosidl_typesupport_introspection_cpp.so\n'}
[6.351157] (action_interfaces) StdoutLine: {'line': b'-- Set runtime path of "/home/ibrahim/RobotArmExpanded/install/action_interfaces/lib/libaction_interfaces__rosidl_typesupport_introspection_cpp.so" to ""\n'}
[6.352454] (action_interfaces) StdoutLine: {'line': b'-- Installing: /home/ibrahim/RobotArmExpanded/install/action_interfaces/lib/libaction_interfaces__rosidl_typesupport_cpp.so\n'}
[6.353119] (action_interfaces) StdoutLine: {'line': b'-- Set runtime path of "/home/ibrahim/RobotArmExpanded/install/action_interfaces/lib/libaction_interfaces__rosidl_typesupport_cpp.so" to ""\n'}
[6.353405] (action_interfaces) StdoutLine: {'line': b'-- Up-to-date: /home/ibrahim/RobotArmExpanded/install/action_interfaces/share/action_interfaces/environment/pythonpath.sh\n'}
[6.353650] (action_interfaces) StdoutLine: {'line': b'-- Installing: /home/ibrahim/RobotArmExpanded/install/action_interfaces/share/action_interfaces/environment/pythonpath.dsv\n'}
[6.353867] (action_interfaces) StdoutLine: {'line': b'-- Up-to-date: /home/ibrahim/RobotArmExpanded/install/action_interfaces/local/lib/python3.10/dist-packages/action_interfaces-0.0.0-py3.10.egg-info\n'}
[6.353922] (action_interfaces) StdoutLine: {'line': b'-- Installing: /home/ibrahim/RobotArmExpanded/install/action_interfaces/local/lib/python3.10/dist-packages/action_interfaces-0.0.0-py3.10.egg-info/top_level.txt\n'}
[6.354175] (action_interfaces) StdoutLine: {'line': b'-- Installing: /home/ibrahim/RobotArmExpanded/install/action_interfaces/local/lib/python3.10/dist-packages/action_interfaces-0.0.0-py3.10.egg-info/PKG-INFO\n'}
[6.354524] (action_interfaces) StdoutLine: {'line': b'-- Installing: /home/ibrahim/RobotArmExpanded/install/action_interfaces/local/lib/python3.10/dist-packages/action_interfaces-0.0.0-py3.10.egg-info/dependency_links.txt\n'}
[6.354826] (action_interfaces) StdoutLine: {'line': b'-- Installing: /home/ibrahim/RobotArmExpanded/install/action_interfaces/local/lib/python3.10/dist-packages/action_interfaces-0.0.0-py3.10.egg-info/SOURCES.txt\n'}
[6.355188] (action_interfaces) StdoutLine: {'line': b'-- Up-to-date: /home/ibrahim/RobotArmExpanded/install/action_interfaces/local/lib/python3.10/dist-packages/action_interfaces\n'}
[6.355349] (action_interfaces) StdoutLine: {'line': b'-- Installing: /home/ibrahim/RobotArmExpanded/install/action_interfaces/local/lib/python3.10/dist-packages/action_interfaces/_action_interfaces_s.ep.rosidl_typesupport_introspection_c.c\n'}
[6.355965] (action_interfaces) StdoutLine: {'line': b'-- Installing: /home/ibrahim/RobotArmExpanded/install/action_interfaces/local/lib/python3.10/dist-packages/action_interfaces/_action_interfaces_s.ep.rosidl_typesupport_c.c\n'}
[6.356365] (action_interfaces) StdoutLine: {'line': b'-- Installing: /home/ibrahim/RobotArmExpanded/install/action_interfaces/local/lib/python3.10/dist-packages/action_interfaces/action_interfaces_s__rosidl_typesupport_fastrtps_c.cpython-310-x86_64-linux-gnu.so\n'}
[6.356813] (action_interfaces) StdoutLine: {'line': b'-- Up-to-date: /home/ibrahim/RobotArmExpanded/install/action_interfaces/local/lib/python3.10/dist-packages/action_interfaces/srv\n'}
[6.357038] (action_interfaces) StdoutLine: {'line': b'-- Installing: /home/ibrahim/RobotArmExpanded/install/action_interfaces/local/lib/python3.10/dist-packages/action_interfaces/srv/_check_limits.py\n'}
[6.357288] (action_interfaces) StdoutLine: {'line': b'-- Installing: /home/ibrahim/RobotArmExpanded/install/action_interfaces/local/lib/python3.10/dist-packages/action_interfaces/srv/__init__.py\n'}
[6.357726] (action_interfaces) StdoutLine: {'line': b'-- Installing: /home/ibrahim/RobotArmExpanded/install/action_interfaces/local/lib/python3.10/dist-packages/action_interfaces/srv/_check_limits_s.c\n'}
[6.358137] (action_interfaces) StdoutLine: {'line': b'-- Installing: /home/ibrahim/RobotArmExpanded/install/action_interfaces/local/lib/python3.10/dist-packages/action_interfaces/_action_interfaces_s.ep.rosidl_typesupport_fastrtps_c.c\n'}
[6.358685] (action_interfaces) StdoutLine: {'line': b'-- Installing: /home/ibrahim/RobotArmExpanded/install/action_interfaces/local/lib/python3.10/dist-packages/action_interfaces/libaction_interfaces__rosidl_generator_py.so\n'}
[6.359162] (action_interfaces) StdoutLine: {'line': b'-- Up-to-date: /home/ibrahim/RobotArmExpanded/install/action_interfaces/local/lib/python3.10/dist-packages/action_interfaces/msg\n'}
[6.359385] (action_interfaces) StdoutLine: {'line': b'-- Installing: /home/ibrahim/RobotArmExpanded/install/action_interfaces/local/lib/python3.10/dist-packages/action_interfaces/msg/_arm_state_s.c\n'}
[6.359787] (action_interfaces) StdoutLine: {'line': b'-- Installing: /home/ibrahim/RobotArmExpanded/install/action_interfaces/local/lib/python3.10/dist-packages/action_interfaces/msg/_arm_state.py\n'}
[6.360083] (action_interfaces) StdoutLine: {'line': b'-- Installing: /home/ibrahim/RobotArmExpanded/install/action_interfaces/local/lib/python3.10/dist-packages/action_interfaces/msg/_arm_command_s.c\n'}
[6.360420] (action_interfaces) StdoutLine: {'line': b'-- Installing: /home/ibrahim/RobotArmExpanded/install/action_interfaces/local/lib/python3.10/dist-packages/action_interfaces/msg/__init__.py\n'}
[6.360662] (action_interfaces) StdoutLine: {'line': b'-- Installing: /home/ibrahim/RobotArmExpanded/install/action_interfaces/local/lib/python3.10/dist-packages/action_interfaces/msg/_arm_command.py\n'}
[6.360960] (action_interfaces) StdoutLine: {'line': b'-- Installing: /home/ibrahim/RobotArmExpanded/install/action_interfaces/local/lib/python3.10/dist-packages/action_interfaces/action_interfaces_s__rosidl_typesupport_introspection_c.cpython-310-x86_64-linux-gnu.so\n'}
[6.361326] (action_interfaces) StdoutLine: {'line': b'-- Up-to-date: /home/ibrahim/RobotArmExpanded/install/action_interfaces/local/lib/python3.10/dist-packages/action_interfaces/action\n'}
[6.361587] (action_interfaces) StdoutLine: {'line': b'-- Installing: /home/ibrahim/RobotArmExpanded/install/action_interfaces/local/lib/python3.10/dist-packages/action_interfaces/action/_move_arm.py\n'}
[6.361934] (action_interfaces) StdoutLine: {'line': b'-- Installing: /home/ibrahim/RobotArmExpanded/install/action_interfaces/local/lib/python3.10/dist-packages/action_interfaces/action/_move_arm_s.c\n'}
[6.362359] (action_interfaces) StdoutLine: {'line': b'-- Installing: /home/ibrahim/RobotArmExpanded/install/action_interfaces/local/lib/python3.10/dist-packages/action_interfaces/action/__init__.py\n'}
[6.362641] (action_interfaces) StdoutLine: {'line': b'-- Installing: /home/ibrahim/RobotArmExpanded/install/action_interfaces/local/lib/python3.10/dist-packages/action_interfaces/__init__.py\n'}
[6.362912] (action_interfaces) StdoutLine: {'line': b'-- Installing: /home/ibrahim/RobotArmExpanded/install/action_interfaces/local/lib/python3.10/dist-packages/action_interfaces/action_interfaces_s__rosidl_typesupport_c.cpython-310-x86_64-linux-gnu.so\n'}
[6.414097] (action_interfaces) StdoutLine: {'line': b"Listing '/home/ibrahim/RobotArmExpanded/install/action_interfaces/local/lib/python3.10/dist-packages/action_interfaces'...\n"}
[6.414354] (action_interfaces) StdoutLine: {'line': b"Compiling '/home/ibrahim/RobotArmExpanded/install/action_interfaces/local/lib/python3.10/dist-packages/action_interfaces/__init__.py'...\n"}
[6.414439] (action_interfaces) StdoutLine: {'line': b"Listing '/home/ibrahim/RobotArmExpanded/install/action_interfaces/local/lib/python3.10/dist-packages/action_interfaces/action'...\n"}
[6.414508] (action_interfaces) StdoutLine: {'line': b"Compiling '/home/ibrahim/RobotArmExpanded/install/action_interfaces/local/lib/python3.10/dist-packages/action_interfaces/action/__init__.py'...\n"}
[6.414571] (action_interfaces) StdoutLine: {'line': b"Compiling '/home/ibrahim/RobotArmExpanded/install/action_interfaces/local/lib/python3.10/dist-packages/action_interfaces/action/_move_arm.py'...\n"}
[6.414633] (action_interfaces) StdoutLine: {'line': b"Listing '/home/ibrahim/RobotArmExpanded/install/action_interfaces/local/lib/python3.10/dist-packages/action_interfaces/msg'...\n"}
[6.414678] (action_interfaces) StdoutLine: {'line': b"Compiling '/home/ibrahim/RobotArmExpanded/install/action_interfaces/local/lib/python3.10/dist-packages/action_interfaces/msg/__init__.py'...\n"}
[6.414712] (action_interfaces) StdoutLine: {'line': b"Compiling '/home/ibrahim/RobotArmExpanded/install/action_interfaces/local/lib/python3.10/dist-packages/action_interfaces/msg/_arm_command.py'...\n"}
[6.414747] (action_interfaces) StdoutLine: {'line': b"Compiling '/home/ibrahim/RobotArmExpanded/install/action_interfaces/local/lib/python3.10/dist-packages/action_interfaces/msg/_arm_state.py'...\n"}
[6.414798] (action_interfaces) StdoutLine: {'line': b"Listing '/home/ibrahim/RobotArmExpanded/install/action_interfaces/local/lib/python3.10/dist-packages/action_interfaces/srv'...\n"}
[6.414832] (action_interfaces) StdoutLine: {'line': b"Compiling '/home/ibrahim/RobotArmExpanded/install/action_interfaces/local/lib/python3.10/dist-packages/action_interfaces/srv/__init__.py'...\n"}
[6.414864] (action_interfaces) StdoutLine: {'line': b"Compiling '/home/ibrahim/RobotArmExpanded/install/action_interfaces/local/lib/python3.10/dist-packages/action_interfaces/srv/_check_limits.py'...\n"}
[6.419392] (action_interfaces) StdoutLine: {'line': b'-- Installing: /home/ibrahim/RobotArmExpanded/install/action_interfaces/local/lib/python3.10/dist-packages/action_interfaces/action_interfaces_s__rosidl_typesupport_fastrtps_c.cpython-310-x86_64-linux-gnu.so\n'}
[6.420228] (action_interfaces) StdoutLine: {'line': b'-- Set runtime path of "/home/ibrahim/RobotArmExpanded/install/action_interfaces/local/lib/python3.10/dist-packages/action_interfaces/action_interfaces_s__rosidl_typesupport_fastrtps_c.cpython-310-x86_64-linux-gnu.so" to ""\n'}
[6.420521] (action_interfaces) StdoutLine: {'line': b'-- Installing: /home/ibrahim/RobotArmExpanded/install/action_interfaces/local/lib/python3.10/dist-packages/action_interfaces/action_interfaces_s__rosidl_typesupport_introspection_c.cpython-310-x86_64-linux-gnu.so\n'}
[6.421056] (action_interfaces) StdoutLine: {'line': b'-- Set runtime path of "/home/ibrahim/RobotArmExpanded/install/action_interfaces/local/lib/python3.10/dist-packages/action_interfaces/action_interfaces_s__rosidl_typesupport_introspection_c.cpython-310-x86_64-linux-gnu.so" to ""\n'}
[6.421302] (action_interfaces) StdoutLine: {'line': b'-- Installing: /home/ibrahim/RobotArmExpanded/install/action_interfaces/local/lib/python3.10/dist-packages/action_interfaces/action_interfaces_s__rosidl_typesupport_c.cpython-310-x86_64-linux-gnu.so\n'}
[6.422034] (action_interfaces) StdoutLine: {'line': b'-- Set runtime path of "/home/ibrahim/RobotArmExpanded/install/action_interfaces/local/lib/python3.10/dist-packages/action_interfaces/action_interfaces_s__rosidl_typesupport_c.cpython-310-x86_64-linux-gnu.so" to ""\n'}
[6.423331] (action_interfaces) StdoutLine: {'line': b'-- Installing: /home/ibrahim/RobotArmExpanded/install/action_interfaces/lib/libaction_interfaces__rosidl_generator_py.so\n'}
[6.424379] (action_interfaces) StdoutLine: {'line': b'-- Set runtime path of "/home/ibrahim/RobotArmExpanded/install/action_interfaces/lib/libaction_interfaces__rosidl_generator_py.so" to ""\n'}
[6.424581] (action_interfaces) StdoutLine: {'line': b'-- Up-to-date: /home/ibrahim/RobotArmExpanded/install/action_interfaces/share/ament_index/resource_index/rust_packages/action_interfaces\n'}
[6.424731] (action_interfaces) StdoutLine: {'line': b'-- Up-to-date: /home/ibrahim/RobotArmExpanded/install/action_interfaces/share/action_interfaces/rust\n'}
[6.424985] (action_interfaces) StdoutLine: {'line': b'-- Up-to-date: /home/ibrahim/RobotArmExpanded/install/action_interfaces/share/action_interfaces/rust/src\n'}
[6.425081] (action_interfaces) StdoutLine: {'line': b'-- Installing: /home/ibrahim/RobotArmExpanded/install/action_interfaces/share/action_interfaces/rust/src/action.rs\n'}
[6.425134] (action_interfaces) StdoutLine: {'line': b'-- Installing: /home/ibrahim/RobotArmExpanded/install/action_interfaces/share/action_interfaces/rust/src/msg.rs\n'}
[6.425329] (action_interfaces) StdoutLine: {'line': b'-- Installing: /home/ibrahim/RobotArmExpanded/install/action_interfaces/share/action_interfaces/rust/src/lib.rs\n'}
[6.425826] (action_interfaces) StdoutLine: {'line': b'-- Up-to-date: /home/ibrahim/RobotArmExpanded/install/action_interfaces/share/action_interfaces/rust/src/srv\n'}
[6.425941] (action_interfaces) StdoutLine: {'line': b'-- Installing: /home/ibrahim/RobotArmExpanded/install/action_interfaces/share/action_interfaces/rust/src/srv/rmw.rs\n'}
[6.426162] (action_interfaces) StdoutLine: {'line': b'-- Up-to-date: /home/ibrahim/RobotArmExpanded/install/action_interfaces/share/action_interfaces/rust/src/msg\n'}
[6.426318] (action_interfaces) StdoutLine: {'line': b'-- Installing: /home/ibrahim/RobotArmExpanded/install/action_interfaces/share/action_interfaces/rust/src/msg/rmw.rs\n'}
[6.426678] (action_interfaces) StdoutLine: {'line': b'-- Up-to-date: /home/ibrahim/RobotArmExpanded/install/action_interfaces/share/action_interfaces/rust/src/action\n'}
[6.426788] (action_interfaces) StdoutLine: {'line': b'-- Installing: /home/ibrahim/RobotArmExpanded/install/action_interfaces/share/action_interfaces/rust/src/action/rmw.rs\n'}
[6.427098] (action_interfaces) StdoutLine: {'line': b'-- Installing: /home/ibrahim/RobotArmExpanded/install/action_interfaces/share/action_interfaces/rust/src/srv.rs\n'}
[6.427294] (-) TimerEvent: {}
[6.427590] (action_interfaces) StdoutLine: {'line': b'-- Installing: /home/ibrahim/RobotArmExpanded/install/action_interfaces/share/action_interfaces/rust/build.rs\n'}
[6.427746] (action_interfaces) StdoutLine: {'line': b'-- Installing: /home/ibrahim/RobotArmExpanded/install/action_interfaces/share/action_interfaces/rust/Cargo.toml\n'}
[6.428195] (action_interfaces) StdoutLine: {'line': b'-- Installing: /home/ibrahim/RobotArmExpanded/install/action_interfaces/share/action_interfaces/msg/ArmState.idl\n'}
[6.428547] (action_interfaces) StdoutLine: {'line': b'-- Installing: /home/ibrahim/RobotArmExpanded/install/action_interfaces/share/action_interfaces/msg/ArmCommand.idl\n'}
[6.428902] (action_interfaces) StdoutLine: {'line': b'-- Installing: /home/ibrahim/RobotArmExpanded/install/action_interfaces/share/action_interfaces/srv/CheckLimits.idl\n'}
[6.429244] (action_interfaces) StdoutLine: {'line': b'-- Installing: /home/ibrahim/RobotArmExpanded/install/action_interfaces/share/action_interfaces/action/MoveArm.idl\n'}
[6.429615] (action_interfaces) StdoutLine: {'line': b'-- Installing: /home/ibrahim/RobotArmExpanded/install/action_interfaces/share/action_interfaces/msg/ArmState.msg\n'}
[6.429934] (action_interfaces) StdoutLine: {'line': b'-- Installing: /home/ibrahim/RobotArmExpanded/install/action_interfaces/share/action_interfaces/msg/ArmCommand.msg\n'}
[6.430290] (action_interfaces) StdoutLine: {'line': b'-- Installing: /home/ibrahim/RobotArmExpanded/install/action_interfaces/share/action_interfaces/srv/CheckLimits.srv\n'}
[6.430701] (action_interfaces) StdoutLine: {'line': b'-- Installing: /home/ibrahim/RobotArmExpanded/install/action_interfaces/share/action_interfaces/srv/CheckLimits_Request.msg\n'}
[6.432115] (action_interfaces) StdoutLine: {'line': b'-- Up-to-date: /home/ibrahim/RobotArmExpanded/install/action_interfaces/share/action_interfaces/srv/CheckLimits_Response.msg\n'}
[6.432613] (action_interfaces) StdoutLine: {'line': b'-- Installing: /home/ibrahim/RobotArmExpanded/install/action_interfaces/share/action_interfaces/action/MoveArm.action\n'}
[6.433135] (action_interfaces) StdoutLine: {'line': b'-- Up-to-date: /home/ibrahim/RobotArmExpanded/install/action_interfaces/share/ament_index/resource_index/package_run_dependencies/action_interfaces\n'}
[6.433415] (action_interfaces) StdoutLine: {'line': b'-- Up-to-date: /home/ibrahim/RobotArmExpanded/install/action_interfaces/share/ament_index/resource_index/parent_prefix_path/action_interfaces\n'}
[6.433520] (action_interfaces) StdoutLine: {'line': b'-- Up-to-date: /home/ibrahim/RobotArmExpanded/install/action_interfaces/share/action_interfaces/environment/ament_prefix_path.sh\n'}
[6.433569] (action_interfaces) StdoutLine: {'line': b'-- Installing: /home/ibrahim/RobotArmExpanded/install/action_interfaces/share/action_interfaces/environment/ament_prefix_path.dsv\n'}
[6.433609] (action_interfaces) StdoutLine: {'line': b'-- Up-to-date: /home/ibrahim/RobotArmExpanded/install/action_interfaces/share/action_interfaces/environment/path.sh\n'}
[6.433646] (action_interfaces) StdoutLine: {'line': b'-- Installing: /home/ibrahim/RobotArmExpanded/install/action_interfaces/share/action_interfaces/environment/path.dsv\n'}
[6.433778] (action_interfaces) StdoutLine: {'line': b'-- Up-to-date: /home/ibrahim/RobotArmExpanded/install/action_interfaces/share/action_interfaces/local_setup.bash\n'}
[6.434087] (action_interfaces) StdoutLine: {'line': b'-- Up-to-date: /home/ibrahim/RobotArmExpanded/install/action_interfaces/share/action_interfaces/local_setup.sh\n'}
[6.434186] (action_interfaces) StdoutLine: {'line': b'-- Up-to-date: /home/ibrahim/RobotArmExpanded/install/action_interfaces/share/action_interfaces/local_setup.zsh\n'}
[6.434356] (action_interfaces) StdoutLine: {'line': b'-- Installing: /home/ibrahim/RobotArmExpanded/install/action_interfaces/share/action_interfaces/local_setup.dsv\n'}
[6.434660] (action_interfaces) StdoutLine: {'line': b'-- Installing: /home/ibrahim/RobotArmExpanded/install/action_interfaces/share/action_interfaces/package.dsv\n'}
[6.435054] (action_interfaces) StdoutLine: {'line': b'-- Up-to-date: /home/ibrahim/RobotArmExpanded/install/action_interfaces/share/ament_index/resource_index/packages/action_interfaces\n'}
[6.435924] (action_interfaces) StdoutLine: {'line': b'-- Up-to-date: /home/ibrahim/RobotArmExpanded/install/action_interfaces/share/action_interfaces/cmake/export_action_interfaces__rosidl_generator_cExport.cmake\n'}
[6.436133] (action_interfaces) StdoutLine: {'line': b'-- Up-to-date: /home/ibrahim/RobotArmExpanded/install/action_interfaces/share/action_interfaces/cmake/export_action_interfaces__rosidl_generator_cExport-noconfig.cmake\n'}
[6.436660] (action_interfaces) StdoutLine: {'line': b'-- Up-to-date: /home/ibrahim/RobotArmExpanded/install/action_interfaces/share/action_interfaces/cmake/export_action_interfaces__rosidl_typesupport_fastrtps_cExport.cmake\n'}
[6.436963] (action_interfaces) StdoutLine: {'line': b'-- Up-to-date: /home/ibrahim/RobotArmExpanded/install/action_interfaces/share/action_interfaces/cmake/export_action_interfaces__rosidl_typesupport_fastrtps_cExport-noconfig.cmake\n'}
[6.437356] (action_interfaces) StdoutLine: {'line': b'-- Up-to-date: /home/ibrahim/RobotArmExpanded/install/action_interfaces/share/action_interfaces/cmake/action_interfaces__rosidl_typesupport_introspection_cExport.cmake\n'}
[6.437563] (action_interfaces) StdoutLine: {'line': b'-- Up-to-date: /home/ibrahim/RobotArmExpanded/install/action_interfaces/share/action_interfaces/cmake/action_interfaces__rosidl_typesupport_introspection_cExport-noconfig.cmake\n'}
[6.438120] (action_interfaces) StdoutLine: {'line': b'-- Up-to-date: /home/ibrahim/RobotArmExpanded/install/action_interfaces/share/action_interfaces/cmake/action_interfaces__rosidl_typesupport_cExport.cmake\n'}
[6.438373] (action_interfaces) StdoutLine: {'line': b'-- Up-to-date: /home/ibrahim/RobotArmExpanded/install/action_interfaces/share/action_interfaces/cmake/action_interfaces__rosidl_typesupport_cExport-noconfig.cmake\n'}
[6.438804] (action_interfaces) StdoutLine: {'line': b'-- Up-to-date: /home/ibrahim/RobotArmExpanded/install/action_interfaces/share/action_interfaces/cmake/export_action_interfaces__rosidl_generator_cppExport.cmake\n'}
[6.439317] (action_interfaces) StdoutLine: {'line': b'-- Up-to-date: /home/ibrahim/RobotArmExpanded/install/action_interfaces/share/action_interfaces/cmake/export_action_interfaces__rosidl_typesupport_fastrtps_cppExport.cmake\n'}
[6.439527] (action_interfaces) StdoutLine: {'line': b'-- Up-to-date: /home/ibrahim/RobotArmExpanded/install/action_interfaces/share/action_interfaces/cmake/export_action_interfaces__rosidl_typesupport_fastrtps_cppExport-noconfig.cmake\n'}
[6.439913] (action_interfaces) StdoutLine: {'line': b'-- Up-to-date: /home/ibrahim/RobotArmExpanded/install/action_interfaces/share/action_interfaces/cmake/action_interfaces__rosidl_typesupport_introspection_cppExport.cmake\n'}
[6.440221] (action_interfaces) StdoutLine: {'line': b'-- Up-to-date: /home/ibrahim/RobotArmExpanded/install/action_interfaces/share/action_interfaces/cmake/action_interfaces__rosidl_typesupport_introspection_cppExport-noconfig.cmake\n'}
[6.440576] (action_interfaces) StdoutLine: {'line': b'-- Up-to-date: /home/ibrahim/RobotArmExpanded/install/action_interfaces/share/action_interfaces/cmake/action_interfaces__rosidl_typesupport_cppExport.cmake\n'}
[6.440874] (action_interfaces) StdoutLine: {'line': b'-- Up-to-date: /home/ibrahim/RobotArmExpanded/install/action_interfaces/share/action_interfaces/cmake/action_interfaces__rosidl_typesupport_cppExport-noconfig.cmake\n'}
[6.441158] (action_interfaces) StdoutLine: {'line': b'-- Up-to-date: /home/ibrahim/RobotArmExpanded/install/action_interfaces/share/action_interfaces/cmake/export_action_interfaces__rosidl_generator_pyExport.cmake\n'}
[6.441303] (action_interfaces) StdoutLine: {'line': b'-- Up-to-date: /home/ibrahim/RobotArmExpanded/install/action_interfaces/share/action_interfaces/cmake/export_action_interfaces__rosidl_generator_pyExport-noconfig.cmake\n'}
[6.441577] (action_interfaces) StdoutLine: {'line': b'-- Up-to-date: /home/ibrahim/RobotArmExpanded/install/action_interfaces/share/action_interfaces/cmake/rosidl_cmake-extras.cmake\n'}
[6.441951] (action_interfaces) StdoutLine: {'line': b'-- Up-to-date: /home/ibrahim/RobotArmExpanded/install/action_interfaces/share/action_interfaces/cmake/ament_cmake_export_dependencies-extras.cmake\n'}
[6.442197] (action_interfaces) StdoutLine: {'line': b'-- Up-to-date: /home/ibrahim/RobotArmExpanded/install/action_interfaces/share/action_interfaces/cmake/ament_cmake_export_include_directories-extras.cmake\n'}
[6.442392] (action_interfaces) StdoutLine: {'line': b'-- Up-to-date: /home/ibrahim/RobotArmExpanded/install/action_interfaces/share/action_interfaces/cmake/ament_cmake_export_libraries-extras.cmake\n'}
[6.442524] (action_interfaces) StdoutLine: {'line': b'-- Up-to-date: /home/ibrahim/RobotArmExpanded/install/action_interfaces/share/action_interfaces/cmake/ament_cmake_export_targets-extras.cmake\n'}
[6.442592] (action_interfaces) StdoutLine: {'line': b'-- Up-to-date: /home/ibrahim/RobotArmExpanded/install/action_interfaces/share/action_interfaces/cmake/rosidl_cmake_export_typesupport_targets-extras.cmake\n'}
[6.442647] (action_interfaces) StdoutLine: {'line': b'-- Up-to-date: /home/ibrahim/RobotArmExpanded/install/action_interfaces/share/action_interfaces/cmake/rosidl_cmake_export_typesupport_libraries-extras.cmake\n'}
[6.442698] (action_interfaces) StdoutLine: {'line': b'-- Up-to-date: /home/ibrahim/RobotArmExpanded/install/action_interfaces/share/action_interfaces/cmake/action_interfacesConfig.cmake\n'}
[6.442747] (action_interfaces) StdoutLine: {'line': b'-- Up-to-date: /home/ibrahim/RobotArmExpanded/install/action_interfaces/share/action_interfaces/cmake/action_interfacesConfig-version.cmake\n'}
[6.442795] (action_interfaces) StdoutLine: {'line': b'-- Up-to-date: /home/ibrahim/RobotArmExpanded/install/action_interfaces/share/action_interfaces/package.xml\n'}
[6.445964] (action_interfaces) CommandEnded: {'returncode': 0}
[6.477567] (action_interfaces) JobEnded: {'identifier': 'action_interfaces', 'rc': 0}
[6.478780] (main_arm_package) JobStarted: {'identifier': 'main_arm_package'}
[6.527474] (-) TimerEvent: {}
[6.613436] (main_arm_package) JobProgress: {'identifier': 'main_arm_package', 'progress': 'cmake'}
[6.615062] (main_arm_package) JobProgress: {'identifier': 'main_arm_package', 'progress': 'build'}
[6.616237] (main_arm_package) Command: {'cmd': ['/usr/bin/cmake', '--build', '/home/ibrahim/RobotArmExpanded/build/main_arm_package', '--', '-j16', '-l16'], 'cwd': '/home/ibrahim/RobotArmExpanded/build/main_arm_package', 'env': OrderedDict([('LESSOPEN', '| /usr/bin/lesspipe %s'), ('USER', 'ibrahim'), ('GIT_ASKPASS', '/home/ibrahim/.vscode-server/bin/0958016b2af9f09bb4257e0df4a95e2f90590f9f/extensions/git/dist/askpass.sh'), ('SHLVL', '1'), ('LD_LIBRARY_PATH', '/home/ibrahim/RobotArmExpanded/install/action_interfaces/lib:/home/ibrahim/RobotArm/install/action_interfaces/lib:/home/ibrahim/RobotNav/install/action_interfaces/lib:/home/ibrahim/ros2_ws/install/action_interfaces/lib:/usr/lib/x86_64-linux-gnu/gazebo-11/plugins:/opt/ros/humble/opt/rviz_ogre_vendor/lib:/opt/ros/humble/lib/x86_64-linux-gnu:/opt/ros/humble/lib'), ('MOTD_SHOWN', 'update-motd'), ('HOME', '/home/ibrahim'), ('TERM_PROGRAM_VERSION', '1.120.0'), ('VSCODE_IPC_HOOK_CLI', '/run/user/1000/vscode-ipc-86cf5568-dc4d-4131-a31e-d5d2e4d6baba.sock'), ('ROS_PYTHON_VERSION', '3'), ('VSCODE_GIT_ASKPASS_MAIN', '/home/ibrahim/.vscode-server/bin/0958016b2af9f09bb4257e0df4a95e2f90590f9f/extensions/git/dist/askpass-main.js'), ('VSCODE_GIT_ASKPASS_NODE', '/home/ibrahim/.vscode-server/bin/0958016b2af9f09bb4257e0df4a95e2f90590f9f/node'), ('VSCODE_PYTHON_AUTOACTIVATE_GUARD', '1'), ('DBUS_SESSION_BUS_ADDRESS', 'unix:path=/run/user/1000/bus'), ('COLORTERM', 'truecolor'), ('WSL_DISTRO_NAME', 'Ubuntu-22.04'), ('WAYLAND_DISPLAY', 'wayland-0'), ('COLCON_PREFIX_PATH', '/home/ibrahim/RobotArm/install:/home/ibrahim/TF2Sample/install:/home/ibrahim/RobotNav/install:/home/ibrahim/RobotMonitor/install:/home/ibrahim/ros2_ws/install'), ('ROS_DISTRO', 'humble'), ('LOGNAME', 'ibrahim'), ('NAME', 'Ibrahim-laptop'), ('WSL_INTEROP', '/run/WSL/418_interop'), ('PULSE_SERVER', 'unix:/mnt/wslg/PulseServer'), ('_', '/usr/bin/colcon'), ('ROS_VERSION', '2'), ('CLAUDE_CODE_SSE_PORT', '14704'), ('TERM', 'xterm-256color'), ('ROS_LOCALHOST_ONLY', '0'), ('PATH', '/home/ibrahim/.vscode-server/data/User/globalStorage/github.copilot-chat/debugCommand:/home/ibrahim/.vscode-server/data/User/globalStorage/github.copilot-chat/copilotCli:/home/ibrahim/.vscode-server/bin/0958016b2af9f09bb4257e0df4a95e2f90590f9f/bin/remote-cli:/opt/ros/humble/bin:/usr/local/sbin:/usr/local/bin:/usr/sbin:/usr/bin:/sbin:/bin:/usr/games:/usr/local/games:/usr/lib/wsl/lib:/mnt/c/Users/zanto/AppData/Local/Programs/Microsoft VS Code:/mnt/c/Windows/system32:/mnt/c/Windows:/mnt/c/Windows/System32/Wbem:/mnt/c/Windows/System32/WindowsPowerShell/v1.0/:/mnt/c/Windows/System32/OpenSSH/:/mnt/c/Program Files (x86)/NVIDIA Corporation/PhysX/Common:/mnt/c/Program Files/NVIDIA Corporation/NVIDIA App/NvDLISR:/mnt/c/Program Files/dotnet/:/mnt/c/Program Files/nodejs/:/mnt/c/Program Files/Git/cmd:/mnt/c/Program Files/PostgreSQL/18/bin:/mnt/c/Users/zanto/.local/bin:/mnt/c/Program Files/Docker/Docker/resources/bin:/mnt/c/Program Files/GitHub CLI/:/mnt/c/Users/zanto/AppData/Local/Programs/Python/Python312/Scripts/:/mnt/c/Users/zanto/AppData/Local/Programs/Python/Python312/:/mnt/c/Users/zanto/AppData/Local/Programs/Python/Python314/Scripts/:/mnt/c/Users/zanto/AppData/Local/Programs/Python/Python314/:/mnt/c/Users/zanto/AppData/Local/Microsoft/WindowsApps:/mnt/c/Users/zanto/AppData/Local/Programs/Microsoft VS Code/bin:/mnt/c/Users/zanto/AppData/Local/Programs/Ollama:/mnt/c/Users/zanto/AppData/Roaming/npm:/mnt/c/msys64/ucrt64/bin:/snap/bin'), ('XDG_RUNTIME_DIR', '/run/user/1000/'), ('DISPLAY', ':0'), ('LANG', 'C.UTF-8'), ('LS_COLORS', 'rs=0:di=01;34:ln=01;36:mh=00:pi=40;33:so=01;35:do=01;35:bd=40;33;01:cd=40;33;01:or=40;31;01:mi=00:su=37;41:sg=30;43:ca=30;41:tw=30;42:ow=34;42:st=37;44:ex=01;32:*.tar=01;31:*.tgz=01;31:*.arc=01;31:*.arj=01;31:*.taz=01;31:*.lha=01;31:*.lz4=01;31:*.lzh=01;31:*.lzma=01;31:*.tlz=01;31:*.txz=01;31:*.tzo=01;31:*.t7z=01;31:*.zip=01;31:*.z=01;31:*.dz=01;31:*.gz=01;31:*.lrz=01;31:*.lz=01;31:*.lzo=01;31:*.xz=01;31:*.zst=01;31:*.tzst=01;31:*.bz2=01;31:*.bz=01;31:*.tbz=01;31:*.tbz2=01;31:*.tz=01;31:*.deb=01;31:*.rpm=01;31:*.jar=01;31:*.war=01;31:*.ear=01;31:*.sar=01;31:*.rar=01;31:*.alz=01;31:*.ace=01;31:*.zoo=01;31:*.cpio=01;31:*.7z=01;31:*.rz=01;31:*.cab=01;31:*.wim=01;31:*.swm=01;31:*.dwm=01;31:*.esd=01;31:*.jpg=01;35:*.jpeg=01;35:*.mjpg=01;35:*.mjpeg=01;35:*.gif=01;35:*.bmp=01;35:*.pbm=01;35:*.pgm=01;35:*.ppm=01;35:*.tga=01;35:*.xbm=01;35:*.xpm=01;35:*.tif=01;35:*.tiff=01;35:*.png=01;35:*.svg=01;35:*.svgz=01;35:*.mng=01;35:*.pcx=01;35:*.mov=01;35:*.mpg=01;35:*.mpeg=01;35:*.m2v=01;35:*.mkv=01;35:*.webm=01;35:*.webp=01;35:*.ogm=01;35:*.mp4=01;35:*.m4v=01;35:*.mp4v=01;35:*.vob=01;35:*.qt=01;35:*.nuv=01;35:*.wmv=01;35:*.asf=01;35:*.rm=01;35:*.rmvb=01;35:*.flc=01;35:*.avi=01;35:*.fli=01;35:*.flv=01;35:*.gl=01;35:*.dl=01;35:*.xcf=01;35:*.xwd=01;35:*.yuv=01;35:*.cgm=01;35:*.emf=01;35:*.ogv=01;35:*.ogx=01;35:*.aac=00;36:*.au=00;36:*.flac=00;36:*.m4a=00;36:*.mid=00;36:*.midi=00;36:*.mka=00;36:*.mp3=00;36:*.mpc=00;36:*.ogg=00;36:*.ra=00;36:*.wav=00;36:*.oga=00;36:*.opus=00;36:*.spx=00;36:*.xspf=00;36:'), ('VSCODE_GIT_IPC_HANDLE', '/run/user/1000/vscode-git-fffe7d841c.sock'), ('TERM_PROGRAM', 'vscode'), ('ROS_DOMAIN_ID', '10'), ('AMENT_PREFIX_PATH', '/home/ibrahim/RobotArmExpanded/install/action_interfaces:/home/ibrahim/RobotArm/install/main_arm_package:/home/ibrahim/RobotArm/install/action_interfaces:/home/ibrahim/TF2Sample/install/tf2sim:/home/ibrahim/RobotNav/install/main_robot_nodes:/home/ibrahim/RobotNav/install/action_interfaces:/home/ibrahim/RobotMonitor/install/Robot3Node_Package:/home/ibrahim/ros2_ws/install/my_first_package:/home/ibrahim/ros2_ws/install/action_interfaces:/opt/ros/humble'), ('SHELL', '/bin/bash'), ('LESSCLOSE', '/usr/bin/lesspipe %s %s'), ('VSCODE_GIT_ASKPASS_EXTRA_ARGS', ''), ('PWD', '/home/ibrahim/RobotArmExpanded/build/main_arm_package'), ('XDG_DATA_DIRS', '/usr/local/share:/usr/share:/var/lib/snapd/desktop'), ('PYTHONPATH', '/home/ibrahim/RobotArmExpanded/install/action_interfaces/local/lib/python3.10/dist-packages:/home/ibrahim/RobotArm/install/action_interfaces/local/lib/python3.10/dist-packages:/home/ibrahim/RobotNav/install/action_interfaces/local/lib/python3.10/dist-packages:/home/ibrahim/ros2_ws/install/action_interfaces/local/lib/python3.10/dist-packages:/opt/ros/humble/lib/python3.10/site-packages:/opt/ros/humble/local/lib/python3.10/dist-packages'), ('COLCON', '1'), ('WSL2_GUI_APPS_ENABLED', '1'), ('HOSTTYPE', 'x86_64'), ('CMAKE_PREFIX_PATH', '/home/ibrahim/RobotArmExpanded/install/action_interfaces:/home/ibrahim/RobotArm/install/main_arm_package:/home/ibrahim/RobotArm/install/action_interfaces:/home/ibrahim/TF2Sample/install/tf2sim:/home/ibrahim/RobotNav/install/main_robot_nodes:/home/ibrahim/RobotNav/install/action_interfaces:/home/ibrahim/RobotMonitor/install/Robot3Node_Package:/home/ibrahim/ros2_ws/install/my_first_package:/home/ibrahim/ros2_ws/install/action_interfaces:/opt/ros/humble'), ('WSLENV', 'VSCODE_WSL_EXT_LOCATION/up')]), 'shell': False}
[6.627645] (-) TimerEvent: {}
[6.686544] (main_arm_package) StdoutLine: {'line': b'\x1b[35m\x1b[1mConsolidate compiler generated dependencies of target ArmController\x1b[0m\n'}
[6.686849] (main_arm_package) StdoutLine: {'line': b'\x1b[35m\x1b[1mConsolidate compiler generated dependencies of target ArmMover\x1b[0m\n'}
[6.687183] (main_arm_package) StdoutLine: {'line': b'\x1b[35m\x1b[1mConsolidate compiler generated dependencies of target ArmMonitor\x1b[0m\n'}
[6.687303] (main_arm_package) StdoutLine: {'line': b'\x1b[35m\x1b[1mConsolidate compiler generated dependencies of target ArmClient\x1b[0m\n'}
[6.716444] (main_arm_package) StdoutLine: {'line': b'[ 25%] \x1b[32mBuilding CXX object CMakeFiles/ArmMover.dir/src/ArmMover.cpp.o\x1b[0m\n'}
[6.716712] (main_arm_package) StdoutLine: {'line': b'[ 25%] \x1b[32mBuilding CXX object CMakeFiles/ArmController.dir/src/ArmController.cpp.o\x1b[0m\n'}
[6.716972] (main_arm_package) StdoutLine: {'line': b'[ 37%] \x1b[32mBuilding CXX object CMakeFiles/ArmClient.dir/src/ArmClient.cpp.o\x1b[0m\n'}
[6.717068] (main_arm_package) StdoutLine: {'line': b'[ 50%] \x1b[32mBuilding CXX object CMakeFiles/ArmMonitor.dir/src/ArmMonitor.cpp.o\x1b[0m\n'}
[6.727754] (-) TimerEvent: {}
[6.828172] (-) TimerEvent: {}
[6.928610] (-) TimerEvent: {}
[7.029946] (-) TimerEvent: {}
[7.130383] (-) TimerEvent: {}
[7.230845] (-) TimerEvent: {}
[7.331484] (-) TimerEvent: {}
[7.432040] (-) TimerEvent: {}
[7.532479] (-) TimerEvent: {}
[7.632925] (-) TimerEvent: {}
[7.733396] (-) TimerEvent: {}
[7.833946] (-) TimerEvent: {}
[7.934617] (-) TimerEvent: {}
[8.035148] (-) TimerEvent: {}
[8.135594] (-) TimerEvent: {}
[8.236029] (-) TimerEvent: {}
[8.336537] (-) TimerEvent: {}
[8.437166] (-) TimerEvent: {}
[8.537663] (-) TimerEvent: {}
[8.638205] (-) TimerEvent: {}
[8.738733] (-) TimerEvent: {}
[8.839198] (-) TimerEvent: {}
[8.939696] (-) TimerEvent: {}
[9.040284] (-) TimerEvent: {}
[9.140838] (-) TimerEvent: {}
[9.241418] (-) TimerEvent: {}
[9.342052] (-) TimerEvent: {}
[9.442651] (-) TimerEvent: {}
[9.543136] (-) TimerEvent: {}
[9.643716] (-) TimerEvent: {}
[9.744202] (-) TimerEvent: {}
[9.844664] (-) TimerEvent: {}
[9.945147] (-) TimerEvent: {}
[10.045790] (-) TimerEvent: {}
[10.146358] (-) TimerEvent: {}
[10.188869] (main_arm_package) StderrLine: {'line': b'\x1b[01m\x1b[K/home/ibrahim/RobotArmExpanded/src/main_arm_package/src/ArmMonitor.cpp:\x1b[m\x1b[K In member function \xe2\x80\x98\x1b[01m\x1b[Kvoid ArmMonitor::handleArmState(action_interfaces::msg::ArmState_<std::allocator<void> >::SharedPtr)\x1b[m\x1b[K\xe2\x80\x99:\n'}
[10.189307] (main_arm_package) StderrLine: {'line': b'\x1b[01m\x1b[K/home/ibrahim/RobotArmExpanded/src/main_arm_package/src/ArmMonitor.cpp:50:25:\x1b[m\x1b[K \x1b[01;31m\x1b[Kerror: \x1b[m\x1b[K\xe2\x80\x98\x1b[01m\x1b[Krequest\x1b[m\x1b[K\xe2\x80\x99 was not declared in this scope\n'}
[10.189535] (main_arm_package) StderrLine: {'line': b'   50 |             auto WstA = \x1b[01;31m\x1b[Krequest\x1b[m\x1b[K->wrist_angle;\n'}
[10.189650] (main_arm_package) StderrLine: {'line': b'      |                         \x1b[01;31m\x1b[K^~~~~~~\x1b[m\x1b[K\n'}
[10.246511] (-) TimerEvent: {}
[10.347050] (-) TimerEvent: {}
[10.433843] (main_arm_package) StderrLine: {'line': b'\x1b[01m\x1b[K/home/ibrahim/RobotArmExpanded/src/main_arm_package/src/ArmMover.cpp:\x1b[m\x1b[K In member function \xe2\x80\x98\x1b[01m\x1b[Kvoid ArmMover::handleArmState(action_interfaces::msg::ArmState_<std::allocator<void> >::SharedPtr)\x1b[m\x1b[K\xe2\x80\x99:\n'}
[10.434117] (main_arm_package) StderrLine: {'line': b'\x1b[01m\x1b[K/home/ibrahim/RobotArmExpanded/src/main_arm_package/src/ArmMover.cpp:132:46:\x1b[m\x1b[K \x1b[01;31m\x1b[Kerror: \x1b[m\x1b[K\xe2\x80\x98\x1b[01m\x1b[Kangle_mutex\x1b[m\x1b[K\xe2\x80\x99 was not declared in this scope; did you mean \xe2\x80\x98\x1b[01m\x1b[Kangle_mutex_\x1b[m\x1b[K\xe2\x80\x99?\n'}
[10.434206] (main_arm_package) StderrLine: {'line': b'  132 |             std::lock_guard<std::mutex> lock(\x1b[01;31m\x1b[Kangle_mutex\x1b[m\x1b[K);\n'}
[10.434268] (main_arm_package) StderrLine: {'line': b'      |                                              \x1b[01;31m\x1b[K^~~~~~~~~~~\x1b[m\x1b[K\n'}
[10.434315] (main_arm_package) StderrLine: {'line': b'      |                                              \x1b[32m\x1b[Kangle_mutex_\x1b[m\x1b[K\n'}
[10.447242] (-) TimerEvent: {}
[10.547777] (-) TimerEvent: {}
[10.648269] (-) TimerEvent: {}
[10.749072] (-) TimerEvent: {}
[10.849873] (-) TimerEvent: {}
[10.950376] (-) TimerEvent: {}
[11.050884] (-) TimerEvent: {}
[11.151409] (-) TimerEvent: {}
[11.251904] (-) TimerEvent: {}
[11.352319] (-) TimerEvent: {}
[11.452777] (-) TimerEvent: {}
[11.553319] (-) TimerEvent: {}
[11.653856] (-) TimerEvent: {}
[11.754411] (-) TimerEvent: {}
[11.855115] (-) TimerEvent: {}
[11.955633] (-) TimerEvent: {}
[12.056121] (-) TimerEvent: {}
[12.156608] (-) TimerEvent: {}
[12.257044] (-) TimerEvent: {}
[12.357569] (-) TimerEvent: {}
[12.458096] (-) TimerEvent: {}
[12.558548] (-) TimerEvent: {}
[12.659057] (-) TimerEvent: {}
[12.759665] (-) TimerEvent: {}
[12.779520] (main_arm_package) StdoutLine: {'line': b'[ 62%] \x1b[32m\x1b[1mLinking CXX executable ArmClient\x1b[0m\n'}
[12.859822] (-) TimerEvent: {}
[12.960254] (-) TimerEvent: {}
[13.060699] (-) TimerEvent: {}
[13.161132] (-) TimerEvent: {}
[13.261649] (-) TimerEvent: {}
[13.287321] (main_arm_package) StdoutLine: {'line': b'[ 62%] Built target ArmClient\n'}
[13.361819] (-) TimerEvent: {}
[13.439342] (main_arm_package) StderrLine: {'line': b'gmake[2]: *** [CMakeFiles/ArmMonitor.dir/build.make:76: CMakeFiles/ArmMonitor.dir/src/ArmMonitor.cpp.o] Error 1\n'}
[13.439952] (main_arm_package) StderrLine: {'line': b'gmake[1]: *** [CMakeFiles/Makefile2:169: CMakeFiles/ArmMonitor.dir/all] Error 2\n'}
[13.440062] (main_arm_package) StderrLine: {'line': b'gmake[1]: *** Waiting for unfinished jobs....\n'}
[13.462011] (-) TimerEvent: {}
[13.562485] (-) TimerEvent: {}
[13.663040] (-) TimerEvent: {}
[13.763569] (-) TimerEvent: {}
[13.864301] (-) TimerEvent: {}
[13.964795] (-) TimerEvent: {}
[13.997805] (main_arm_package) StderrLine: {'line': b'gmake[2]: *** [CMakeFiles/ArmMover.dir/build.make:76: CMakeFiles/ArmMover.dir/src/ArmMover.cpp.o] Error 1\n'}
[13.998190] (main_arm_package) StderrLine: {'line': b'gmake[1]: *** [CMakeFiles/Makefile2:195: CMakeFiles/ArmMover.dir/all] Error 2\n'}
[14.064996] (-) TimerEvent: {}
[14.165502] (-) TimerEvent: {}
[14.265966] (-) TimerEvent: {}
[14.366448] (-) TimerEvent: {}
[14.466873] (-) TimerEvent: {}
[14.567300] (-) TimerEvent: {}
[14.668320] (-) TimerEvent: {}
[14.769188] (-) TimerEvent: {}
[14.869861] (-) TimerEvent: {}
[14.971555] (-) TimerEvent: {}
[15.072931] (-) TimerEvent: {}
[15.174588] (-) TimerEvent: {}
[15.276080] (-) TimerEvent: {}
[15.378015] (-) TimerEvent: {}
[15.479090] (-) TimerEvent: {}
[15.580617] (-) TimerEvent: {}
[15.681314] (-) TimerEvent: {}
[15.782809] (-) TimerEvent: {}
[15.884281] (-) TimerEvent: {}
[15.985620] (-) TimerEvent: {}
[16.086772] (-) TimerEvent: {}
[16.187963] (-) TimerEvent: {}
[16.288450] (-) TimerEvent: {}
[16.389337] (-) TimerEvent: {}
[16.490363] (-) TimerEvent: {}
[16.591040] (-) TimerEvent: {}
[16.692666] (-) TimerEvent: {}
[16.793359] (-) TimerEvent: {}
[16.895103] (-) TimerEvent: {}
[16.996690] (-) TimerEvent: {}
[17.098258] (-) TimerEvent: {}
[17.199812] (-) TimerEvent: {}
[17.300506] (-) TimerEvent: {}
[17.382032] (main_arm_package) StdoutLine: {'line': b'[ 75%] \x1b[32m\x1b[1mLinking CXX executable ArmController\x1b[0m\n'}
[17.400738] (-) TimerEvent: {}
[17.501250] (-) TimerEvent: {}
[17.602331] (-) TimerEvent: {}
[17.704735] (-) TimerEvent: {}
[17.806423] (-) TimerEvent: {}
[17.907344] (-) TimerEvent: {}
[18.008646] (-) TimerEvent: {}
[18.110659] (-) TimerEvent: {}
[18.185818] (main_arm_package) StdoutLine: {'line': b'[ 75%] Built target ArmController\n'}
[18.188303] (main_arm_package) StderrLine: {'line': b'gmake: *** [Makefile:146: all] Error 2\n'}
[18.191480] (main_arm_package) CommandEnded: {'returncode': 2}
[18.199260] (main_arm_package) JobEnded: {'identifier': 'main_arm_package', 'rc': 2}
[18.210351] (-) EventReactorShutdown: {}
