[0.000000] (-) TimerEvent: {}
[0.001026] (action_interfaces) JobQueued: {'identifier': 'action_interfaces', 'dependencies': OrderedDict()}
[0.001101] (main_arm_package) JobQueued: {'identifier': 'main_arm_package', 'dependencies': OrderedDict([('action_interfaces', '/home/ibrahim/RobotArmExpanded/install/action_interfaces')])}
[0.001325] (action_interfaces) JobStarted: {'identifier': 'action_interfaces'}
[0.014943] (action_interfaces) JobProgress: {'identifier': 'action_interfaces', 'progress': 'cmake'}
[0.017627] (action_interfaces) Command: {'cmd': ['/usr/bin/cmake', '/home/ibrahim/RobotArmExpanded/src/action_interfaces', '-DCMAKE_INSTALL_PREFIX=/home/ibrahim/RobotArmExpanded/install/action_interfaces'], 'cwd': '/home/ibrahim/RobotArmExpanded/build/action_interfaces', 'env': OrderedDict([('LESSOPEN', '| /usr/bin/lesspipe %s'), ('USER', 'ibrahim'), ('GIT_ASKPASS', '/home/ibrahim/.vscode-server/bin/0958016b2af9f09bb4257e0df4a95e2f90590f9f/extensions/git/dist/askpass.sh'), ('SHLVL', '1'), ('LD_LIBRARY_PATH', '/home/ibrahim/RobotArm/install/action_interfaces/lib:/home/ibrahim/RobotNav/install/action_interfaces/lib:/home/ibrahim/ros2_ws/install/action_interfaces/lib:/usr/lib/x86_64-linux-gnu/gazebo-11/plugins:/opt/ros/humble/opt/rviz_ogre_vendor/lib:/opt/ros/humble/lib/x86_64-linux-gnu:/opt/ros/humble/lib'), ('MOTD_SHOWN', 'update-motd'), ('HOME', '/home/ibrahim'), ('TERM_PROGRAM_VERSION', '1.120.0'), ('VSCODE_IPC_HOOK_CLI', '/run/user/1000/vscode-ipc-86cf5568-dc4d-4131-a31e-d5d2e4d6baba.sock'), ('ROS_PYTHON_VERSION', '3'), ('VSCODE_GIT_ASKPASS_MAIN', '/home/ibrahim/.vscode-server/bin/0958016b2af9f09bb4257e0df4a95e2f90590f9f/extensions/git/dist/askpass-main.js'), ('VSCODE_GIT_ASKPASS_NODE', '/home/ibrahim/.vscode-server/bin/0958016b2af9f09bb4257e0df4a95e2f90590f9f/node'), ('VSCODE_PYTHON_AUTOACTIVATE_GUARD', '1'), ('DBUS_SESSION_BUS_ADDRESS', 'unix:path=/run/user/1000/bus'), ('COLORTERM', 'truecolor'), ('WSL_DISTRO_NAME', 'Ubuntu-22.04'), ('WAYLAND_DISPLAY', 'wayland-0'), ('COLCON_PREFIX_PATH', '/home/ibrahim/RobotArm/install:/home/ibrahim/TF2Sample/install:/home/ibrahim/RobotNav/install:/home/ibrahim/RobotMonitor/install:/home/ibrahim/ros2_ws/install'), ('ROS_DISTRO', 'humble'), ('LOGNAME', 'ibrahim'), ('NAME', 'Ibrahim-laptop'), ('WSL_INTEROP', '/run/WSL/418_interop'), ('PULSE_SERVER', 'unix:/mnt/wslg/PulseServer'), ('_', '/usr/bin/colcon'), ('ROS_VERSION', '2'), ('CLAUDE_CODE_SSE_PORT', '14704'), ('TERM', 'xterm-256color'), ('ROS_LOCALHOST_ONLY', '0'), ('PATH', '/home/ibrahim/.vscode-server/data/User/globalStorage/github.copilot-chat/debugCommand:/home/ibrahim/.vscode-server/data/User/globalStorage/github.copilot-chat/copilotCli:/home/ibrahim/.vscode-server/bin/0958016b2af9f09bb4257e0df4a95e2f90590f9f/bin/remote-cli:/opt/ros/humble/bin:/usr/local/sbin:/usr/local/bin:/usr/sbin:/usr/bin:/sbin:/bin:/usr/games:/usr/local/games:/usr/lib/wsl/lib:/mnt/c/Users/zanto/AppData/Local/Programs/Microsoft VS Code:/mnt/c/Windows/system32:/mnt/c/Windows:/mnt/c/Windows/System32/Wbem:/mnt/c/Windows/System32/WindowsPowerShell/v1.0/:/mnt/c/Windows/System32/OpenSSH/:/mnt/c/Program Files (x86)/NVIDIA Corporation/PhysX/Common:/mnt/c/Program Files/NVIDIA Corporation/NVIDIA App/NvDLISR:/mnt/c/Program Files/dotnet/:/mnt/c/Program Files/nodejs/:/mnt/c/Program Files/Git/cmd:/mnt/c/Program Files/PostgreSQL/18/bin:/mnt/c/Users/zanto/.local/bin:/mnt/c/Program Files/Docker/Docker/resources/bin:/mnt/c/Program Files/GitHub CLI/:/mnt/c/Users/zanto/AppData/Local/Programs/Python/Python312/Scripts/:/mnt/c/Users/zanto/AppData/Local/Programs/Python/Python312/:/mnt/c/Users/zanto/AppData/Local/Programs/Python/Python314/Scripts/:/mnt/c/Users/zanto/AppData/Local/Programs/Python/Python314/:/mnt/c/Users/zanto/AppData/Local/Microsoft/WindowsApps:/mnt/c/Users/zanto/AppData/Local/Programs/Microsoft VS Code/bin:/mnt/c/Users/zanto/AppData/Local/Programs/Ollama:/mnt/c/Users/zanto/AppData/Roaming/npm:/mnt/c/msys64/ucrt64/bin:/snap/bin'), ('XDG_RUNTIME_DIR', '/run/user/1000/'), ('DISPLAY', ':0'), ('LANG', 'C.UTF-8'), ('LS_COLORS', 'rs=0:di=01;34:ln=01;36:mh=00:pi=40;33:so=01;35:do=01;35:bd=40;33;01:cd=40;33;01:or=40;31;01:mi=00:su=37;41:sg=30;43:ca=30;41:tw=30;42:ow=34;42:st=37;44:ex=01;32:*.tar=01;31:*.tgz=01;31:*.arc=01;31:*.arj=01;31:*.taz=01;31:*.lha=01;31:*.lz4=01;31:*.lzh=01;31:*.lzma=01;31:*.tlz=01;31:*.txz=01;31:*.tzo=01;31:*.t7z=01;31:*.zip=01;31:*.z=01;31:*.dz=01;31:*.gz=01;31:*.lrz=01;31:*.lz=01;31:*.lzo=01;31:*.xz=01;31:*.zst=01;31:*.tzst=01;31:*.bz2=01;31:*.bz=01;31:*.tbz=01;31:*.tbz2=01;31:*.tz=01;31:*.deb=01;31:*.rpm=01;31:*.jar=01;31:*.war=01;31:*.ear=01;31:*.sar=01;31:*.rar=01;31:*.alz=01;31:*.ace=01;31:*.zoo=01;31:*.cpio=01;31:*.7z=01;31:*.rz=01;31:*.cab=01;31:*.wim=01;31:*.swm=01;31:*.dwm=01;31:*.esd=01;31:*.jpg=01;35:*.jpeg=01;35:*.mjpg=01;35:*.mjpeg=01;35:*.gif=01;35:*.bmp=01;35:*.pbm=01;35:*.pgm=01;35:*.ppm=01;35:*.tga=01;35:*.xbm=01;35:*.xpm=01;35:*.tif=01;35:*.tiff=01;35:*.png=01;35:*.svg=01;35:*.svgz=01;35:*.mng=01;35:*.pcx=01;35:*.mov=01;35:*.mpg=01;35:*.mpeg=01;35:*.m2v=01;35:*.mkv=01;35:*.webm=01;35:*.webp=01;35:*.ogm=01;35:*.mp4=01;35:*.m4v=01;35:*.mp4v=01;35:*.vob=01;35:*.qt=01;35:*.nuv=01;35:*.wmv=01;35:*.asf=01;35:*.rm=01;35:*.rmvb=01;35:*.flc=01;35:*.avi=01;35:*.fli=01;35:*.flv=01;35:*.gl=01;35:*.dl=01;35:*.xcf=01;35:*.xwd=01;35:*.yuv=01;35:*.cgm=01;35:*.emf=01;35:*.ogv=01;35:*.ogx=01;35:*.aac=00;36:*.au=00;36:*.flac=00;36:*.m4a=00;36:*.mid=00;36:*.midi=00;36:*.mka=00;36:*.mp3=00;36:*.mpc=00;36:*.ogg=00;36:*.ra=00;36:*.wav=00;36:*.oga=00;36:*.opus=00;36:*.spx=00;36:*.xspf=00;36:'), ('VSCODE_GIT_IPC_HANDLE', '/run/user/1000/vscode-git-fffe7d841c.sock'), ('TERM_PROGRAM', 'vscode'), ('ROS_DOMAIN_ID', '10'), ('AMENT_PREFIX_PATH', '/home/ibrahim/RobotArm/install/main_arm_package:/home/ibrahim/RobotArm/install/action_interfaces:/home/ibrahim/TF2Sample/install/tf2sim:/home/ibrahim/RobotNav/install/main_robot_nodes:/home/ibrahim/RobotNav/install/action_interfaces:/home/ibrahim/RobotMonitor/install/Robot3Node_Package:/home/ibrahim/ros2_ws/install/my_first_package:/home/ibrahim/ros2_ws/install/action_interfaces:/opt/ros/humble'), ('SHELL', '/bin/bash'), ('LESSCLOSE', '/usr/bin/lesspipe %s %s'), ('VSCODE_GIT_ASKPASS_EXTRA_ARGS', ''), ('PWD', '/home/ibrahim/RobotArmExpanded/build/action_interfaces'), ('XDG_DATA_DIRS', '/usr/local/share:/usr/share:/var/lib/snapd/desktop'), ('PYTHONPATH', '/home/ibrahim/RobotArm/install/action_interfaces/local/lib/python3.10/dist-packages:/home/ibrahim/RobotNav/install/action_interfaces/local/lib/python3.10/dist-packages:/home/ibrahim/ros2_ws/install/action_interfaces/local/lib/python3.10/dist-packages:/opt/ros/humble/lib/python3.10/site-packages:/opt/ros/humble/local/lib/python3.10/dist-packages'), ('COLCON', '1'), ('WSL2_GUI_APPS_ENABLED', '1'), ('HOSTTYPE', 'x86_64'), ('CMAKE_PREFIX_PATH', '/home/ibrahim/RobotArm/install/main_arm_package:/home/ibrahim/RobotArm/install/action_interfaces:/home/ibrahim/TF2Sample/install/tf2sim:/home/ibrahim/RobotNav/install/main_robot_nodes:/home/ibrahim/RobotNav/install/action_interfaces:/home/ibrahim/RobotMonitor/install/Robot3Node_Package:/home/ibrahim/ros2_ws/install/my_first_package:/home/ibrahim/ros2_ws/install/action_interfaces:/opt/ros/humble'), ('WSLENV', 'VSCODE_WSL_EXT_LOCATION/up')]), 'shell': False}
[0.098883] (-) TimerEvent: {}
[0.199803] (-) TimerEvent: {}
[0.251032] (action_interfaces) StdoutLine: {'line': b'-- The C compiler identification is GNU 11.4.0\n'}
[0.299913] (-) TimerEvent: {}
[0.400570] (-) TimerEvent: {}
[0.501044] (-) TimerEvent: {}
[0.601464] (-) TimerEvent: {}
[0.702194] (-) TimerEvent: {}
[0.802847] (-) TimerEvent: {}
[0.897454] (action_interfaces) StdoutLine: {'line': b'-- The CXX compiler identification is GNU 11.4.0\n'}
[0.903221] (-) TimerEvent: {}
[1.003584] (-) TimerEvent: {}
[1.104325] (-) TimerEvent: {}
[1.205012] (-) TimerEvent: {}
[1.305631] (-) TimerEvent: {}
[1.325973] (action_interfaces) StdoutLine: {'line': b'-- Detecting C compiler ABI info\n'}
[1.405823] (-) TimerEvent: {}
[1.506448] (-) TimerEvent: {}
[1.518766] (action_interfaces) StdoutLine: {'line': b'-- Detecting C compiler ABI info - done\n'}
[1.525733] (action_interfaces) StdoutLine: {'line': b'-- Check for working C compiler: /usr/bin/cc - skipped\n'}
[1.526553] (action_interfaces) StdoutLine: {'line': b'-- Detecting C compile features\n'}
[1.527368] (action_interfaces) StdoutLine: {'line': b'-- Detecting C compile features - done\n'}
[1.532723] (action_interfaces) StdoutLine: {'line': b'-- Detecting CXX compiler ABI info\n'}
[1.606861] (-) TimerEvent: {}
[1.707473] (-) TimerEvent: {}
[1.751487] (action_interfaces) StdoutLine: {'line': b'-- Detecting CXX compiler ABI info - done\n'}
[1.759139] (action_interfaces) StdoutLine: {'line': b'-- Check for working CXX compiler: /usr/bin/c++ - skipped\n'}
[1.759597] (action_interfaces) StdoutLine: {'line': b'-- Detecting CXX compile features\n'}
[1.759853] (action_interfaces) StdoutLine: {'line': b'-- Detecting CXX compile features - done\n'}
[1.768164] (action_interfaces) StdoutLine: {'line': b'-- Found ament_cmake: 1.3.14 (/opt/ros/humble/share/ament_cmake/cmake)\n'}
[1.807655] (-) TimerEvent: {}
[1.908275] (-) TimerEvent: {}
[1.962645] (action_interfaces) StdoutLine: {'line': b'-- Found Python3: /usr/bin/python3 (found version "3.10.12") found components: Interpreter \n'}
[2.008425] (-) TimerEvent: {}
[2.108857] (-) TimerEvent: {}
[2.121653] (action_interfaces) StdoutLine: {'line': b'-- Found rosidl_default_generators: 1.2.1 (/opt/ros/humble/share/rosidl_default_generators/cmake)\n'}
[2.128069] (action_interfaces) StdoutLine: {'line': b'-- Using all available rosidl_typesupport_c: rosidl_typesupport_fastrtps_c;rosidl_typesupport_introspection_c\n'}
[2.141308] (action_interfaces) StdoutLine: {'line': b'-- Found rosidl_adapter: 3.1.8 (/opt/ros/humble/share/rosidl_adapter/cmake)\n'}
[2.209032] (-) TimerEvent: {}
[2.309550] (-) TimerEvent: {}
[2.348749] (action_interfaces) StdoutLine: {'line': b'-- Using all available rosidl_typesupport_cpp: rosidl_typesupport_fastrtps_cpp;rosidl_typesupport_introspection_cpp\n'}
[2.409746] (-) TimerEvent: {}
[2.510259] (-) TimerEvent: {}
[2.611055] (-) TimerEvent: {}
[2.711923] (-) TimerEvent: {}
[2.756786] (action_interfaces) StdoutLine: {'line': b'-- Found ament_cmake_ros: 0.10.0 (/opt/ros/humble/share/ament_cmake_ros/cmake)\n'}
[2.812305] (-) TimerEvent: {}
[2.913180] (-) TimerEvent: {}
[2.988676] (action_interfaces) StdoutLine: {'line': b'-- Using all available rosidl_typesupport_c: rosidl_typesupport_fastrtps_c;rosidl_typesupport_introspection_c\n'}
[3.013465] (-) TimerEvent: {}
[3.114359] (-) TimerEvent: {}
[3.215256] (-) TimerEvent: {}
[3.274704] (action_interfaces) StdoutLine: {'line': b'-- Using all available rosidl_typesupport_cpp: rosidl_typesupport_fastrtps_cpp;rosidl_typesupport_introspection_cpp\n'}
[3.315702] (-) TimerEvent: {}
[3.416567] (-) TimerEvent: {}
[3.447516] (action_interfaces) StdoutLine: {'line': b'-- Found PythonInterp: /usr/bin/python3 (found suitable version "3.10.12", minimum required is "3.6") \n'}
[3.451060] (action_interfaces) StdoutLine: {'line': b'-- Found python_cmake_module: 0.10.0 (/opt/ros/humble/share/python_cmake_module/cmake)\n'}
[3.516760] (-) TimerEvent: {}
[3.617490] (-) TimerEvent: {}
[3.718652] (-) TimerEvent: {}
[3.819584] (-) TimerEvent: {}
[3.920619] (-) TimerEvent: {}
[3.985323] (action_interfaces) StdoutLine: {'line': b'-- Found PythonLibs: /usr/lib/x86_64-linux-gnu/libpython3.10.so (found suitable version "3.10.12", minimum required is "3.5") \n'}
[3.985729] (action_interfaces) StdoutLine: {'line': b'-- Using PYTHON_EXECUTABLE: /usr/bin/python3\n'}
[3.985817] (action_interfaces) StdoutLine: {'line': b'-- Using PYTHON_INCLUDE_DIRS: /usr/include/python3.10\n'}
[3.985910] (action_interfaces) StdoutLine: {'line': b'-- Using PYTHON_LIBRARIES: /usr/lib/x86_64-linux-gnu/libpython3.10.so\n'}
[4.009049] (action_interfaces) StdoutLine: {'line': b'-- Found PythonExtra: .so  \n'}
[4.020838] (-) TimerEvent: {}
[4.121817] (-) TimerEvent: {}
[4.195643] (action_interfaces) StdoutLine: {'line': b'-- Found ament_lint_auto: 0.12.15 (/opt/ros/humble/share/ament_lint_auto/cmake)\n'}
[4.222437] (-) TimerEvent: {}
[4.235106] (action_interfaces) StdoutLine: {'line': b"-- Added test 'lint_cmake' to check CMake code style\n"}
[4.238677] (action_interfaces) StdoutLine: {'line': b"-- Added test 'xmllint' to check XML markup files\n"}
[4.245199] (action_interfaces) StdoutLine: {'line': b'-- Configuring done\n'}
[4.323177] (-) TimerEvent: {}
[4.352315] (action_interfaces) StdoutLine: {'line': b'-- Generating done\n'}
[4.367815] (action_interfaces) StdoutLine: {'line': b'-- Build files have been written to: /home/ibrahim/RobotArmExpanded/build/action_interfaces\n'}
[4.379594] (action_interfaces) CommandEnded: {'returncode': 0}
[4.380340] (action_interfaces) JobProgress: {'identifier': 'action_interfaces', 'progress': 'build'}
[4.381743] (action_interfaces) Command: {'cmd': ['/usr/bin/cmake', '--build', '/home/ibrahim/RobotArmExpanded/build/action_interfaces', '--', '-j16', '-l16'], 'cwd': '/home/ibrahim/RobotArmExpanded/build/action_interfaces', 'env': OrderedDict([('LESSOPEN', '| /usr/bin/lesspipe %s'), ('USER', 'ibrahim'), ('GIT_ASKPASS', '/home/ibrahim/.vscode-server/bin/0958016b2af9f09bb4257e0df4a95e2f90590f9f/extensions/git/dist/askpass.sh'), ('SHLVL', '1'), ('LD_LIBRARY_PATH', '/home/ibrahim/RobotArm/install/action_interfaces/lib:/home/ibrahim/RobotNav/install/action_interfaces/lib:/home/ibrahim/ros2_ws/install/action_interfaces/lib:/usr/lib/x86_64-linux-gnu/gazebo-11/plugins:/opt/ros/humble/opt/rviz_ogre_vendor/lib:/opt/ros/humble/lib/x86_64-linux-gnu:/opt/ros/humble/lib'), ('MOTD_SHOWN', 'update-motd'), ('HOME', '/home/ibrahim'), ('TERM_PROGRAM_VERSION', '1.120.0'), ('VSCODE_IPC_HOOK_CLI', '/run/user/1000/vscode-ipc-86cf5568-dc4d-4131-a31e-d5d2e4d6baba.sock'), ('ROS_PYTHON_VERSION', '3'), ('VSCODE_GIT_ASKPASS_MAIN', '/home/ibrahim/.vscode-server/bin/0958016b2af9f09bb4257e0df4a95e2f90590f9f/extensions/git/dist/askpass-main.js'), ('VSCODE_GIT_ASKPASS_NODE', '/home/ibrahim/.vscode-server/bin/0958016b2af9f09bb4257e0df4a95e2f90590f9f/node'), ('VSCODE_PYTHON_AUTOACTIVATE_GUARD', '1'), ('DBUS_SESSION_BUS_ADDRESS', 'unix:path=/run/user/1000/bus'), ('COLORTERM', 'truecolor'), ('WSL_DISTRO_NAME', 'Ubuntu-22.04'), ('WAYLAND_DISPLAY', 'wayland-0'), ('COLCON_PREFIX_PATH', '/home/ibrahim/RobotArm/install:/home/ibrahim/TF2Sample/install:/home/ibrahim/RobotNav/install:/home/ibrahim/RobotMonitor/install:/home/ibrahim/ros2_ws/install'), ('ROS_DISTRO', 'humble'), ('LOGNAME', 'ibrahim'), ('NAME', 'Ibrahim-laptop'), ('WSL_INTEROP', '/run/WSL/418_interop'), ('PULSE_SERVER', 'unix:/mnt/wslg/PulseServer'), ('_', '/usr/bin/colcon'), ('ROS_VERSION', '2'), ('CLAUDE_CODE_SSE_PORT', '14704'), ('TERM', 'xterm-256color'), ('ROS_LOCALHOST_ONLY', '0'), ('PATH', '/home/ibrahim/.vscode-server/data/User/globalStorage/github.copilot-chat/debugCommand:/home/ibrahim/.vscode-server/data/User/globalStorage/github.copilot-chat/copilotCli:/home/ibrahim/.vscode-server/bin/0958016b2af9f09bb4257e0df4a95e2f90590f9f/bin/remote-cli:/opt/ros/humble/bin:/usr/local/sbin:/usr/local/bin:/usr/sbin:/usr/bin:/sbin:/bin:/usr/games:/usr/local/games:/usr/lib/wsl/lib:/mnt/c/Users/zanto/AppData/Local/Programs/Microsoft VS Code:/mnt/c/Windows/system32:/mnt/c/Windows:/mnt/c/Windows/System32/Wbem:/mnt/c/Windows/System32/WindowsPowerShell/v1.0/:/mnt/c/Windows/System32/OpenSSH/:/mnt/c/Program Files (x86)/NVIDIA Corporation/PhysX/Common:/mnt/c/Program Files/NVIDIA Corporation/NVIDIA App/NvDLISR:/mnt/c/Program Files/dotnet/:/mnt/c/Program Files/nodejs/:/mnt/c/Program Files/Git/cmd:/mnt/c/Program Files/PostgreSQL/18/bin:/mnt/c/Users/zanto/.local/bin:/mnt/c/Program Files/Docker/Docker/resources/bin:/mnt/c/Program Files/GitHub CLI/:/mnt/c/Users/zanto/AppData/Local/Programs/Python/Python312/Scripts/:/mnt/c/Users/zanto/AppData/Local/Programs/Python/Python312/:/mnt/c/Users/zanto/AppData/Local/Programs/Python/Python314/Scripts/:/mnt/c/Users/zanto/AppData/Local/Programs/Python/Python314/:/mnt/c/Users/zanto/AppData/Local/Microsoft/WindowsApps:/mnt/c/Users/zanto/AppData/Local/Programs/Microsoft VS Code/bin:/mnt/c/Users/zanto/AppData/Local/Programs/Ollama:/mnt/c/Users/zanto/AppData/Roaming/npm:/mnt/c/msys64/ucrt64/bin:/snap/bin'), ('XDG_RUNTIME_DIR', '/run/user/1000/'), ('DISPLAY', ':0'), ('LANG', 'C.UTF-8'), ('LS_COLORS', 'rs=0:di=01;34:ln=01;36:mh=00:pi=40;33:so=01;35:do=01;35:bd=40;33;01:cd=40;33;01:or=40;31;01:mi=00:su=37;41:sg=30;43:ca=30;41:tw=30;42:ow=34;42:st=37;44:ex=01;32:*.tar=01;31:*.tgz=01;31:*.arc=01;31:*.arj=01;31:*.taz=01;31:*.lha=01;31:*.lz4=01;31:*.lzh=01;31:*.lzma=01;31:*.tlz=01;31:*.txz=01;31:*.tzo=01;31:*.t7z=01;31:*.zip=01;31:*.z=01;31:*.dz=01;31:*.gz=01;31:*.lrz=01;31:*.lz=01;31:*.lzo=01;31:*.xz=01;31:*.zst=01;31:*.tzst=01;31:*.bz2=01;31:*.bz=01;31:*.tbz=01;31:*.tbz2=01;31:*.tz=01;31:*.deb=01;31:*.rpm=01;31:*.jar=01;31:*.war=01;31:*.ear=01;31:*.sar=01;31:*.rar=01;31:*.alz=01;31:*.ace=01;31:*.zoo=01;31:*.cpio=01;31:*.7z=01;31:*.rz=01;31:*.cab=01;31:*.wim=01;31:*.swm=01;31:*.dwm=01;31:*.esd=01;31:*.jpg=01;35:*.jpeg=01;35:*.mjpg=01;35:*.mjpeg=01;35:*.gif=01;35:*.bmp=01;35:*.pbm=01;35:*.pgm=01;35:*.ppm=01;35:*.tga=01;35:*.xbm=01;35:*.xpm=01;35:*.tif=01;35:*.tiff=01;35:*.png=01;35:*.svg=01;35:*.svgz=01;35:*.mng=01;35:*.pcx=01;35:*.mov=01;35:*.mpg=01;35:*.mpeg=01;35:*.m2v=01;35:*.mkv=01;35:*.webm=01;35:*.webp=01;35:*.ogm=01;35:*.mp4=01;35:*.m4v=01;35:*.mp4v=01;35:*.vob=01;35:*.qt=01;35:*.nuv=01;35:*.wmv=01;35:*.asf=01;35:*.rm=01;35:*.rmvb=01;35:*.flc=01;35:*.avi=01;35:*.fli=01;35:*.flv=01;35:*.gl=01;35:*.dl=01;35:*.xcf=01;35:*.xwd=01;35:*.yuv=01;35:*.cgm=01;35:*.emf=01;35:*.ogv=01;35:*.ogx=01;35:*.aac=00;36:*.au=00;36:*.flac=00;36:*.m4a=00;36:*.mid=00;36:*.midi=00;36:*.mka=00;36:*.mp3=00;36:*.mpc=00;36:*.ogg=00;36:*.ra=00;36:*.wav=00;36:*.oga=00;36:*.opus=00;36:*.spx=00;36:*.xspf=00;36:'), ('VSCODE_GIT_IPC_HANDLE', '/run/user/1000/vscode-git-fffe7d841c.sock'), ('TERM_PROGRAM', 'vscode'), ('ROS_DOMAIN_ID', '10'), ('AMENT_PREFIX_PATH', '/home/ibrahim/RobotArm/install/main_arm_package:/home/ibrahim/RobotArm/install/action_interfaces:/home/ibrahim/TF2Sample/install/tf2sim:/home/ibrahim/RobotNav/install/main_robot_nodes:/home/ibrahim/RobotNav/install/action_interfaces:/home/ibrahim/RobotMonitor/install/Robot3Node_Package:/home/ibrahim/ros2_ws/install/my_first_package:/home/ibrahim/ros2_ws/install/action_interfaces:/opt/ros/humble'), ('SHELL', '/bin/bash'), ('LESSCLOSE', '/usr/bin/lesspipe %s %s'), ('VSCODE_GIT_ASKPASS_EXTRA_ARGS', ''), ('PWD', '/home/ibrahim/RobotArmExpanded/build/action_interfaces'), ('XDG_DATA_DIRS', '/usr/local/share:/usr/share:/var/lib/snapd/desktop'), ('PYTHONPATH', '/home/ibrahim/RobotArm/install/action_interfaces/local/lib/python3.10/dist-packages:/home/ibrahim/RobotNav/install/action_interfaces/local/lib/python3.10/dist-packages:/home/ibrahim/ros2_ws/install/action_interfaces/local/lib/python3.10/dist-packages:/opt/ros/humble/lib/python3.10/site-packages:/opt/ros/humble/local/lib/python3.10/dist-packages'), ('COLCON', '1'), ('WSL2_GUI_APPS_ENABLED', '1'), ('HOSTTYPE', 'x86_64'), ('CMAKE_PREFIX_PATH', '/home/ibrahim/RobotArm/install/main_arm_package:/home/ibrahim/RobotArm/install/action_interfaces:/home/ibrahim/TF2Sample/install/tf2sim:/home/ibrahim/RobotNav/install/main_robot_nodes:/home/ibrahim/RobotNav/install/action_interfaces:/home/ibrahim/RobotMonitor/install/Robot3Node_Package:/home/ibrahim/ros2_ws/install/my_first_package:/home/ibrahim/ros2_ws/install/action_interfaces:/opt/ros/humble'), ('WSLENV', 'VSCODE_WSL_EXT_LOCATION/up')]), 'shell': False}
[4.423485] (-) TimerEvent: {}
[4.435322] (action_interfaces) StdoutLine: {'line': b'[  1%] \x1b[34m\x1b[1mGenerating C code for ROS interfaces\x1b[0m\n'}
[4.450912] (action_interfaces) StdoutLine: {'line': b'[  5%] \x1b[34m\x1b[1mGenerating C++ code for ROS interfaces\x1b[0m\n'}
[4.451183] (action_interfaces) StdoutLine: {'line': b'[  5%] \x1b[34m\x1b[1mGenerating Rust code for ROS interfaces\x1b[0m\n'}
[4.464363] (action_interfaces) StdoutLine: {'line': b'[  5%] Built target ament_cmake_python_copy_action_interfaces\n'}
[4.523697] (-) TimerEvent: {}
[4.624331] (-) TimerEvent: {}
[4.724853] (-) TimerEvent: {}
[4.742535] (action_interfaces) StdoutLine: {'line': b'running egg_info\n'}
[4.743111] (action_interfaces) StdoutLine: {'line': b'creating action_interfaces.egg-info\n'}
[4.743892] (action_interfaces) StdoutLine: {'line': b'writing action_interfaces.egg-info/PKG-INFO\n'}
[4.744186] (action_interfaces) StdoutLine: {'line': b'writing dependency_links to action_interfaces.egg-info/dependency_links.txt\n'}
[4.744487] (action_interfaces) StdoutLine: {'line': b'writing top-level names to action_interfaces.egg-info/top_level.txt\n'}
[4.744709] (action_interfaces) StdoutLine: {'line': b"writing manifest file 'action_interfaces.egg-info/SOURCES.txt'\n"}
[4.746796] (action_interfaces) StdoutLine: {'line': b"reading manifest file 'action_interfaces.egg-info/SOURCES.txt'\n"}
[4.747407] (action_interfaces) StdoutLine: {'line': b"writing manifest file 'action_interfaces.egg-info/SOURCES.txt'\n"}
[4.793148] (action_interfaces) StdoutLine: {'line': b'[  5%] Built target ament_cmake_python_build_action_interfaces_egg\n'}
[4.808253] (action_interfaces) StdoutLine: {'line': b'[  5%] Built target action_interfaces__rs\n'}
[4.825066] (-) TimerEvent: {}
[4.925559] (-) TimerEvent: {}
[5.028533] (-) TimerEvent: {}
[5.050499] (action_interfaces) StdoutLine: {'line': b'[ 10%] \x1b[32mBuilding C object CMakeFiles/action_interfaces__rosidl_generator_c.dir/rosidl_generator_c/action_interfaces/action/detail/move_arm__functions.c.o\x1b[0m\n'}
[5.050791] (action_interfaces) StdoutLine: {'line': b'[ 10%] \x1b[32mBuilding C object CMakeFiles/action_interfaces__rosidl_generator_c.dir/rosidl_generator_c/action_interfaces/msg/detail/arm_state__functions.c.o\x1b[0m\n'}
[5.050909] (action_interfaces) StdoutLine: {'line': b'[ 10%] \x1b[32mBuilding C object CMakeFiles/action_interfaces__rosidl_generator_c.dir/rosidl_generator_c/action_interfaces/msg/detail/arm_command__functions.c.o\x1b[0m\n'}
[5.052403] (action_interfaces) StdoutLine: {'line': b'[ 12%] \x1b[32mBuilding C object CMakeFiles/action_interfaces__rosidl_generator_c.dir/rosidl_generator_c/action_interfaces/srv/detail/check_limits__functions.c.o\x1b[0m\n'}
[5.063164] (action_interfaces) StdoutLine: {'line': b'[ 12%] Built target action_interfaces__cpp\n'}
[5.079793] (action_interfaces) StdoutLine: {'line': b'[ 17%] \x1b[34m\x1b[1mGenerating C++ type support for eProsima Fast-RTPS\x1b[0m\n'}
[5.080070] (action_interfaces) StdoutLine: {'line': b'[ 17%] \x1b[34m\x1b[1mGenerating C++ introspection for ROS interfaces\x1b[0m\n'}
[5.080148] (action_interfaces) StdoutLine: {'line': b'[ 17%] \x1b[34m\x1b[1mGenerating C++ type support dispatch for ROS interfaces\x1b[0m\n'}
[5.128750] (-) TimerEvent: {}
[5.183009] (action_interfaces) StdoutLine: {'line': b'[ 19%] \x1b[32m\x1b[1mLinking C shared library libaction_interfaces__rosidl_generator_c.so\x1b[0m\n'}
[5.228891] (-) TimerEvent: {}
[5.329350] (-) TimerEvent: {}
[5.331746] (action_interfaces) StdoutLine: {'line': b'[ 19%] Built target action_interfaces__rosidl_generator_c\n'}
[5.348646] (action_interfaces) StdoutLine: {'line': b'[ 23%] \x1b[34m\x1b[1mGenerating C type support for eProsima Fast-RTPS\x1b[0m\n'}
[5.348938] (action_interfaces) StdoutLine: {'line': b'[ 23%] \x1b[34m\x1b[1mGenerating C type support dispatch for ROS interfaces\x1b[0m\n'}
[5.349368] (action_interfaces) StdoutLine: {'line': b'[ 25%] \x1b[34m\x1b[1mGenerating C introspection for ROS interfaces\x1b[0m\n'}
[5.399237] (action_interfaces) StdoutLine: {'line': b'[ 28%] \x1b[32mBuilding CXX object CMakeFiles/action_interfaces__rosidl_typesupport_cpp.dir/rosidl_typesupport_cpp/action_interfaces/msg/arm_command__type_support.cpp.o\x1b[0m\n'}
[5.399465] (action_interfaces) StdoutLine: {'line': b'[ 28%] \x1b[32mBuilding CXX object CMakeFiles/action_interfaces__rosidl_typesupport_cpp.dir/rosidl_typesupport_cpp/action_interfaces/srv/check_limits__type_support.cpp.o\x1b[0m\n'}
[5.399883] (action_interfaces) StdoutLine: {'line': b'[ 30%] \x1b[32mBuilding CXX object CMakeFiles/action_interfaces__rosidl_typesupport_cpp.dir/rosidl_typesupport_cpp/action_interfaces/action/move_arm__type_support.cpp.o\x1b[0m\n'}
[5.400140] (action_interfaces) StdoutLine: {'line': b'[ 32%] \x1b[32mBuilding CXX object CMakeFiles/action_interfaces__rosidl_typesupport_cpp.dir/rosidl_typesupport_cpp/action_interfaces/msg/arm_state__type_support.cpp.o\x1b[0m\n'}
[5.429482] (-) TimerEvent: {}
[5.518695] (action_interfaces) StdoutLine: {'line': b'[ 35%] \x1b[32mBuilding CXX object CMakeFiles/action_interfaces__rosidl_typesupport_introspection_cpp.dir/rosidl_typesupport_introspection_cpp/action_interfaces/msg/detail/arm_command__type_support.cpp.o\x1b[0m\n'}
[5.519001] (action_interfaces) StdoutLine: {'line': b'[ 35%] \x1b[32mBuilding CXX object CMakeFiles/action_interfaces__rosidl_typesupport_introspection_cpp.dir/rosidl_typesupport_introspection_cpp/action_interfaces/msg/detail/arm_state__type_support.cpp.o\x1b[0m\n'}
[5.520125] (action_interfaces) StdoutLine: {'line': b'[ 39%] \x1b[32mBuilding CXX object CMakeFiles/action_interfaces__rosidl_typesupport_introspection_cpp.dir/rosidl_typesupport_introspection_cpp/action_interfaces/action/detail/move_arm__type_support.cpp.o\x1b[0m\n'}
[5.520442] (action_interfaces) StdoutLine: {'line': b'[ 39%] \x1b[32mBuilding CXX object CMakeFiles/action_interfaces__rosidl_typesupport_introspection_cpp.dir/rosidl_typesupport_introspection_cpp/action_interfaces/srv/detail/check_limits__type_support.cpp.o\x1b[0m\n'}
[5.529651] (-) TimerEvent: {}
[5.615243] (action_interfaces) StdoutLine: {'line': b'[ 42%] \x1b[32mBuilding CXX object CMakeFiles/action_interfaces__rosidl_typesupport_fastrtps_cpp.dir/rosidl_typesupport_fastrtps_cpp/action_interfaces/srv/detail/dds_fastrtps/check_limits__type_support.cpp.o\x1b[0m\n'}
[5.615576] (action_interfaces) StdoutLine: {'line': b'[ 42%] \x1b[32mBuilding CXX object CMakeFiles/action_interfaces__rosidl_typesupport_fastrtps_cpp.dir/rosidl_typesupport_fastrtps_cpp/action_interfaces/msg/detail/dds_fastrtps/arm_command__type_support.cpp.o\x1b[0m\n'}
[5.615781] (action_interfaces) StdoutLine: {'line': b'[ 44%] \x1b[32mBuilding CXX object CMakeFiles/action_interfaces__rosidl_typesupport_fastrtps_cpp.dir/rosidl_typesupport_fastrtps_cpp/action_interfaces/msg/detail/dds_fastrtps/arm_state__type_support.cpp.o\x1b[0m\n'}
[5.616016] (action_interfaces) StdoutLine: {'line': b'[ 46%] \x1b[32mBuilding CXX object CMakeFiles/action_interfaces__rosidl_typesupport_fastrtps_cpp.dir/rosidl_typesupport_fastrtps_cpp/action_interfaces/action/detail/dds_fastrtps/move_arm__type_support.cpp.o\x1b[0m\n'}
[5.629776] (-) TimerEvent: {}
[5.732272] (-) TimerEvent: {}
[5.832644] (-) TimerEvent: {}
[5.834084] (action_interfaces) StdoutLine: {'line': b'[ 48%] \x1b[32mBuilding CXX object CMakeFiles/action_interfaces__rosidl_typesupport_c.dir/rosidl_typesupport_c/action_interfaces/msg/arm_command__type_support.cpp.o\x1b[0m\n'}
[5.834437] (action_interfaces) StdoutLine: {'line': b'[ 50%] \x1b[32mBuilding CXX object CMakeFiles/action_interfaces__rosidl_typesupport_c.dir/rosidl_typesupport_c/action_interfaces/msg/arm_state__type_support.cpp.o\x1b[0m\n'}
[5.835202] (action_interfaces) StdoutLine: {'line': b'[ 51%] \x1b[32mBuilding CXX object CMakeFiles/action_interfaces__rosidl_typesupport_c.dir/rosidl_typesupport_c/action_interfaces/action/move_arm__type_support.cpp.o\x1b[0m\n'}
[5.835740] (action_interfaces) StdoutLine: {'line': b'[ 53%] \x1b[32mBuilding CXX object CMakeFiles/action_interfaces__rosidl_typesupport_c.dir/rosidl_typesupport_c/action_interfaces/srv/check_limits__type_support.cpp.o\x1b[0m\n'}
[5.925232] (action_interfaces) StdoutLine: {'line': b'[ 55%] \x1b[32m\x1b[1mLinking CXX shared library libaction_interfaces__rosidl_typesupport_c.so\x1b[0m\n'}
[5.933486] (-) TimerEvent: {}
[6.014080] (action_interfaces) StdoutLine: {'line': b'[ 57%] \x1b[32mBuilding C object CMakeFiles/action_interfaces__rosidl_typesupport_introspection_c.dir/rosidl_typesupport_introspection_c/action_interfaces/msg/detail/arm_state__type_support.c.o\x1b[0m\n'}
[6.020337] (action_interfaces) StdoutLine: {'line': b'[ 58%] \x1b[32mBuilding C object CMakeFiles/action_interfaces__rosidl_typesupport_introspection_c.dir/rosidl_typesupport_introspection_c/action_interfaces/msg/detail/arm_command__type_support.c.o\x1b[0m\n'}
[6.020851] (action_interfaces) StdoutLine: {'line': b'[ 60%] \x1b[32mBuilding C object CMakeFiles/action_interfaces__rosidl_typesupport_introspection_c.dir/rosidl_typesupport_introspection_c/action_interfaces/action/detail/move_arm__type_support.c.o\x1b[0m\n'}
[6.021092] (action_interfaces) StdoutLine: {'line': b'[ 62%] \x1b[32mBuilding C object CMakeFiles/action_interfaces__rosidl_typesupport_introspection_c.dir/rosidl_typesupport_introspection_c/action_interfaces/srv/detail/check_limits__type_support.c.o\x1b[0m\n'}
[6.036270] (-) TimerEvent: {}
[6.090122] (action_interfaces) StdoutLine: {'line': b'[ 64%] \x1b[32m\x1b[1mLinking CXX shared library libaction_interfaces__rosidl_typesupport_cpp.so\x1b[0m\n'}
[6.119308] (action_interfaces) StdoutLine: {'line': b'[ 66%] \x1b[32mBuilding CXX object CMakeFiles/action_interfaces__rosidl_typesupport_fastrtps_c.dir/rosidl_typesupport_fastrtps_c/action_interfaces/action/detail/move_arm__type_support_c.cpp.o\x1b[0m\n'}
[6.119689] (action_interfaces) StdoutLine: {'line': b'[ 67%] \x1b[32mBuilding CXX object CMakeFiles/action_interfaces__rosidl_typesupport_fastrtps_c.dir/rosidl_typesupport_fastrtps_c/action_interfaces/msg/detail/arm_state__type_support_c.cpp.o\x1b[0m\n'}
[6.120138] (action_interfaces) StdoutLine: {'line': b'[ 69%] \x1b[32m\x1b[1mLinking C shared library libaction_interfaces__rosidl_typesupport_introspection_c.so\x1b[0m\n'}
[6.120315] (action_interfaces) StdoutLine: {'line': b'[ 71%] \x1b[32mBuilding CXX object CMakeFiles/action_interfaces__rosidl_typesupport_fastrtps_c.dir/rosidl_typesupport_fastrtps_c/action_interfaces/msg/detail/arm_command__type_support_c.cpp.o\x1b[0m\n'}
[6.120558] (action_interfaces) StdoutLine: {'line': b'[ 73%] \x1b[32mBuilding CXX object CMakeFiles/action_interfaces__rosidl_typesupport_fastrtps_c.dir/rosidl_typesupport_fastrtps_c/action_interfaces/srv/detail/check_limits__type_support_c.cpp.o\x1b[0m\n'}
[6.136393] (-) TimerEvent: {}
[6.174807] (action_interfaces) StdoutLine: {'line': b'[ 73%] Built target action_interfaces__rosidl_typesupport_c\n'}
[6.236525] (-) TimerEvent: {}
[6.271251] (action_interfaces) StdoutLine: {'line': b'[ 73%] Built target action_interfaces__rosidl_typesupport_cpp\n'}
[6.288628] (action_interfaces) StdoutLine: {'line': b'[ 73%] Built target action_interfaces__rosidl_typesupport_introspection_c\n'}
[6.336683] (-) TimerEvent: {}
[6.402561] (action_interfaces) StdoutLine: {'line': b'[ 75%] \x1b[32m\x1b[1mLinking CXX shared library libaction_interfaces__rosidl_typesupport_introspection_cpp.so\x1b[0m\n'}
[6.415716] (action_interfaces) StdoutLine: {'line': b'[ 76%] \x1b[32m\x1b[1mLinking CXX shared library libaction_interfaces__rosidl_typesupport_fastrtps_cpp.so\x1b[0m\n'}
[6.436823] (-) TimerEvent: {}
[6.537258] (-) TimerEvent: {}
[6.584393] (action_interfaces) StdoutLine: {'line': b'[ 78%] \x1b[32m\x1b[1mLinking CXX shared library libaction_interfaces__rosidl_typesupport_fastrtps_c.so\x1b[0m\n'}
[6.628258] (action_interfaces) StdoutLine: {'line': b'[ 78%] Built target action_interfaces__rosidl_typesupport_introspection_cpp\n'}
[6.631054] (action_interfaces) StdoutLine: {'line': b'[ 78%] Built target action_interfaces__rosidl_typesupport_fastrtps_cpp\n'}
[6.637385] (-) TimerEvent: {}
[6.737863] (-) TimerEvent: {}
[6.794922] (action_interfaces) StdoutLine: {'line': b'[ 78%] Built target action_interfaces__rosidl_typesupport_fastrtps_c\n'}
[6.824956] (action_interfaces) StdoutLine: {'line': b'[ 78%] Built target action_interfaces\n'}
[6.838005] (-) TimerEvent: {}
[6.856054] (action_interfaces) StdoutLine: {'line': b'[ 80%] \x1b[34m\x1b[1mGenerating Python code for ROS interfaces\x1b[0m\n'}
[6.938141] (-) TimerEvent: {}
[7.038600] (-) TimerEvent: {}
[7.138976] (-) TimerEvent: {}
[7.239402] (-) TimerEvent: {}
[7.339975] (-) TimerEvent: {}
[7.440623] (-) TimerEvent: {}
[7.541293] (-) TimerEvent: {}
[7.641942] (-) TimerEvent: {}
[7.718607] (action_interfaces) StdoutLine: {'line': b'[ 80%] Built target action_interfaces__py\n'}
[7.742099] (-) TimerEvent: {}
[7.747313] (action_interfaces) StdoutLine: {'line': b'[ 83%] \x1b[32mBuilding C object CMakeFiles/action_interfaces__rosidl_generator_py.dir/rosidl_generator_py/action_interfaces/msg/_arm_state_s.c.o\x1b[0m\n'}
[7.747599] (action_interfaces) StdoutLine: {'line': b'[ 83%] \x1b[32mBuilding C object CMakeFiles/action_interfaces__rosidl_generator_py.dir/rosidl_generator_py/action_interfaces/srv/_check_limits_s.c.o\x1b[0m\n'}
[7.747907] (action_interfaces) StdoutLine: {'line': b'[ 85%] \x1b[32mBuilding C object CMakeFiles/action_interfaces__rosidl_generator_py.dir/rosidl_generator_py/action_interfaces/action/_move_arm_s.c.o\x1b[0m\n'}
[7.748041] (action_interfaces) StdoutLine: {'line': b'[ 87%] \x1b[32mBuilding C object CMakeFiles/action_interfaces__rosidl_generator_py.dir/rosidl_generator_py/action_interfaces/msg/_arm_command_s.c.o\x1b[0m\n'}
[7.842306] (-) TimerEvent: {}
[7.903722] (action_interfaces) StdoutLine: {'line': b'[ 89%] \x1b[32m\x1b[1mLinking C shared library rosidl_generator_py/action_interfaces/libaction_interfaces__rosidl_generator_py.so\x1b[0m\n'}
[7.942444] (-) TimerEvent: {}
[8.042866] (-) TimerEvent: {}
[8.058705] (action_interfaces) StdoutLine: {'line': b'[ 89%] Built target action_interfaces__rosidl_generator_py\n'}
[8.091510] (action_interfaces) StdoutLine: {'line': b'[ 94%] \x1b[32mBuilding C object CMakeFiles/action_interfaces__rosidl_typesupport_fastrtps_c__pyext.dir/rosidl_generator_py/action_interfaces/_action_interfaces_s.ep.rosidl_typesupport_fastrtps_c.c.o\x1b[0m\n'}
[8.091913] (action_interfaces) StdoutLine: {'line': b'[ 94%] \x1b[32mBuilding C object CMakeFiles/action_interfaces__rosidl_typesupport_c__pyext.dir/rosidl_generator_py/action_interfaces/_action_interfaces_s.ep.rosidl_typesupport_c.c.o\x1b[0m\n'}
[8.092273] (action_interfaces) StdoutLine: {'line': b'[ 94%] \x1b[32mBuilding C object CMakeFiles/action_interfaces__rosidl_typesupport_introspection_c__pyext.dir/rosidl_generator_py/action_interfaces/_action_interfaces_s.ep.rosidl_typesupport_introspection_c.c.o\x1b[0m\n'}
[8.143011] (-) TimerEvent: {}
[8.237865] (action_interfaces) StdoutLine: {'line': b'[ 98%] \x1b[32m\x1b[1mLinking C shared library rosidl_generator_py/action_interfaces/action_interfaces_s__rosidl_typesupport_c.cpython-310-x86_64-linux-gnu.so\x1b[0m\n'}
[8.238107] (action_interfaces) StdoutLine: {'line': b'[ 98%] \x1b[32m\x1b[1mLinking C shared library rosidl_generator_py/action_interfaces/action_interfaces_s__rosidl_typesupport_fastrtps_c.cpython-310-x86_64-linux-gnu.so\x1b[0m\n'}
[8.243152] (-) TimerEvent: {}
[8.254247] (action_interfaces) StdoutLine: {'line': b'[100%] \x1b[32m\x1b[1mLinking C shared library rosidl_generator_py/action_interfaces/action_interfaces_s__rosidl_typesupport_introspection_c.cpython-310-x86_64-linux-gnu.so\x1b[0m\n'}
[8.343298] (-) TimerEvent: {}
[8.353183] (action_interfaces) StdoutLine: {'line': b'[100%] Built target action_interfaces__rosidl_typesupport_c__pyext\n'}
[8.353471] (action_interfaces) StdoutLine: {'line': b'[100%] Built target action_interfaces__rosidl_typesupport_fastrtps_c__pyext\n'}
[8.400853] (action_interfaces) StdoutLine: {'line': b'[100%] Built target action_interfaces__rosidl_typesupport_introspection_c__pyext\n'}
[8.419008] (action_interfaces) CommandEnded: {'returncode': 0}
[8.420326] (action_interfaces) JobProgress: {'identifier': 'action_interfaces', 'progress': 'install'}
[8.433394] (action_interfaces) Command: {'cmd': ['/usr/bin/cmake', '--install', '/home/ibrahim/RobotArmExpanded/build/action_interfaces'], 'cwd': '/home/ibrahim/RobotArmExpanded/build/action_interfaces', 'env': OrderedDict([('LESSOPEN', '| /usr/bin/lesspipe %s'), ('USER', 'ibrahim'), ('GIT_ASKPASS', '/home/ibrahim/.vscode-server/bin/0958016b2af9f09bb4257e0df4a95e2f90590f9f/extensions/git/dist/askpass.sh'), ('SHLVL', '1'), ('LD_LIBRARY_PATH', '/home/ibrahim/RobotArm/install/action_interfaces/lib:/home/ibrahim/RobotNav/install/action_interfaces/lib:/home/ibrahim/ros2_ws/install/action_interfaces/lib:/usr/lib/x86_64-linux-gnu/gazebo-11/plugins:/opt/ros/humble/opt/rviz_ogre_vendor/lib:/opt/ros/humble/lib/x86_64-linux-gnu:/opt/ros/humble/lib'), ('MOTD_SHOWN', 'update-motd'), ('HOME', '/home/ibrahim'), ('TERM_PROGRAM_VERSION', '1.120.0'), ('VSCODE_IPC_HOOK_CLI', '/run/user/1000/vscode-ipc-86cf5568-dc4d-4131-a31e-d5d2e4d6baba.sock'), ('ROS_PYTHON_VERSION', '3'), ('VSCODE_GIT_ASKPASS_MAIN', '/home/ibrahim/.vscode-server/bin/0958016b2af9f09bb4257e0df4a95e2f90590f9f/extensions/git/dist/askpass-main.js'), ('VSCODE_GIT_ASKPASS_NODE', '/home/ibrahim/.vscode-server/bin/0958016b2af9f09bb4257e0df4a95e2f90590f9f/node'), ('VSCODE_PYTHON_AUTOACTIVATE_GUARD', '1'), ('DBUS_SESSION_BUS_ADDRESS', 'unix:path=/run/user/1000/bus'), ('COLORTERM', 'truecolor'), ('WSL_DISTRO_NAME', 'Ubuntu-22.04'), ('WAYLAND_DISPLAY', 'wayland-0'), ('COLCON_PREFIX_PATH', '/home/ibrahim/RobotArm/install:/home/ibrahim/TF2Sample/install:/home/ibrahim/RobotNav/install:/home/ibrahim/RobotMonitor/install:/home/ibrahim/ros2_ws/install'), ('ROS_DISTRO', 'humble'), ('LOGNAME', 'ibrahim'), ('NAME', 'Ibrahim-laptop'), ('WSL_INTEROP', '/run/WSL/418_interop'), ('PULSE_SERVER', 'unix:/mnt/wslg/PulseServer'), ('_', '/usr/bin/colcon'), ('ROS_VERSION', '2'), ('CLAUDE_CODE_SSE_PORT', '14704'), ('TERM', 'xterm-256color'), ('ROS_LOCALHOST_ONLY', '0'), ('PATH', '/home/ibrahim/.vscode-server/data/User/globalStorage/github.copilot-chat/debugCommand:/home/ibrahim/.vscode-server/data/User/globalStorage/github.copilot-chat/copilotCli:/home/ibrahim/.vscode-server/bin/0958016b2af9f09bb4257e0df4a95e2f90590f9f/bin/remote-cli:/opt/ros/humble/bin:/usr/local/sbin:/usr/local/bin:/usr/sbin:/usr/bin:/sbin:/bin:/usr/games:/usr/local/games:/usr/lib/wsl/lib:/mnt/c/Users/zanto/AppData/Local/Programs/Microsoft VS Code:/mnt/c/Windows/system32:/mnt/c/Windows:/mnt/c/Windows/System32/Wbem:/mnt/c/Windows/System32/WindowsPowerShell/v1.0/:/mnt/c/Windows/System32/OpenSSH/:/mnt/c/Program Files (x86)/NVIDIA Corporation/PhysX/Common:/mnt/c/Program Files/NVIDIA Corporation/NVIDIA App/NvDLISR:/mnt/c/Program Files/dotnet/:/mnt/c/Program Files/nodejs/:/mnt/c/Program Files/Git/cmd:/mnt/c/Program Files/PostgreSQL/18/bin:/mnt/c/Users/zanto/.local/bin:/mnt/c/Program Files/Docker/Docker/resources/bin:/mnt/c/Program Files/GitHub CLI/:/mnt/c/Users/zanto/AppData/Local/Programs/Python/Python312/Scripts/:/mnt/c/Users/zanto/AppData/Local/Programs/Python/Python312/:/mnt/c/Users/zanto/AppData/Local/Programs/Python/Python314/Scripts/:/mnt/c/Users/zanto/AppData/Local/Programs/Python/Python314/:/mnt/c/Users/zanto/AppData/Local/Microsoft/WindowsApps:/mnt/c/Users/zanto/AppData/Local/Programs/Microsoft VS Code/bin:/mnt/c/Users/zanto/AppData/Local/Programs/Ollama:/mnt/c/Users/zanto/AppData/Roaming/npm:/mnt/c/msys64/ucrt64/bin:/snap/bin'), ('XDG_RUNTIME_DIR', '/run/user/1000/'), ('DISPLAY', ':0'), ('LANG', 'C.UTF-8'), ('LS_COLORS', 'rs=0:di=01;34:ln=01;36:mh=00:pi=40;33:so=01;35:do=01;35:bd=40;33;01:cd=40;33;01:or=40;31;01:mi=00:su=37;41:sg=30;43:ca=30;41:tw=30;42:ow=34;42:st=37;44:ex=01;32:*.tar=01;31:*.tgz=01;31:*.arc=01;31:*.arj=01;31:*.taz=01;31:*.lha=01;31:*.lz4=01;31:*.lzh=01;31:*.lzma=01;31:*.tlz=01;31:*.txz=01;31:*.tzo=01;31:*.t7z=01;31:*.zip=01;31:*.z=01;31:*.dz=01;31:*.gz=01;31:*.lrz=01;31:*.lz=01;31:*.lzo=01;31:*.xz=01;31:*.zst=01;31:*.tzst=01;31:*.bz2=01;31:*.bz=01;31:*.tbz=01;31:*.tbz2=01;31:*.tz=01;31:*.deb=01;31:*.rpm=01;31:*.jar=01;31:*.war=01;31:*.ear=01;31:*.sar=01;31:*.rar=01;31:*.alz=01;31:*.ace=01;31:*.zoo=01;31:*.cpio=01;31:*.7z=01;31:*.rz=01;31:*.cab=01;31:*.wim=01;31:*.swm=01;31:*.dwm=01;31:*.esd=01;31:*.jpg=01;35:*.jpeg=01;35:*.mjpg=01;35:*.mjpeg=01;35:*.gif=01;35:*.bmp=01;35:*.pbm=01;35:*.pgm=01;35:*.ppm=01;35:*.tga=01;35:*.xbm=01;35:*.xpm=01;35:*.tif=01;35:*.tiff=01;35:*.png=01;35:*.svg=01;35:*.svgz=01;35:*.mng=01;35:*.pcx=01;35:*.mov=01;35:*.mpg=01;35:*.mpeg=01;35:*.m2v=01;35:*.mkv=01;35:*.webm=01;35:*.webp=01;35:*.ogm=01;35:*.mp4=01;35:*.m4v=01;35:*.mp4v=01;35:*.vob=01;35:*.qt=01;35:*.nuv=01;35:*.wmv=01;35:*.asf=01;35:*.rm=01;35:*.rmvb=01;35:*.flc=01;35:*.avi=01;35:*.fli=01;35:*.flv=01;35:*.gl=01;35:*.dl=01;35:*.xcf=01;35:*.xwd=01;35:*.yuv=01;35:*.cgm=01;35:*.emf=01;35:*.ogv=01;35:*.ogx=01;35:*.aac=00;36:*.au=00;36:*.flac=00;36:*.m4a=00;36:*.mid=00;36:*.midi=00;36:*.mka=00;36:*.mp3=00;36:*.mpc=00;36:*.ogg=00;36:*.ra=00;36:*.wav=00;36:*.oga=00;36:*.opus=00;36:*.spx=00;36:*.xspf=00;36:'), ('VSCODE_GIT_IPC_HANDLE', '/run/user/1000/vscode-git-fffe7d841c.sock'), ('TERM_PROGRAM', 'vscode'), ('ROS_DOMAIN_ID', '10'), ('AMENT_PREFIX_PATH', '/home/ibrahim/RobotArm/install/main_arm_package:/home/ibrahim/RobotArm/install/action_interfaces:/home/ibrahim/TF2Sample/install/tf2sim:/home/ibrahim/RobotNav/install/main_robot_nodes:/home/ibrahim/RobotNav/install/action_interfaces:/home/ibrahim/RobotMonitor/install/Robot3Node_Package:/home/ibrahim/ros2_ws/install/my_first_package:/home/ibrahim/ros2_ws/install/action_interfaces:/opt/ros/humble'), ('SHELL', '/bin/bash'), ('LESSCLOSE', '/usr/bin/lesspipe %s %s'), ('VSCODE_GIT_ASKPASS_EXTRA_ARGS', ''), ('PWD', '/home/ibrahim/RobotArmExpanded/build/action_interfaces'), ('XDG_DATA_DIRS', '/usr/local/share:/usr/share:/var/lib/snapd/desktop'), ('PYTHONPATH', '/home/ibrahim/RobotArm/install/action_interfaces/local/lib/python3.10/dist-packages:/home/ibrahim/RobotNav/install/action_interfaces/local/lib/python3.10/dist-packages:/home/ibrahim/ros2_ws/install/action_interfaces/local/lib/python3.10/dist-packages:/opt/ros/humble/lib/python3.10/site-packages:/opt/ros/humble/local/lib/python3.10/dist-packages'), ('COLCON', '1'), ('WSL2_GUI_APPS_ENABLED', '1'), ('HOSTTYPE', 'x86_64'), ('CMAKE_PREFIX_PATH', '/home/ibrahim/RobotArm/install/main_arm_package:/home/ibrahim/RobotArm/install/action_interfaces:/home/ibrahim/TF2Sample/install/tf2sim:/home/ibrahim/RobotNav/install/main_robot_nodes:/home/ibrahim/RobotNav/install/action_interfaces:/home/ibrahim/RobotMonitor/install/Robot3Node_Package:/home/ibrahim/ros2_ws/install/my_first_package:/home/ibrahim/ros2_ws/install/action_interfaces:/opt/ros/humble'), ('WSLENV', 'VSCODE_WSL_EXT_LOCATION/up')]), 'shell': False}
[8.443457] (action_interfaces) StdoutLine: {'line': b'-- Install configuration: ""\n'}
[8.443732] (-) TimerEvent: {}
[8.445474] (action_interfaces) StdoutLine: {'line': b'-- Installing: /home/ibrahim/RobotArmExpanded/install/action_interfaces/share/ament_index/resource_index/rosidl_interfaces/action_interfaces\n'}
[8.445897] (action_interfaces) StdoutLine: {'line': b'-- Installing: /home/ibrahim/RobotArmExpanded/install/action_interfaces/include/action_interfaces/action_interfaces\n'}
[8.447108] (action_interfaces) StdoutLine: {'line': b'-- Installing: /home/ibrahim/RobotArmExpanded/install/action_interfaces/include/action_interfaces/action_interfaces/srv\n'}
[8.447507] (action_interfaces) StdoutLine: {'line': b'-- Installing: /home/ibrahim/RobotArmExpanded/install/action_interfaces/include/action_interfaces/action_interfaces/srv/detail\n'}
[8.447972] (action_interfaces) StdoutLine: {'line': b'-- Installing: /home/ibrahim/RobotArmExpanded/install/action_interfaces/include/action_interfaces/action_interfaces/srv/detail/check_limits__type_support.h\n'}
[8.448301] (action_interfaces) StdoutLine: {'line': b'-- Installing: /home/ibrahim/RobotArmExpanded/install/action_interfaces/include/action_interfaces/action_interfaces/srv/detail/check_limits__functions.c\n'}
[8.448708] (action_interfaces) StdoutLine: {'line': b'-- Installing: /home/ibrahim/RobotArmExpanded/install/action_interfaces/include/action_interfaces/action_interfaces/srv/detail/check_limits__struct.h\n'}
[8.448832] (action_interfaces) StdoutLine: {'line': b'-- Installing: /home/ibrahim/RobotArmExpanded/install/action_interfaces/include/action_interfaces/action_interfaces/srv/detail/check_limits__functions.h\n'}
[8.449055] (action_interfaces) StdoutLine: {'line': b'-- Installing: /home/ibrahim/RobotArmExpanded/install/action_interfaces/include/action_interfaces/action_interfaces/srv/check_limits.h\n'}
[8.449298] (action_interfaces) StdoutLine: {'line': b'-- Installing: /home/ibrahim/RobotArmExpanded/install/action_interfaces/include/action_interfaces/action_interfaces/msg\n'}
[8.449878] (action_interfaces) StdoutLine: {'line': b'-- Installing: /home/ibrahim/RobotArmExpanded/install/action_interfaces/include/action_interfaces/action_interfaces/msg/rosidl_generator_c__visibility_control.h\n'}
[8.450118] (action_interfaces) StdoutLine: {'line': b'-- Installing: /home/ibrahim/RobotArmExpanded/install/action_interfaces/include/action_interfaces/action_interfaces/msg/arm_command.h\n'}
[8.450410] (action_interfaces) StdoutLine: {'line': b'-- Installing: /home/ibrahim/RobotArmExpanded/install/action_interfaces/include/action_interfaces/action_interfaces/msg/detail\n'}
[8.450992] (action_interfaces) StdoutLine: {'line': b'-- Installing: /home/ibrahim/RobotArmExpanded/install/action_interfaces/include/action_interfaces/action_interfaces/msg/detail/arm_state__functions.c\n'}
[8.451242] (action_interfaces) StdoutLine: {'line': b'-- Installing: /home/ibrahim/RobotArmExpanded/install/action_interfaces/include/action_interfaces/action_interfaces/msg/detail/arm_state__type_support.h\n'}
[8.451481] (action_interfaces) StdoutLine: {'line': b'-- Installing: /home/ibrahim/RobotArmExpanded/install/action_interfaces/include/action_interfaces/action_interfaces/msg/detail/arm_state__struct.h\n'}
[8.451692] (action_interfaces) StdoutLine: {'line': b'-- Installing: /home/ibrahim/RobotArmExpanded/install/action_interfaces/include/action_interfaces/action_interfaces/msg/detail/arm_command__functions.c\n'}
[8.451916] (action_interfaces) StdoutLine: {'line': b'-- Installing: /home/ibrahim/RobotArmExpanded/install/action_interfaces/include/action_interfaces/action_interfaces/msg/detail/arm_state__functions.h\n'}
[8.452129] (action_interfaces) StdoutLine: {'line': b'-- Installing: /home/ibrahim/RobotArmExpanded/install/action_interfaces/include/action_interfaces/action_interfaces/msg/detail/arm_command__struct.h\n'}
[8.452647] (action_interfaces) StdoutLine: {'line': b'-- Installing: /home/ibrahim/RobotArmExpanded/install/action_interfaces/include/action_interfaces/action_interfaces/msg/detail/arm_command__functions.h\n'}
[8.452897] (action_interfaces) StdoutLine: {'line': b'-- Installing: /home/ibrahim/RobotArmExpanded/install/action_interfaces/include/action_interfaces/action_interfaces/msg/detail/arm_command__type_support.h\n'}
[8.453099] (action_interfaces) StdoutLine: {'line': b'-- Installing: /home/ibrahim/RobotArmExpanded/install/action_interfaces/include/action_interfaces/action_interfaces/msg/arm_state.h\n'}
[8.453320] (action_interfaces) StdoutLine: {'line': b'-- Installing: /home/ibrahim/RobotArmExpanded/install/action_interfaces/include/action_interfaces/action_interfaces/action\n'}
[8.453792] (action_interfaces) StdoutLine: {'line': b'-- Installing: /home/ibrahim/RobotArmExpanded/install/action_interfaces/include/action_interfaces/action_interfaces/action/detail\n'}
[8.454527] (action_interfaces) StdoutLine: {'line': b'-- Installing: /home/ibrahim/RobotArmExpanded/install/action_interfaces/include/action_interfaces/action_interfaces/action/detail/move_arm__functions.c\n'}
[8.454746] (action_interfaces) StdoutLine: {'line': b'-- Installing: /home/ibrahim/RobotArmExpanded/install/action_interfaces/include/action_interfaces/action_interfaces/action/detail/move_arm__functions.h\n'}
[8.454999] (action_interfaces) StdoutLine: {'line': b'-- Installing: /home/ibrahim/RobotArmExpanded/install/action_interfaces/include/action_interfaces/action_interfaces/action/detail/move_arm__type_support.h\n'}
[8.455202] (action_interfaces) StdoutLine: {'line': b'-- Installing: /home/ibrahim/RobotArmExpanded/install/action_interfaces/include/action_interfaces/action_interfaces/action/detail/move_arm__struct.h\n'}
[8.455424] (action_interfaces) StdoutLine: {'line': b'-- Installing: /home/ibrahim/RobotArmExpanded/install/action_interfaces/include/action_interfaces/action_interfaces/action/move_arm.h\n'}
[8.456563] (action_interfaces) StdoutLine: {'line': b'-- Installing: /home/ibrahim/RobotArmExpanded/install/action_interfaces/share/action_interfaces/environment/library_path.sh\n'}
[8.456844] (action_interfaces) StdoutLine: {'line': b'-- Installing: /home/ibrahim/RobotArmExpanded/install/action_interfaces/share/action_interfaces/environment/library_path.dsv\n'}
[8.457489] (action_interfaces) StdoutLine: {'line': b'-- Installing: /home/ibrahim/RobotArmExpanded/install/action_interfaces/lib/libaction_interfaces__rosidl_generator_c.so\n'}
[8.458095] (action_interfaces) StdoutLine: {'line': b'-- Set runtime path of "/home/ibrahim/RobotArmExpanded/install/action_interfaces/lib/libaction_interfaces__rosidl_generator_c.so" to ""\n'}
[8.458384] (action_interfaces) StdoutLine: {'line': b'-- Up-to-date: /home/ibrahim/RobotArmExpanded/install/action_interfaces/include/action_interfaces/action_interfaces\n'}
[8.458614] (action_interfaces) StdoutLine: {'line': b'-- Up-to-date: /home/ibrahim/RobotArmExpanded/install/action_interfaces/include/action_interfaces/action_interfaces/srv\n'}
[8.458668] (action_interfaces) StdoutLine: {'line': b'-- Up-to-date: /home/ibrahim/RobotArmExpanded/install/action_interfaces/include/action_interfaces/action_interfaces/srv/detail\n'}
[8.458775] (action_interfaces) StdoutLine: {'line': b'-- Installing: /home/ibrahim/RobotArmExpanded/install/action_interfaces/include/action_interfaces/action_interfaces/srv/detail/check_limits__rosidl_typesupport_fastrtps_c.h\n'}
[8.459109] (action_interfaces) StdoutLine: {'line': b'-- Up-to-date: /home/ibrahim/RobotArmExpanded/install/action_interfaces/include/action_interfaces/action_interfaces/msg\n'}
[8.459313] (action_interfaces) StdoutLine: {'line': b'-- Installing: /home/ibrahim/RobotArmExpanded/install/action_interfaces/include/action_interfaces/action_interfaces/msg/rosidl_typesupport_fastrtps_c__visibility_control.h\n'}
[8.459566] (action_interfaces) StdoutLine: {'line': b'-- Up-to-date: /home/ibrahim/RobotArmExpanded/install/action_interfaces/include/action_interfaces/action_interfaces/msg/detail\n'}
[8.459799] (action_interfaces) StdoutLine: {'line': b'-- Installing: /home/ibrahim/RobotArmExpanded/install/action_interfaces/include/action_interfaces/action_interfaces/msg/detail/arm_command__rosidl_typesupport_fastrtps_c.h\n'}
[8.459877] (action_interfaces) StdoutLine: {'line': b'-- Installing: /home/ibrahim/RobotArmExpanded/install/action_interfaces/include/action_interfaces/action_interfaces/msg/detail/arm_state__rosidl_typesupport_fastrtps_c.h\n'}
[8.459937] (action_interfaces) StdoutLine: {'line': b'-- Up-to-date: /home/ibrahim/RobotArmExpanded/install/action_interfaces/include/action_interfaces/action_interfaces/action\n'}
[8.459990] (action_interfaces) StdoutLine: {'line': b'-- Up-to-date: /home/ibrahim/RobotArmExpanded/install/action_interfaces/include/action_interfaces/action_interfaces/action/detail\n'}
[8.460191] (action_interfaces) StdoutLine: {'line': b'-- Installing: /home/ibrahim/RobotArmExpanded/install/action_interfaces/include/action_interfaces/action_interfaces/action/detail/move_arm__rosidl_typesupport_fastrtps_c.h\n'}
[8.460300] (action_interfaces) StdoutLine: {'line': b'-- Installing: /home/ibrahim/RobotArmExpanded/install/action_interfaces/lib/libaction_interfaces__rosidl_typesupport_fastrtps_c.so\n'}
[8.460767] (action_interfaces) StdoutLine: {'line': b'-- Set runtime path of "/home/ibrahim/RobotArmExpanded/install/action_interfaces/lib/libaction_interfaces__rosidl_typesupport_fastrtps_c.so" to ""\n'}
[8.461045] (action_interfaces) StdoutLine: {'line': b'-- Up-to-date: /home/ibrahim/RobotArmExpanded/install/action_interfaces/include/action_interfaces/action_interfaces\n'}
[8.461335] (action_interfaces) StdoutLine: {'line': b'-- Up-to-date: /home/ibrahim/RobotArmExpanded/install/action_interfaces/include/action_interfaces/action_interfaces/srv\n'}
[8.461600] (action_interfaces) StdoutLine: {'line': b'-- Up-to-date: /home/ibrahim/RobotArmExpanded/install/action_interfaces/include/action_interfaces/action_interfaces/srv/detail\n'}
[8.461828] (action_interfaces) StdoutLine: {'line': b'-- Installing: /home/ibrahim/RobotArmExpanded/install/action_interfaces/include/action_interfaces/action_interfaces/srv/detail/check_limits__type_support.c\n'}
[8.461918] (action_interfaces) StdoutLine: {'line': b'-- Installing: /home/ibrahim/RobotArmExpanded/install/action_interfaces/include/action_interfaces/action_interfaces/srv/detail/check_limits__rosidl_typesupport_introspection_c.h\n'}
[8.462120] (action_interfaces) StdoutLine: {'line': b'-- Up-to-date: /home/ibrahim/RobotArmExpanded/install/action_interfaces/include/action_interfaces/action_interfaces/msg\n'}
[8.462231] (action_interfaces) StdoutLine: {'line': b'-- Up-to-date: /home/ibrahim/RobotArmExpanded/install/action_interfaces/include/action_interfaces/action_interfaces/msg/detail\n'}
[8.462406] (action_interfaces) StdoutLine: {'line': b'-- Installing: /home/ibrahim/RobotArmExpanded/install/action_interfaces/include/action_interfaces/action_interfaces/msg/detail/arm_command__rosidl_typesupport_introspection_c.h\n'}
[8.462536] (action_interfaces) StdoutLine: {'line': b'-- Installing: /home/ibrahim/RobotArmExpanded/install/action_interfaces/include/action_interfaces/action_interfaces/msg/detail/arm_command__type_support.c\n'}
[8.462604] (action_interfaces) StdoutLine: {'line': b'-- Installing: /home/ibrahim/RobotArmExpanded/install/action_interfaces/include/action_interfaces/action_interfaces/msg/detail/arm_state__rosidl_typesupport_introspection_c.h\n'}
[8.462646] (action_interfaces) StdoutLine: {'line': b'-- Installing: /home/ibrahim/RobotArmExpanded/install/action_interfaces/include/action_interfaces/action_interfaces/msg/detail/arm_state__type_support.c\n'}
[8.462775] (action_interfaces) StdoutLine: {'line': b'-- Installing: /home/ibrahim/RobotArmExpanded/install/action_interfaces/include/action_interfaces/action_interfaces/msg/rosidl_typesupport_introspection_c__visibility_control.h\n'}
[8.463018] (action_interfaces) StdoutLine: {'line': b'-- Up-to-date: /home/ibrahim/RobotArmExpanded/install/action_interfaces/include/action_interfaces/action_interfaces/action\n'}
[8.463192] (action_interfaces) StdoutLine: {'line': b'-- Up-to-date: /home/ibrahim/RobotArmExpanded/install/action_interfaces/include/action_interfaces/action_interfaces/action/detail\n'}
[8.463385] (action_interfaces) StdoutLine: {'line': b'-- Installing: /home/ibrahim/RobotArmExpanded/install/action_interfaces/include/action_interfaces/action_interfaces/action/detail/move_arm__type_support.c\n'}
[8.463527] (action_interfaces) StdoutLine: {'line': b'-- Installing: /home/ibrahim/RobotArmExpanded/install/action_interfaces/include/action_interfaces/action_interfaces/action/detail/move_arm__rosidl_typesupport_introspection_c.h\n'}
[8.463819] (action_interfaces) StdoutLine: {'line': b'-- Installing: /home/ibrahim/RobotArmExpanded/install/action_interfaces/lib/libaction_interfaces__rosidl_typesupport_introspection_c.so\n'}
[8.464485] (action_interfaces) StdoutLine: {'line': b'-- Set runtime path of "/home/ibrahim/RobotArmExpanded/install/action_interfaces/lib/libaction_interfaces__rosidl_typesupport_introspection_c.so" to ""\n'}
[8.464666] (action_interfaces) StdoutLine: {'line': b'-- Installing: /home/ibrahim/RobotArmExpanded/install/action_interfaces/lib/libaction_interfaces__rosidl_typesupport_c.so\n'}
[8.465073] (action_interfaces) StdoutLine: {'line': b'-- Set runtime path of "/home/ibrahim/RobotArmExpanded/install/action_interfaces/lib/libaction_interfaces__rosidl_typesupport_c.so" to ""\n'}
[8.465140] (action_interfaces) StdoutLine: {'line': b'-- Up-to-date: /home/ibrahim/RobotArmExpanded/install/action_interfaces/include/action_interfaces/action_interfaces\n'}
[8.465242] (action_interfaces) StdoutLine: {'line': b'-- Up-to-date: /home/ibrahim/RobotArmExpanded/install/action_interfaces/include/action_interfaces/action_interfaces/srv\n'}
[8.465402] (action_interfaces) StdoutLine: {'line': b'-- Up-to-date: /home/ibrahim/RobotArmExpanded/install/action_interfaces/include/action_interfaces/action_interfaces/srv/detail\n'}
[8.465452] (action_interfaces) StdoutLine: {'line': b'-- Installing: /home/ibrahim/RobotArmExpanded/install/action_interfaces/include/action_interfaces/action_interfaces/srv/detail/check_limits__type_support.hpp\n'}
[8.465635] (action_interfaces) StdoutLine: {'line': b'-- Installing: /home/ibrahim/RobotArmExpanded/install/action_interfaces/include/action_interfaces/action_interfaces/srv/detail/check_limits__struct.hpp\n'}
[8.465930] (action_interfaces) StdoutLine: {'line': b'-- Installing: /home/ibrahim/RobotArmExpanded/install/action_interfaces/include/action_interfaces/action_interfaces/srv/detail/check_limits__traits.hpp\n'}
[8.466231] (action_interfaces) StdoutLine: {'line': b'-- Installing: /home/ibrahim/RobotArmExpanded/install/action_interfaces/include/action_interfaces/action_interfaces/srv/detail/check_limits__builder.hpp\n'}
[8.466489] (action_interfaces) StdoutLine: {'line': b'-- Installing: /home/ibrahim/RobotArmExpanded/install/action_interfaces/include/action_interfaces/action_interfaces/srv/check_limits.hpp\n'}
[8.466762] (action_interfaces) StdoutLine: {'line': b'-- Up-to-date: /home/ibrahim/RobotArmExpanded/install/action_interfaces/include/action_interfaces/action_interfaces/msg\n'}
[8.466915] (action_interfaces) StdoutLine: {'line': b'-- Installing: /home/ibrahim/RobotArmExpanded/install/action_interfaces/include/action_interfaces/action_interfaces/msg/arm_command.hpp\n'}
[8.467124] (action_interfaces) StdoutLine: {'line': b'-- Installing: /home/ibrahim/RobotArmExpanded/install/action_interfaces/include/action_interfaces/action_interfaces/msg/arm_state.hpp\n'}
[8.467763] (action_interfaces) StdoutLine: {'line': b'-- Up-to-date: /home/ibrahim/RobotArmExpanded/install/action_interfaces/include/action_interfaces/action_interfaces/msg/detail\n'}
[8.468736] (action_interfaces) StdoutLine: {'line': b'-- Installing: /home/ibrahim/RobotArmExpanded/install/action_interfaces/include/action_interfaces/action_interfaces/msg/detail/arm_command__struct.hpp\n'}
[8.469126] (action_interfaces) StdoutLine: {'line': b'-- Installing: /home/ibrahim/RobotArmExpanded/install/action_interfaces/include/action_interfaces/action_interfaces/msg/detail/arm_command__type_support.hpp\n'}
[8.469364] (action_interfaces) StdoutLine: {'line': b'-- Installing: /home/ibrahim/RobotArmExpanded/install/action_interfaces/include/action_interfaces/action_interfaces/msg/detail/arm_state__struct.hpp\n'}
[8.469581] (action_interfaces) StdoutLine: {'line': b'-- Installing: /home/ibrahim/RobotArmExpanded/install/action_interfaces/include/action_interfaces/action_interfaces/msg/detail/arm_command__traits.hpp\n'}
[8.469797] (action_interfaces) StdoutLine: {'line': b'-- Installing: /home/ibrahim/RobotArmExpanded/install/action_interfaces/include/action_interfaces/action_interfaces/msg/detail/arm_state__builder.hpp\n'}
[8.469991] (action_interfaces) StdoutLine: {'line': b'-- Installing: /home/ibrahim/RobotArmExpanded/install/action_interfaces/include/action_interfaces/action_interfaces/msg/detail/arm_state__type_support.hpp\n'}
[8.470175] (action_interfaces) StdoutLine: {'line': b'-- Installing: /home/ibrahim/RobotArmExpanded/install/action_interfaces/include/action_interfaces/action_interfaces/msg/detail/arm_command__builder.hpp\n'}
[8.470441] (action_interfaces) StdoutLine: {'line': b'-- Installing: /home/ibrahim/RobotArmExpanded/install/action_interfaces/include/action_interfaces/action_interfaces/msg/detail/arm_state__traits.hpp\n'}
[8.470680] (action_interfaces) StdoutLine: {'line': b'-- Installing: /home/ibrahim/RobotArmExpanded/install/action_interfaces/include/action_interfaces/action_interfaces/msg/rosidl_generator_cpp__visibility_control.hpp\n'}
[8.470888] (action_interfaces) StdoutLine: {'line': b'-- Up-to-date: /home/ibrahim/RobotArmExpanded/install/action_interfaces/include/action_interfaces/action_interfaces/action\n'}
[8.471123] (action_interfaces) StdoutLine: {'line': b'-- Up-to-date: /home/ibrahim/RobotArmExpanded/install/action_interfaces/include/action_interfaces/action_interfaces/action/detail\n'}
[8.471194] (action_interfaces) StdoutLine: {'line': b'-- Installing: /home/ibrahim/RobotArmExpanded/install/action_interfaces/include/action_interfaces/action_interfaces/action/detail/move_arm__type_support.hpp\n'}
[8.471349] (action_interfaces) StdoutLine: {'line': b'-- Installing: /home/ibrahim/RobotArmExpanded/install/action_interfaces/include/action_interfaces/action_interfaces/action/detail/move_arm__struct.hpp\n'}
[8.471624] (action_interfaces) StdoutLine: {'line': b'-- Installing: /home/ibrahim/RobotArmExpanded/install/action_interfaces/include/action_interfaces/action_interfaces/action/detail/move_arm__traits.hpp\n'}
[8.471881] (action_interfaces) StdoutLine: {'line': b'-- Installing: /home/ibrahim/RobotArmExpanded/install/action_interfaces/include/action_interfaces/action_interfaces/action/detail/move_arm__builder.hpp\n'}
[8.472132] (action_interfaces) StdoutLine: {'line': b'-- Installing: /home/ibrahim/RobotArmExpanded/install/action_interfaces/include/action_interfaces/action_interfaces/action/move_arm.hpp\n'}
[8.472447] (action_interfaces) StdoutLine: {'line': b'-- Up-to-date: /home/ibrahim/RobotArmExpanded/install/action_interfaces/include/action_interfaces/action_interfaces\n'}
[8.472742] (action_interfaces) StdoutLine: {'line': b'-- Up-to-date: /home/ibrahim/RobotArmExpanded/install/action_interfaces/include/action_interfaces/action_interfaces/srv\n'}
[8.472840] (action_interfaces) StdoutLine: {'line': b'-- Up-to-date: /home/ibrahim/RobotArmExpanded/install/action_interfaces/include/action_interfaces/action_interfaces/srv/detail\n'}
[8.472886] (action_interfaces) StdoutLine: {'line': b'-- Installing: /home/ibrahim/RobotArmExpanded/install/action_interfaces/include/action_interfaces/action_interfaces/srv/detail/dds_fastrtps\n'}
[8.473290] (action_interfaces) StdoutLine: {'line': b'-- Installing: /home/ibrahim/RobotArmExpanded/install/action_interfaces/include/action_interfaces/action_interfaces/srv/detail/check_limits__rosidl_typesupport_fastrtps_cpp.hpp\n'}
[8.473507] (action_interfaces) StdoutLine: {'line': b'-- Up-to-date: /home/ibrahim/RobotArmExpanded/install/action_interfaces/include/action_interfaces/action_interfaces/msg\n'}
[8.473660] (action_interfaces) StdoutLine: {'line': b'-- Installing: /home/ibrahim/RobotArmExpanded/install/action_interfaces/include/action_interfaces/action_interfaces/msg/rosidl_typesupport_fastrtps_cpp__visibility_control.h\n'}
[8.473890] (action_interfaces) StdoutLine: {'line': b'-- Up-to-date: /home/ibrahim/RobotArmExpanded/install/action_interfaces/include/action_interfaces/action_interfaces/msg/detail\n'}
[8.474080] (action_interfaces) StdoutLine: {'line': b'-- Installing: /home/ibrahim/RobotArmExpanded/install/action_interfaces/include/action_interfaces/action_interfaces/msg/detail/arm_state__rosidl_typesupport_fastrtps_cpp.hpp\n'}
[8.474266] (action_interfaces) StdoutLine: {'line': b'-- Installing: /home/ibrahim/RobotArmExpanded/install/action_interfaces/include/action_interfaces/action_interfaces/msg/detail/arm_command__rosidl_typesupport_fastrtps_cpp.hpp\n'}
[8.474455] (action_interfaces) StdoutLine: {'line': b'-- Installing: /home/ibrahim/RobotArmExpanded/install/action_interfaces/include/action_interfaces/action_interfaces/msg/detail/dds_fastrtps\n'}
[8.474917] (action_interfaces) StdoutLine: {'line': b'-- Up-to-date: /home/ibrahim/RobotArmExpanded/install/action_interfaces/include/action_interfaces/action_interfaces/action\n'}
[8.475233] (action_interfaces) StdoutLine: {'line': b'-- Up-to-date: /home/ibrahim/RobotArmExpanded/install/action_interfaces/include/action_interfaces/action_interfaces/action/detail\n'}
[8.475326] (action_interfaces) StdoutLine: {'line': b'-- Installing: /home/ibrahim/RobotArmExpanded/install/action_interfaces/include/action_interfaces/action_interfaces/action/detail/move_arm__rosidl_typesupport_fastrtps_cpp.hpp\n'}
[8.475496] (action_interfaces) StdoutLine: {'line': b'-- Installing: /home/ibrahim/RobotArmExpanded/install/action_interfaces/include/action_interfaces/action_interfaces/action/detail/dds_fastrtps\n'}
[8.476199] (action_interfaces) StdoutLine: {'line': b'-- Installing: /home/ibrahim/RobotArmExpanded/install/action_interfaces/lib/libaction_interfaces__rosidl_typesupport_fastrtps_cpp.so\n'}
[8.476866] (action_interfaces) StdoutLine: {'line': b'-- Set runtime path of "/home/ibrahim/RobotArmExpanded/install/action_interfaces/lib/libaction_interfaces__rosidl_typesupport_fastrtps_cpp.so" to ""\n'}
[8.477272] (action_interfaces) StdoutLine: {'line': b'-- Up-to-date: /home/ibrahim/RobotArmExpanded/install/action_interfaces/include/action_interfaces/action_interfaces\n'}
[8.477411] (action_interfaces) StdoutLine: {'line': b'-- Up-to-date: /home/ibrahim/RobotArmExpanded/install/action_interfaces/include/action_interfaces/action_interfaces/srv\n'}
[8.477602] (action_interfaces) StdoutLine: {'line': b'-- Up-to-date: /home/ibrahim/RobotArmExpanded/install/action_interfaces/include/action_interfaces/action_interfaces/srv/detail\n'}
[8.477734] (action_interfaces) StdoutLine: {'line': b'-- Installing: /home/ibrahim/RobotArmExpanded/install/action_interfaces/include/action_interfaces/action_interfaces/srv/detail/check_limits__rosidl_typesupport_introspection_cpp.hpp\n'}
[8.477918] (action_interfaces) StdoutLine: {'line': b'-- Installing: /home/ibrahim/RobotArmExpanded/install/action_interfaces/include/action_interfaces/action_interfaces/srv/detail/check_limits__type_support.cpp\n'}
[8.478073] (action_interfaces) StdoutLine: {'line': b'-- Up-to-date: /home/ibrahim/RobotArmExpanded/install/action_interfaces/include/action_interfaces/action_interfaces/msg\n'}
[8.478257] (action_interfaces) StdoutLine: {'line': b'-- Up-to-date: /home/ibrahim/RobotArmExpanded/install/action_interfaces/include/action_interfaces/action_interfaces/msg/detail\n'}
[8.478440] (action_interfaces) StdoutLine: {'line': b'-- Installing: /home/ibrahim/RobotArmExpanded/install/action_interfaces/include/action_interfaces/action_interfaces/msg/detail/arm_state__type_support.cpp\n'}
[8.478770] (action_interfaces) StdoutLine: {'line': b'-- Installing: /home/ibrahim/RobotArmExpanded/install/action_interfaces/include/action_interfaces/action_interfaces/msg/detail/arm_command__rosidl_typesupport_introspection_cpp.hpp\n'}
[8.478932] (action_interfaces) StdoutLine: {'line': b'-- Installing: /home/ibrahim/RobotArmExpanded/install/action_interfaces/include/action_interfaces/action_interfaces/msg/detail/arm_state__rosidl_typesupport_introspection_cpp.hpp\n'}
[8.479041] (action_interfaces) StdoutLine: {'line': b'-- Installing: /home/ibrahim/RobotArmExpanded/install/action_interfaces/include/action_interfaces/action_interfaces/msg/detail/arm_command__type_support.cpp\n'}
[8.479229] (action_interfaces) StdoutLine: {'line': b'-- Up-to-date: /home/ibrahim/RobotArmExpanded/install/action_interfaces/include/action_interfaces/action_interfaces/action\n'}
[8.479347] (action_interfaces) StdoutLine: {'line': b'-- Up-to-date: /home/ibrahim/RobotArmExpanded/install/action_interfaces/include/action_interfaces/action_interfaces/action/detail\n'}
[8.479480] (action_interfaces) StdoutLine: {'line': b'-- Installing: /home/ibrahim/RobotArmExpanded/install/action_interfaces/include/action_interfaces/action_interfaces/action/detail/move_arm__rosidl_typesupport_introspection_cpp.hpp\n'}
[8.479530] (action_interfaces) StdoutLine: {'line': b'-- Installing: /home/ibrahim/RobotArmExpanded/install/action_interfaces/include/action_interfaces/action_interfaces/action/detail/move_arm__type_support.cpp\n'}
[8.479573] (action_interfaces) StdoutLine: {'line': b'-- Installing: /home/ibrahim/RobotArmExpanded/install/action_interfaces/lib/libaction_interfaces__rosidl_typesupport_introspection_cpp.so\n'}
[8.480058] (action_interfaces) StdoutLine: {'line': b'-- Set runtime path of "/home/ibrahim/RobotArmExpanded/install/action_interfaces/lib/libaction_interfaces__rosidl_typesupport_introspection_cpp.so" to ""\n'}
[8.480335] (action_interfaces) StdoutLine: {'line': b'-- Installing: /home/ibrahim/RobotArmExpanded/install/action_interfaces/lib/libaction_interfaces__rosidl_typesupport_cpp.so\n'}
[8.480867] (action_interfaces) StdoutLine: {'line': b'-- Set runtime path of "/home/ibrahim/RobotArmExpanded/install/action_interfaces/lib/libaction_interfaces__rosidl_typesupport_cpp.so" to ""\n'}
[8.481084] (action_interfaces) StdoutLine: {'line': b'-- Installing: /home/ibrahim/RobotArmExpanded/install/action_interfaces/share/action_interfaces/environment/pythonpath.sh\n'}
[8.481298] (action_interfaces) StdoutLine: {'line': b'-- Installing: /home/ibrahim/RobotArmExpanded/install/action_interfaces/share/action_interfaces/environment/pythonpath.dsv\n'}
[8.481415] (action_interfaces) StdoutLine: {'line': b'-- Installing: /home/ibrahim/RobotArmExpanded/install/action_interfaces/local/lib/python3.10/dist-packages/action_interfaces-0.0.0-py3.10.egg-info\n'}
[8.483556] (action_interfaces) StdoutLine: {'line': b'-- Installing: /home/ibrahim/RobotArmExpanded/install/action_interfaces/local/lib/python3.10/dist-packages/action_interfaces-0.0.0-py3.10.egg-info/top_level.txt\n'}
[8.483787] (action_interfaces) StdoutLine: {'line': b'-- Installing: /home/ibrahim/RobotArmExpanded/install/action_interfaces/local/lib/python3.10/dist-packages/action_interfaces-0.0.0-py3.10.egg-info/PKG-INFO\n'}
[8.483989] (action_interfaces) StdoutLine: {'line': b'-- Installing: /home/ibrahim/RobotArmExpanded/install/action_interfaces/local/lib/python3.10/dist-packages/action_interfaces-0.0.0-py3.10.egg-info/dependency_links.txt\n'}
[8.484200] (action_interfaces) StdoutLine: {'line': b'-- Installing: /home/ibrahim/RobotArmExpanded/install/action_interfaces/local/lib/python3.10/dist-packages/action_interfaces-0.0.0-py3.10.egg-info/SOURCES.txt\n'}
[8.484553] (action_interfaces) StdoutLine: {'line': b'-- Installing: /home/ibrahim/RobotArmExpanded/install/action_interfaces/local/lib/python3.10/dist-packages/action_interfaces\n'}
[8.484951] (action_interfaces) StdoutLine: {'line': b'-- Installing: /home/ibrahim/RobotArmExpanded/install/action_interfaces/local/lib/python3.10/dist-packages/action_interfaces/_action_interfaces_s.ep.rosidl_typesupport_introspection_c.c\n'}
[8.485264] (action_interfaces) StdoutLine: {'line': b'-- Installing: /home/ibrahim/RobotArmExpanded/install/action_interfaces/local/lib/python3.10/dist-packages/action_interfaces/_action_interfaces_s.ep.rosidl_typesupport_c.c\n'}
[8.485574] (action_interfaces) StdoutLine: {'line': b'-- Installing: /home/ibrahim/RobotArmExpanded/install/action_interfaces/local/lib/python3.10/dist-packages/action_interfaces/action_interfaces_s__rosidl_typesupport_fastrtps_c.cpython-310-x86_64-linux-gnu.so\n'}
[8.485875] (action_interfaces) StdoutLine: {'line': b'-- Installing: /home/ibrahim/RobotArmExpanded/install/action_interfaces/local/lib/python3.10/dist-packages/action_interfaces/srv\n'}
[8.486318] (action_interfaces) StdoutLine: {'line': b'-- Installing: /home/ibrahim/RobotArmExpanded/install/action_interfaces/local/lib/python3.10/dist-packages/action_interfaces/srv/_check_limits.py\n'}
[8.486611] (action_interfaces) StdoutLine: {'line': b'-- Installing: /home/ibrahim/RobotArmExpanded/install/action_interfaces/local/lib/python3.10/dist-packages/action_interfaces/srv/__init__.py\n'}
[8.486851] (action_interfaces) StdoutLine: {'line': b'-- Installing: /home/ibrahim/RobotArmExpanded/install/action_interfaces/local/lib/python3.10/dist-packages/action_interfaces/srv/_check_limits_s.c\n'}
[8.487113] (action_interfaces) StdoutLine: {'line': b'-- Installing: /home/ibrahim/RobotArmExpanded/install/action_interfaces/local/lib/python3.10/dist-packages/action_interfaces/_action_interfaces_s.ep.rosidl_typesupport_fastrtps_c.c\n'}
[8.487237] (action_interfaces) StdoutLine: {'line': b'-- Installing: /home/ibrahim/RobotArmExpanded/install/action_interfaces/local/lib/python3.10/dist-packages/action_interfaces/libaction_interfaces__rosidl_generator_py.so\n'}
[8.487524] (action_interfaces) StdoutLine: {'line': b'-- Installing: /home/ibrahim/RobotArmExpanded/install/action_interfaces/local/lib/python3.10/dist-packages/action_interfaces/msg\n'}
[8.488006] (action_interfaces) StdoutLine: {'line': b'-- Installing: /home/ibrahim/RobotArmExpanded/install/action_interfaces/local/lib/python3.10/dist-packages/action_interfaces/msg/_arm_state_s.c\n'}
[8.488236] (action_interfaces) StdoutLine: {'line': b'-- Installing: /home/ibrahim/RobotArmExpanded/install/action_interfaces/local/lib/python3.10/dist-packages/action_interfaces/msg/_arm_state.py\n'}
[8.488507] (action_interfaces) StdoutLine: {'line': b'-- Installing: /home/ibrahim/RobotArmExpanded/install/action_interfaces/local/lib/python3.10/dist-packages/action_interfaces/msg/_arm_command_s.c\n'}
[8.488725] (action_interfaces) StdoutLine: {'line': b'-- Installing: /home/ibrahim/RobotArmExpanded/install/action_interfaces/local/lib/python3.10/dist-packages/action_interfaces/msg/__init__.py\n'}
[8.488919] (action_interfaces) StdoutLine: {'line': b'-- Installing: /home/ibrahim/RobotArmExpanded/install/action_interfaces/local/lib/python3.10/dist-packages/action_interfaces/msg/_arm_command.py\n'}
[8.489121] (action_interfaces) StdoutLine: {'line': b'-- Installing: /home/ibrahim/RobotArmExpanded/install/action_interfaces/local/lib/python3.10/dist-packages/action_interfaces/action_interfaces_s__rosidl_typesupport_introspection_c.cpython-310-x86_64-linux-gnu.so\n'}
[8.489430] (action_interfaces) StdoutLine: {'line': b'-- Installing: /home/ibrahim/RobotArmExpanded/install/action_interfaces/local/lib/python3.10/dist-packages/action_interfaces/action\n'}
[8.489894] (action_interfaces) StdoutLine: {'line': b'-- Installing: /home/ibrahim/RobotArmExpanded/install/action_interfaces/local/lib/python3.10/dist-packages/action_interfaces/action/_move_arm.py\n'}
[8.490222] (action_interfaces) StdoutLine: {'line': b'-- Installing: /home/ibrahim/RobotArmExpanded/install/action_interfaces/local/lib/python3.10/dist-packages/action_interfaces/action/_move_arm_s.c\n'}
[8.490453] (action_interfaces) StdoutLine: {'line': b'-- Installing: /home/ibrahim/RobotArmExpanded/install/action_interfaces/local/lib/python3.10/dist-packages/action_interfaces/action/__init__.py\n'}
[8.490747] (action_interfaces) StdoutLine: {'line': b'-- Installing: /home/ibrahim/RobotArmExpanded/install/action_interfaces/local/lib/python3.10/dist-packages/action_interfaces/__init__.py\n'}
[8.490979] (action_interfaces) StdoutLine: {'line': b'-- Installing: /home/ibrahim/RobotArmExpanded/install/action_interfaces/local/lib/python3.10/dist-packages/action_interfaces/action_interfaces_s__rosidl_typesupport_c.cpython-310-x86_64-linux-gnu.so\n'}
[8.532930] (action_interfaces) StdoutLine: {'line': b"Listing '/home/ibrahim/RobotArmExpanded/install/action_interfaces/local/lib/python3.10/dist-packages/action_interfaces'...\n"}
[8.533311] (action_interfaces) StdoutLine: {'line': b"Compiling '/home/ibrahim/RobotArmExpanded/install/action_interfaces/local/lib/python3.10/dist-packages/action_interfaces/__init__.py'...\n"}
[8.533461] (action_interfaces) StdoutLine: {'line': b"Listing '/home/ibrahim/RobotArmExpanded/install/action_interfaces/local/lib/python3.10/dist-packages/action_interfaces/action'...\n"}
[8.533574] (action_interfaces) StdoutLine: {'line': b"Compiling '/home/ibrahim/RobotArmExpanded/install/action_interfaces/local/lib/python3.10/dist-packages/action_interfaces/action/__init__.py'...\n"}
[8.533673] (action_interfaces) StdoutLine: {'line': b"Compiling '/home/ibrahim/RobotArmExpanded/install/action_interfaces/local/lib/python3.10/dist-packages/action_interfaces/action/_move_arm.py'...\n"}
[8.533747] (action_interfaces) StdoutLine: {'line': b"Listing '/home/ibrahim/RobotArmExpanded/install/action_interfaces/local/lib/python3.10/dist-packages/action_interfaces/msg'...\n"}
[8.533782] (action_interfaces) StdoutLine: {'line': b"Compiling '/home/ibrahim/RobotArmExpanded/install/action_interfaces/local/lib/python3.10/dist-packages/action_interfaces/msg/__init__.py'...\n"}
[8.533815] (action_interfaces) StdoutLine: {'line': b"Compiling '/home/ibrahim/RobotArmExpanded/install/action_interfaces/local/lib/python3.10/dist-packages/action_interfaces/msg/_arm_command.py'...\n"}
[8.533849] (action_interfaces) StdoutLine: {'line': b"Compiling '/home/ibrahim/RobotArmExpanded/install/action_interfaces/local/lib/python3.10/dist-packages/action_interfaces/msg/_arm_state.py'...\n"}
[8.533883] (action_interfaces) StdoutLine: {'line': b"Listing '/home/ibrahim/RobotArmExpanded/install/action_interfaces/local/lib/python3.10/dist-packages/action_interfaces/srv'...\n"}
[8.533916] (action_interfaces) StdoutLine: {'line': b"Compiling '/home/ibrahim/RobotArmExpanded/install/action_interfaces/local/lib/python3.10/dist-packages/action_interfaces/srv/__init__.py'...\n"}
[8.533962] (action_interfaces) StdoutLine: {'line': b"Compiling '/home/ibrahim/RobotArmExpanded/install/action_interfaces/local/lib/python3.10/dist-packages/action_interfaces/srv/_check_limits.py'...\n"}
[8.537673] (action_interfaces) StdoutLine: {'line': b'-- Installing: /home/ibrahim/RobotArmExpanded/install/action_interfaces/local/lib/python3.10/dist-packages/action_interfaces/action_interfaces_s__rosidl_typesupport_fastrtps_c.cpython-310-x86_64-linux-gnu.so\n'}
[8.538287] (action_interfaces) StdoutLine: {'line': b'-- Set runtime path of "/home/ibrahim/RobotArmExpanded/install/action_interfaces/local/lib/python3.10/dist-packages/action_interfaces/action_interfaces_s__rosidl_typesupport_fastrtps_c.cpython-310-x86_64-linux-gnu.so" to ""\n'}
[8.538617] (action_interfaces) StdoutLine: {'line': b'-- Installing: /home/ibrahim/RobotArmExpanded/install/action_interfaces/local/lib/python3.10/dist-packages/action_interfaces/action_interfaces_s__rosidl_typesupport_introspection_c.cpython-310-x86_64-linux-gnu.so\n'}
[8.539167] (action_interfaces) StdoutLine: {'line': b'-- Set runtime path of "/home/ibrahim/RobotArmExpanded/install/action_interfaces/local/lib/python3.10/dist-packages/action_interfaces/action_interfaces_s__rosidl_typesupport_introspection_c.cpython-310-x86_64-linux-gnu.so" to ""\n'}
[8.539562] (action_interfaces) StdoutLine: {'line': b'-- Installing: /home/ibrahim/RobotArmExpanded/install/action_interfaces/local/lib/python3.10/dist-packages/action_interfaces/action_interfaces_s__rosidl_typesupport_c.cpython-310-x86_64-linux-gnu.so\n'}
[8.540191] (action_interfaces) StdoutLine: {'line': b'-- Set runtime path of "/home/ibrahim/RobotArmExpanded/install/action_interfaces/local/lib/python3.10/dist-packages/action_interfaces/action_interfaces_s__rosidl_typesupport_c.cpython-310-x86_64-linux-gnu.so" to ""\n'}
[8.540450] (action_interfaces) StdoutLine: {'line': b'-- Installing: /home/ibrahim/RobotArmExpanded/install/action_interfaces/lib/libaction_interfaces__rosidl_generator_py.so\n'}
[8.541220] (action_interfaces) StdoutLine: {'line': b'-- Set runtime path of "/home/ibrahim/RobotArmExpanded/install/action_interfaces/lib/libaction_interfaces__rosidl_generator_py.so" to ""\n'}
[8.541684] (action_interfaces) StdoutLine: {'line': b'-- Installing: /home/ibrahim/RobotArmExpanded/install/action_interfaces/share/ament_index/resource_index/rust_packages/action_interfaces\n'}
[8.541944] (action_interfaces) StdoutLine: {'line': b'-- Installing: /home/ibrahim/RobotArmExpanded/install/action_interfaces/share/action_interfaces/rust\n'}
[8.542390] (action_interfaces) StdoutLine: {'line': b'-- Installing: /home/ibrahim/RobotArmExpanded/install/action_interfaces/share/action_interfaces/rust/src\n'}
[8.542837] (action_interfaces) StdoutLine: {'line': b'-- Installing: /home/ibrahim/RobotArmExpanded/install/action_interfaces/share/action_interfaces/rust/src/action.rs\n'}
[8.543116] (action_interfaces) StdoutLine: {'line': b'-- Installing: /home/ibrahim/RobotArmExpanded/install/action_interfaces/share/action_interfaces/rust/src/msg.rs\n'}
[8.543368] (action_interfaces) StdoutLine: {'line': b'-- Installing: /home/ibrahim/RobotArmExpanded/install/action_interfaces/share/action_interfaces/rust/src/lib.rs\n'}
[8.543608] (action_interfaces) StdoutLine: {'line': b'-- Installing: /home/ibrahim/RobotArmExpanded/install/action_interfaces/share/action_interfaces/rust/src/srv\n'}
[8.543835] (-) TimerEvent: {}
[8.544070] (action_interfaces) StdoutLine: {'line': b'-- Installing: /home/ibrahim/RobotArmExpanded/install/action_interfaces/share/action_interfaces/rust/src/srv/rmw.rs\n'}
[8.544418] (action_interfaces) StdoutLine: {'line': b'-- Installing: /home/ibrahim/RobotArmExpanded/install/action_interfaces/share/action_interfaces/rust/src/msg\n'}
[8.545016] (action_interfaces) StdoutLine: {'line': b'-- Installing: /home/ibrahim/RobotArmExpanded/install/action_interfaces/share/action_interfaces/rust/src/msg/rmw.rs\n'}
[8.545280] (action_interfaces) StdoutLine: {'line': b'-- Installing: /home/ibrahim/RobotArmExpanded/install/action_interfaces/share/action_interfaces/rust/src/action\n'}
[8.545817] (action_interfaces) StdoutLine: {'line': b'-- Installing: /home/ibrahim/RobotArmExpanded/install/action_interfaces/share/action_interfaces/rust/src/action/rmw.rs\n'}
[8.546084] (action_interfaces) StdoutLine: {'line': b'-- Installing: /home/ibrahim/RobotArmExpanded/install/action_interfaces/share/action_interfaces/rust/src/srv.rs\n'}
[8.546302] (action_interfaces) StdoutLine: {'line': b'-- Installing: /home/ibrahim/RobotArmExpanded/install/action_interfaces/share/action_interfaces/rust/build.rs\n'}
[8.546517] (action_interfaces) StdoutLine: {'line': b'-- Installing: /home/ibrahim/RobotArmExpanded/install/action_interfaces/share/action_interfaces/rust/Cargo.toml\n'}
[8.547242] (action_interfaces) StdoutLine: {'line': b'-- Installing: /home/ibrahim/RobotArmExpanded/install/action_interfaces/share/action_interfaces/msg/ArmState.idl\n'}
[8.547525] (action_interfaces) StdoutLine: {'line': b'-- Installing: /home/ibrahim/RobotArmExpanded/install/action_interfaces/share/action_interfaces/msg/ArmCommand.idl\n'}
[8.548245] (action_interfaces) StdoutLine: {'line': b'-- Installing: /home/ibrahim/RobotArmExpanded/install/action_interfaces/share/action_interfaces/srv/CheckLimits.idl\n'}
[8.548940] (action_interfaces) StdoutLine: {'line': b'-- Installing: /home/ibrahim/RobotArmExpanded/install/action_interfaces/share/action_interfaces/action/MoveArm.idl\n'}
[8.549484] (action_interfaces) StdoutLine: {'line': b'-- Installing: /home/ibrahim/RobotArmExpanded/install/action_interfaces/share/action_interfaces/msg/ArmState.msg\n'}
[8.549739] (action_interfaces) StdoutLine: {'line': b'-- Installing: /home/ibrahim/RobotArmExpanded/install/action_interfaces/share/action_interfaces/msg/ArmCommand.msg\n'}
[8.550001] (action_interfaces) StdoutLine: {'line': b'-- Installing: /home/ibrahim/RobotArmExpanded/install/action_interfaces/share/action_interfaces/srv/CheckLimits.srv\n'}
[8.550314] (action_interfaces) StdoutLine: {'line': b'-- Installing: /home/ibrahim/RobotArmExpanded/install/action_interfaces/share/action_interfaces/srv/CheckLimits_Request.msg\n'}
[8.550636] (action_interfaces) StdoutLine: {'line': b'-- Installing: /home/ibrahim/RobotArmExpanded/install/action_interfaces/share/action_interfaces/srv/CheckLimits_Response.msg\n'}
[8.550931] (action_interfaces) StdoutLine: {'line': b'-- Installing: /home/ibrahim/RobotArmExpanded/install/action_interfaces/share/action_interfaces/action/MoveArm.action\n'}
[8.551754] (action_interfaces) StdoutLine: {'line': b'-- Installing: /home/ibrahim/RobotArmExpanded/install/action_interfaces/share/ament_index/resource_index/package_run_dependencies/action_interfaces\n'}
[8.552447] (action_interfaces) StdoutLine: {'line': b'-- Installing: /home/ibrahim/RobotArmExpanded/install/action_interfaces/share/ament_index/resource_index/parent_prefix_path/action_interfaces\n'}
[8.552701] (action_interfaces) StdoutLine: {'line': b'-- Installing: /home/ibrahim/RobotArmExpanded/install/action_interfaces/share/action_interfaces/environment/ament_prefix_path.sh\n'}
[8.552952] (action_interfaces) StdoutLine: {'line': b'-- Installing: /home/ibrahim/RobotArmExpanded/install/action_interfaces/share/action_interfaces/environment/ament_prefix_path.dsv\n'}
[8.553304] (action_interfaces) StdoutLine: {'line': b'-- Installing: /home/ibrahim/RobotArmExpanded/install/action_interfaces/share/action_interfaces/environment/path.sh\n'}
[8.553589] (action_interfaces) StdoutLine: {'line': b'-- Installing: /home/ibrahim/RobotArmExpanded/install/action_interfaces/share/action_interfaces/environment/path.dsv\n'}
[8.553882] (action_interfaces) StdoutLine: {'line': b'-- Installing: /home/ibrahim/RobotArmExpanded/install/action_interfaces/share/action_interfaces/local_setup.bash\n'}
[8.554062] (action_interfaces) StdoutLine: {'line': b'-- Installing: /home/ibrahim/RobotArmExpanded/install/action_interfaces/share/action_interfaces/local_setup.sh\n'}
[8.554287] (action_interfaces) StdoutLine: {'line': b'-- Installing: /home/ibrahim/RobotArmExpanded/install/action_interfaces/share/action_interfaces/local_setup.zsh\n'}
[8.554524] (action_interfaces) StdoutLine: {'line': b'-- Installing: /home/ibrahim/RobotArmExpanded/install/action_interfaces/share/action_interfaces/local_setup.dsv\n'}
[8.554772] (action_interfaces) StdoutLine: {'line': b'-- Installing: /home/ibrahim/RobotArmExpanded/install/action_interfaces/share/action_interfaces/package.dsv\n'}
[8.555513] (action_interfaces) StdoutLine: {'line': b'-- Installing: /home/ibrahim/RobotArmExpanded/install/action_interfaces/share/ament_index/resource_index/packages/action_interfaces\n'}
[8.556548] (action_interfaces) StdoutLine: {'line': b'-- Installing: /home/ibrahim/RobotArmExpanded/install/action_interfaces/share/action_interfaces/cmake/export_action_interfaces__rosidl_generator_cExport.cmake\n'}
[8.556905] (action_interfaces) StdoutLine: {'line': b'-- Installing: /home/ibrahim/RobotArmExpanded/install/action_interfaces/share/action_interfaces/cmake/export_action_interfaces__rosidl_generator_cExport-noconfig.cmake\n'}
[8.557282] (action_interfaces) StdoutLine: {'line': b'-- Installing: /home/ibrahim/RobotArmExpanded/install/action_interfaces/share/action_interfaces/cmake/export_action_interfaces__rosidl_typesupport_fastrtps_cExport.cmake\n'}
[8.557788] (action_interfaces) StdoutLine: {'line': b'-- Installing: /home/ibrahim/RobotArmExpanded/install/action_interfaces/share/action_interfaces/cmake/export_action_interfaces__rosidl_typesupport_fastrtps_cExport-noconfig.cmake\n'}
[8.558107] (action_interfaces) StdoutLine: {'line': b'-- Installing: /home/ibrahim/RobotArmExpanded/install/action_interfaces/share/action_interfaces/cmake/action_interfaces__rosidl_typesupport_introspection_cExport.cmake\n'}
[8.558329] (action_interfaces) StdoutLine: {'line': b'-- Installing: /home/ibrahim/RobotArmExpanded/install/action_interfaces/share/action_interfaces/cmake/action_interfaces__rosidl_typesupport_introspection_cExport-noconfig.cmake\n'}
[8.558670] (action_interfaces) StdoutLine: {'line': b'-- Installing: /home/ibrahim/RobotArmExpanded/install/action_interfaces/share/action_interfaces/cmake/action_interfaces__rosidl_typesupport_cExport.cmake\n'}
[8.559060] (action_interfaces) StdoutLine: {'line': b'-- Installing: /home/ibrahim/RobotArmExpanded/install/action_interfaces/share/action_interfaces/cmake/action_interfaces__rosidl_typesupport_cExport-noconfig.cmake\n'}
[8.559391] (action_interfaces) StdoutLine: {'line': b'-- Installing: /home/ibrahim/RobotArmExpanded/install/action_interfaces/share/action_interfaces/cmake/export_action_interfaces__rosidl_generator_cppExport.cmake\n'}
[8.559758] (action_interfaces) StdoutLine: {'line': b'-- Installing: /home/ibrahim/RobotArmExpanded/install/action_interfaces/share/action_interfaces/cmake/export_action_interfaces__rosidl_typesupport_fastrtps_cppExport.cmake\n'}
[8.560050] (action_interfaces) StdoutLine: {'line': b'-- Installing: /home/ibrahim/RobotArmExpanded/install/action_interfaces/share/action_interfaces/cmake/export_action_interfaces__rosidl_typesupport_fastrtps_cppExport-noconfig.cmake\n'}
[8.560415] (action_interfaces) StdoutLine: {'line': b'-- Installing: /home/ibrahim/RobotArmExpanded/install/action_interfaces/share/action_interfaces/cmake/action_interfaces__rosidl_typesupport_introspection_cppExport.cmake\n'}
[8.560756] (action_interfaces) StdoutLine: {'line': b'-- Installing: /home/ibrahim/RobotArmExpanded/install/action_interfaces/share/action_interfaces/cmake/action_interfaces__rosidl_typesupport_introspection_cppExport-noconfig.cmake\n'}
[8.561053] (action_interfaces) StdoutLine: {'line': b'-- Installing: /home/ibrahim/RobotArmExpanded/install/action_interfaces/share/action_interfaces/cmake/action_interfaces__rosidl_typesupport_cppExport.cmake\n'}
[8.561383] (action_interfaces) StdoutLine: {'line': b'-- Installing: /home/ibrahim/RobotArmExpanded/install/action_interfaces/share/action_interfaces/cmake/action_interfaces__rosidl_typesupport_cppExport-noconfig.cmake\n'}
[8.561745] (action_interfaces) StdoutLine: {'line': b'-- Installing: /home/ibrahim/RobotArmExpanded/install/action_interfaces/share/action_interfaces/cmake/export_action_interfaces__rosidl_generator_pyExport.cmake\n'}
[8.562063] (action_interfaces) StdoutLine: {'line': b'-- Installing: /home/ibrahim/RobotArmExpanded/install/action_interfaces/share/action_interfaces/cmake/export_action_interfaces__rosidl_generator_pyExport-noconfig.cmake\n'}
[8.562361] (action_interfaces) StdoutLine: {'line': b'-- Installing: /home/ibrahim/RobotArmExpanded/install/action_interfaces/share/action_interfaces/cmake/rosidl_cmake-extras.cmake\n'}
[8.562678] (action_interfaces) StdoutLine: {'line': b'-- Installing: /home/ibrahim/RobotArmExpanded/install/action_interfaces/share/action_interfaces/cmake/ament_cmake_export_dependencies-extras.cmake\n'}
[8.562990] (action_interfaces) StdoutLine: {'line': b'-- Installing: /home/ibrahim/RobotArmExpanded/install/action_interfaces/share/action_interfaces/cmake/ament_cmake_export_include_directories-extras.cmake\n'}
[8.563281] (action_interfaces) StdoutLine: {'line': b'-- Installing: /home/ibrahim/RobotArmExpanded/install/action_interfaces/share/action_interfaces/cmake/ament_cmake_export_libraries-extras.cmake\n'}
[8.563658] (action_interfaces) StdoutLine: {'line': b'-- Installing: /home/ibrahim/RobotArmExpanded/install/action_interfaces/share/action_interfaces/cmake/ament_cmake_export_targets-extras.cmake\n'}
[8.563945] (action_interfaces) StdoutLine: {'line': b'-- Installing: /home/ibrahim/RobotArmExpanded/install/action_interfaces/share/action_interfaces/cmake/rosidl_cmake_export_typesupport_targets-extras.cmake\n'}
[8.564276] (action_interfaces) StdoutLine: {'line': b'-- Installing: /home/ibrahim/RobotArmExpanded/install/action_interfaces/share/action_interfaces/cmake/rosidl_cmake_export_typesupport_libraries-extras.cmake\n'}
[8.564591] (action_interfaces) StdoutLine: {'line': b'-- Installing: /home/ibrahim/RobotArmExpanded/install/action_interfaces/share/action_interfaces/cmake/action_interfacesConfig.cmake\n'}
[8.564868] (action_interfaces) StdoutLine: {'line': b'-- Installing: /home/ibrahim/RobotArmExpanded/install/action_interfaces/share/action_interfaces/cmake/action_interfacesConfig-version.cmake\n'}
[8.565760] (action_interfaces) StdoutLine: {'line': b'-- Installing: /home/ibrahim/RobotArmExpanded/install/action_interfaces/share/action_interfaces/package.xml\n'}
[8.570961] (action_interfaces) CommandEnded: {'returncode': 0}
[8.592858] (action_interfaces) JobEnded: {'identifier': 'action_interfaces', 'rc': 0}
[8.593994] (main_arm_package) JobStarted: {'identifier': 'main_arm_package'}
[8.643998] (-) TimerEvent: {}
[8.709751] (main_arm_package) JobProgress: {'identifier': 'main_arm_package', 'progress': 'cmake'}
[8.714496] (main_arm_package) Command: {'cmd': ['/usr/bin/cmake', '/home/ibrahim/RobotArmExpanded/src/main_arm_package', '-DCMAKE_INSTALL_PREFIX=/home/ibrahim/RobotArmExpanded/install/main_arm_package'], 'cwd': '/home/ibrahim/RobotArmExpanded/build/main_arm_package', 'env': OrderedDict([('LESSOPEN', '| /usr/bin/lesspipe %s'), ('USER', 'ibrahim'), ('GIT_ASKPASS', '/home/ibrahim/.vscode-server/bin/0958016b2af9f09bb4257e0df4a95e2f90590f9f/extensions/git/dist/askpass.sh'), ('SHLVL', '1'), ('LD_LIBRARY_PATH', '/home/ibrahim/RobotArmExpanded/install/action_interfaces/lib:/home/ibrahim/RobotArm/install/action_interfaces/lib:/home/ibrahim/RobotNav/install/action_interfaces/lib:/home/ibrahim/ros2_ws/install/action_interfaces/lib:/usr/lib/x86_64-linux-gnu/gazebo-11/plugins:/opt/ros/humble/opt/rviz_ogre_vendor/lib:/opt/ros/humble/lib/x86_64-linux-gnu:/opt/ros/humble/lib'), ('MOTD_SHOWN', 'update-motd'), ('HOME', '/home/ibrahim'), ('TERM_PROGRAM_VERSION', '1.120.0'), ('VSCODE_IPC_HOOK_CLI', '/run/user/1000/vscode-ipc-86cf5568-dc4d-4131-a31e-d5d2e4d6baba.sock'), ('ROS_PYTHON_VERSION', '3'), ('VSCODE_GIT_ASKPASS_MAIN', '/home/ibrahim/.vscode-server/bin/0958016b2af9f09bb4257e0df4a95e2f90590f9f/extensions/git/dist/askpass-main.js'), ('VSCODE_GIT_ASKPASS_NODE', '/home/ibrahim/.vscode-server/bin/0958016b2af9f09bb4257e0df4a95e2f90590f9f/node'), ('VSCODE_PYTHON_AUTOACTIVATE_GUARD', '1'), ('DBUS_SESSION_BUS_ADDRESS', 'unix:path=/run/user/1000/bus'), ('COLORTERM', 'truecolor'), ('WSL_DISTRO_NAME', 'Ubuntu-22.04'), ('WAYLAND_DISPLAY', 'wayland-0'), ('COLCON_PREFIX_PATH', '/home/ibrahim/RobotArm/install:/home/ibrahim/TF2Sample/install:/home/ibrahim/RobotNav/install:/home/ibrahim/RobotMonitor/install:/home/ibrahim/ros2_ws/install'), ('ROS_DISTRO', 'humble'), ('LOGNAME', 'ibrahim'), ('NAME', 'Ibrahim-laptop'), ('WSL_INTEROP', '/run/WSL/418_interop'), ('PULSE_SERVER', 'unix:/mnt/wslg/PulseServer'), ('_', '/usr/bin/colcon'), ('ROS_VERSION', '2'), ('CLAUDE_CODE_SSE_PORT', '14704'), ('TERM', 'xterm-256color'), ('ROS_LOCALHOST_ONLY', '0'), ('PATH', '/home/ibrahim/.vscode-server/data/User/globalStorage/github.copilot-chat/debugCommand:/home/ibrahim/.vscode-server/data/User/globalStorage/github.copilot-chat/copilotCli:/home/ibrahim/.vscode-server/bin/0958016b2af9f09bb4257e0df4a95e2f90590f9f/bin/remote-cli:/opt/ros/humble/bin:/usr/local/sbin:/usr/local/bin:/usr/sbin:/usr/bin:/sbin:/bin:/usr/games:/usr/local/games:/usr/lib/wsl/lib:/mnt/c/Users/zanto/AppData/Local/Programs/Microsoft VS Code:/mnt/c/Windows/system32:/mnt/c/Windows:/mnt/c/Windows/System32/Wbem:/mnt/c/Windows/System32/WindowsPowerShell/v1.0/:/mnt/c/Windows/System32/OpenSSH/:/mnt/c/Program Files (x86)/NVIDIA Corporation/PhysX/Common:/mnt/c/Program Files/NVIDIA Corporation/NVIDIA App/NvDLISR:/mnt/c/Program Files/dotnet/:/mnt/c/Program Files/nodejs/:/mnt/c/Program Files/Git/cmd:/mnt/c/Program Files/PostgreSQL/18/bin:/mnt/c/Users/zanto/.local/bin:/mnt/c/Program Files/Docker/Docker/resources/bin:/mnt/c/Program Files/GitHub CLI/:/mnt/c/Users/zanto/AppData/Local/Programs/Python/Python312/Scripts/:/mnt/c/Users/zanto/AppData/Local/Programs/Python/Python312/:/mnt/c/Users/zanto/AppData/Local/Programs/Python/Python314/Scripts/:/mnt/c/Users/zanto/AppData/Local/Programs/Python/Python314/:/mnt/c/Users/zanto/AppData/Local/Microsoft/WindowsApps:/mnt/c/Users/zanto/AppData/Local/Programs/Microsoft VS Code/bin:/mnt/c/Users/zanto/AppData/Local/Programs/Ollama:/mnt/c/Users/zanto/AppData/Roaming/npm:/mnt/c/msys64/ucrt64/bin:/snap/bin'), ('XDG_RUNTIME_DIR', '/run/user/1000/'), ('DISPLAY', ':0'), ('LANG', 'C.UTF-8'), ('LS_COLORS', 'rs=0:di=01;34:ln=01;36:mh=00:pi=40;33:so=01;35:do=01;35:bd=40;33;01:cd=40;33;01:or=40;31;01:mi=00:su=37;41:sg=30;43:ca=30;41:tw=30;42:ow=34;42:st=37;44:ex=01;32:*.tar=01;31:*.tgz=01;31:*.arc=01;31:*.arj=01;31:*.taz=01;31:*.lha=01;31:*.lz4=01;31:*.lzh=01;31:*.lzma=01;31:*.tlz=01;31:*.txz=01;31:*.tzo=01;31:*.t7z=01;31:*.zip=01;31:*.z=01;31:*.dz=01;31:*.gz=01;31:*.lrz=01;31:*.lz=01;31:*.lzo=01;31:*.xz=01;31:*.zst=01;31:*.tzst=01;31:*.bz2=01;31:*.bz=01;31:*.tbz=01;31:*.tbz2=01;31:*.tz=01;31:*.deb=01;31:*.rpm=01;31:*.jar=01;31:*.war=01;31:*.ear=01;31:*.sar=01;31:*.rar=01;31:*.alz=01;31:*.ace=01;31:*.zoo=01;31:*.cpio=01;31:*.7z=01;31:*.rz=01;31:*.cab=01;31:*.wim=01;31:*.swm=01;31:*.dwm=01;31:*.esd=01;31:*.jpg=01;35:*.jpeg=01;35:*.mjpg=01;35:*.mjpeg=01;35:*.gif=01;35:*.bmp=01;35:*.pbm=01;35:*.pgm=01;35:*.ppm=01;35:*.tga=01;35:*.xbm=01;35:*.xpm=01;35:*.tif=01;35:*.tiff=01;35:*.png=01;35:*.svg=01;35:*.svgz=01;35:*.mng=01;35:*.pcx=01;35:*.mov=01;35:*.mpg=01;35:*.mpeg=01;35:*.m2v=01;35:*.mkv=01;35:*.webm=01;35:*.webp=01;35:*.ogm=01;35:*.mp4=01;35:*.m4v=01;35:*.mp4v=01;35:*.vob=01;35:*.qt=01;35:*.nuv=01;35:*.wmv=01;35:*.asf=01;35:*.rm=01;35:*.rmvb=01;35:*.flc=01;35:*.avi=01;35:*.fli=01;35:*.flv=01;35:*.gl=01;35:*.dl=01;35:*.xcf=01;35:*.xwd=01;35:*.yuv=01;35:*.cgm=01;35:*.emf=01;35:*.ogv=01;35:*.ogx=01;35:*.aac=00;36:*.au=00;36:*.flac=00;36:*.m4a=00;36:*.mid=00;36:*.midi=00;36:*.mka=00;36:*.mp3=00;36:*.mpc=00;36:*.ogg=00;36:*.ra=00;36:*.wav=00;36:*.oga=00;36:*.opus=00;36:*.spx=00;36:*.xspf=00;36:'), ('VSCODE_GIT_IPC_HANDLE', '/run/user/1000/vscode-git-fffe7d841c.sock'), ('TERM_PROGRAM', 'vscode'), ('ROS_DOMAIN_ID', '10'), ('AMENT_PREFIX_PATH', '/home/ibrahim/RobotArmExpanded/install/action_interfaces:/home/ibrahim/RobotArm/install/main_arm_package:/home/ibrahim/RobotArm/install/action_interfaces:/home/ibrahim/TF2Sample/install/tf2sim:/home/ibrahim/RobotNav/install/main_robot_nodes:/home/ibrahim/RobotNav/install/action_interfaces:/home/ibrahim/RobotMonitor/install/Robot3Node_Package:/home/ibrahim/ros2_ws/install/my_first_package:/home/ibrahim/ros2_ws/install/action_interfaces:/opt/ros/humble'), ('SHELL', '/bin/bash'), ('LESSCLOSE', '/usr/bin/lesspipe %s %s'), ('VSCODE_GIT_ASKPASS_EXTRA_ARGS', ''), ('PWD', '/home/ibrahim/RobotArmExpanded/build/main_arm_package'), ('XDG_DATA_DIRS', '/usr/local/share:/usr/share:/var/lib/snapd/desktop'), ('PYTHONPATH', '/home/ibrahim/RobotArmExpanded/install/action_interfaces/local/lib/python3.10/dist-packages:/home/ibrahim/RobotArm/install/action_interfaces/local/lib/python3.10/dist-packages:/home/ibrahim/RobotNav/install/action_interfaces/local/lib/python3.10/dist-packages:/home/ibrahim/ros2_ws/install/action_interfaces/local/lib/python3.10/dist-packages:/opt/ros/humble/lib/python3.10/site-packages:/opt/ros/humble/local/lib/python3.10/dist-packages'), ('COLCON', '1'), ('WSL2_GUI_APPS_ENABLED', '1'), ('HOSTTYPE', 'x86_64'), ('CMAKE_PREFIX_PATH', '/home/ibrahim/RobotArmExpanded/install/action_interfaces:/home/ibrahim/RobotArm/install/main_arm_package:/home/ibrahim/RobotArm/install/action_interfaces:/home/ibrahim/TF2Sample/install/tf2sim:/home/ibrahim/RobotNav/install/main_robot_nodes:/home/ibrahim/RobotNav/install/action_interfaces:/home/ibrahim/RobotMonitor/install/Robot3Node_Package:/home/ibrahim/ros2_ws/install/my_first_package:/home/ibrahim/ros2_ws/install/action_interfaces:/opt/ros/humble'), ('WSLENV', 'VSCODE_WSL_EXT_LOCATION/up')]), 'shell': False}
[8.744336] (-) TimerEvent: {}
[8.844835] (-) TimerEvent: {}
[8.879888] (main_arm_package) StdoutLine: {'line': b'-- The C compiler identification is GNU 11.4.0\n'}
[8.944952] (-) TimerEvent: {}
[9.045331] (-) TimerEvent: {}
[9.145709] (-) TimerEvent: {}
[9.246130] (-) TimerEvent: {}
[9.346520] (-) TimerEvent: {}
[9.444297] (main_arm_package) StdoutLine: {'line': b'-- The CXX compiler identification is GNU 11.4.0\n'}
[9.446650] (-) TimerEvent: {}
[9.547039] (-) TimerEvent: {}
[9.647443] (-) TimerEvent: {}
[9.747854] (-) TimerEvent: {}
[9.837477] (main_arm_package) StdoutLine: {'line': b'-- Detecting C compiler ABI info\n'}
[9.847992] (-) TimerEvent: {}
[9.948562] (-) TimerEvent: {}
[10.024855] (main_arm_package) StdoutLine: {'line': b'-- Detecting C compiler ABI info - done\n'}
[10.030713] (main_arm_package) StdoutLine: {'line': b'-- Check for working C compiler: /usr/bin/cc - skipped\n'}
[10.031128] (main_arm_package) StdoutLine: {'line': b'-- Detecting C compile features\n'}
[10.031389] (main_arm_package) StdoutLine: {'line': b'-- Detecting C compile features - done\n'}
[10.034439] (main_arm_package) StdoutLine: {'line': b'-- Detecting CXX compiler ABI info\n'}
[10.048714] (-) TimerEvent: {}
[10.149497] (-) TimerEvent: {}
[10.236843] (main_arm_package) StdoutLine: {'line': b'-- Detecting CXX compiler ABI info - done\n'}
[10.243108] (main_arm_package) StdoutLine: {'line': b'-- Check for working CXX compiler: /usr/bin/c++ - skipped\n'}
[10.243446] (main_arm_package) StdoutLine: {'line': b'-- Detecting CXX compile features\n'}
[10.243793] (main_arm_package) StdoutLine: {'line': b'-- Detecting CXX compile features - done\n'}
[10.248086] (main_arm_package) StdoutLine: {'line': b'-- Found ament_cmake: 1.3.14 (/opt/ros/humble/share/ament_cmake/cmake)\n'}
[10.249627] (-) TimerEvent: {}
[10.350047] (-) TimerEvent: {}
[10.409710] (main_arm_package) StdoutLine: {'line': b'-- Found Python3: /usr/bin/python3 (found version "3.10.12") found components: Interpreter \n'}
[10.450266] (-) TimerEvent: {}
[10.539577] (main_arm_package) StdoutLine: {'line': b'-- Found rclcpp: 16.0.19 (/opt/ros/humble/share/rclcpp/cmake)\n'}
[10.550415] (-) TimerEvent: {}
[10.655715] (-) TimerEvent: {}
[10.760291] (-) TimerEvent: {}
[10.764761] (main_arm_package) StdoutLine: {'line': b'-- Found rosidl_generator_c: 3.1.8 (/opt/ros/humble/share/rosidl_generator_c/cmake)\n'}
[10.773350] (main_arm_package) StdoutLine: {'line': b'-- Found rosidl_adapter: 3.1.8 (/opt/ros/humble/share/rosidl_adapter/cmake)\n'}
[10.790733] (main_arm_package) StdoutLine: {'line': b'-- Found rosidl_generator_cpp: 3.1.8 (/opt/ros/humble/share/rosidl_generator_cpp/cmake)\n'}
[10.808067] (main_arm_package) StdoutLine: {'line': b'-- Using all available rosidl_typesupport_c: rosidl_typesupport_fastrtps_c;rosidl_typesupport_introspection_c\n'}
[10.829544] (main_arm_package) StdoutLine: {'line': b'-- Using all available rosidl_typesupport_cpp: rosidl_typesupport_fastrtps_cpp;rosidl_typesupport_introspection_cpp\n'}
[10.862083] (-) TimerEvent: {}
[10.894449] (main_arm_package) StdoutLine: {'line': b'-- Found rmw_implementation_cmake: 6.1.2 (/opt/ros/humble/share/rmw_implementation_cmake/cmake)\n'}
[10.899197] (main_arm_package) StdoutLine: {'line': b'-- Found rmw_fastrtps_cpp: 6.2.10 (/opt/ros/humble/share/rmw_fastrtps_cpp/cmake)\n'}
[10.963361] (-) TimerEvent: {}
[11.065681] (-) TimerEvent: {}
[11.170988] (-) TimerEvent: {}
[11.275608] (-) TimerEvent: {}
[11.380074] (-) TimerEvent: {}
[11.481656] (-) TimerEvent: {}
[11.586105] (-) TimerEvent: {}
[11.686791] (-) TimerEvent: {}
[11.787503] (-) TimerEvent: {}
[11.888101] (-) TimerEvent: {}
[11.988715] (-) TimerEvent: {}
[12.089289] (-) TimerEvent: {}
[12.189891] (-) TimerEvent: {}
[12.290555] (-) TimerEvent: {}
[12.391106] (-) TimerEvent: {}
[12.491676] (-) TimerEvent: {}
[12.592287] (-) TimerEvent: {}
[12.636248] (main_arm_package) StdoutLine: {'line': b'-- Found OpenSSL: /usr/lib/x86_64-linux-gnu/libcrypto.so (found version "3.0.2")  \n'}
[12.692465] (-) TimerEvent: {}
[12.793055] (-) TimerEvent: {}
[12.893615] (-) TimerEvent: {}
[12.994202] (-) TimerEvent: {}
[13.094793] (-) TimerEvent: {}
[13.195415] (-) TimerEvent: {}
[13.295964] (-) TimerEvent: {}
[13.396506] (-) TimerEvent: {}
[13.497091] (-) TimerEvent: {}
[13.597711] (-) TimerEvent: {}
[13.698130] (-) TimerEvent: {}
[13.798657] (-) TimerEvent: {}
[13.899143] (-) TimerEvent: {}
[13.999541] (-) TimerEvent: {}
[14.099943] (-) TimerEvent: {}
[14.200470] (-) TimerEvent: {}
[14.301196] (-) TimerEvent: {}
[14.401793] (-) TimerEvent: {}
[14.408938] (main_arm_package) StdoutLine: {'line': b'-- Found FastRTPS: /opt/ros/humble/include  \n'}
[14.501969] (-) TimerEvent: {}
[14.602477] (-) TimerEvent: {}
[14.702964] (-) TimerEvent: {}
[14.803360] (-) TimerEvent: {}
[14.903808] (-) TimerEvent: {}
[15.004199] (-) TimerEvent: {}
[15.104791] (-) TimerEvent: {}
[15.205431] (-) TimerEvent: {}
[15.305972] (-) TimerEvent: {}
[15.406415] (-) TimerEvent: {}
[15.506860] (-) TimerEvent: {}
[15.607247] (-) TimerEvent: {}
[15.707693] (-) TimerEvent: {}
[15.808146] (-) TimerEvent: {}
[15.908765] (-) TimerEvent: {}
[16.009631] (-) TimerEvent: {}
[16.110910] (-) TimerEvent: {}
[16.211824] (-) TimerEvent: {}
[16.312962] (-) TimerEvent: {}
[16.414073] (-) TimerEvent: {}
[16.515396] (-) TimerEvent: {}
[16.616713] (-) TimerEvent: {}
[16.717317] (-) TimerEvent: {}
[16.819248] (-) TimerEvent: {}
[16.921071] (-) TimerEvent: {}
[17.022937] (-) TimerEvent: {}
[17.124547] (-) TimerEvent: {}
[17.226129] (-) TimerEvent: {}
[17.326729] (-) TimerEvent: {}
[17.428778] (-) TimerEvent: {}
[17.530830] (-) TimerEvent: {}
[17.633098] (-) TimerEvent: {}
[17.735117] (-) TimerEvent: {}
[17.835743] (-) TimerEvent: {}
[17.902483] (main_arm_package) StdoutLine: {'line': b"-- Using RMW implementation 'rmw_fastrtps_cpp' as default\n"}
[17.920198] (main_arm_package) StdoutLine: {'line': b'-- Looking for pthread.h\n'}
[17.936163] (-) TimerEvent: {}
[18.036717] (-) TimerEvent: {}
[18.137434] (-) TimerEvent: {}
[18.141151] (main_arm_package) StdoutLine: {'line': b'-- Looking for pthread.h - found\n'}
[18.141954] (main_arm_package) StdoutLine: {'line': b'-- Performing Test CMAKE_HAVE_LIBC_PTHREAD\n'}
[18.237652] (-) TimerEvent: {}
[18.338640] (-) TimerEvent: {}
[18.356741] (main_arm_package) StdoutLine: {'line': b'-- Performing Test CMAKE_HAVE_LIBC_PTHREAD - Success\n'}
[18.358325] (main_arm_package) StdoutLine: {'line': b'-- Found Threads: TRUE  \n'}
[18.423270] (main_arm_package) StdoutLine: {'line': b'-- Found rclcpp_action: 16.0.19 (/opt/ros/humble/share/rclcpp_action/cmake)\n'}
[18.439050] (-) TimerEvent: {}
[18.466068] (main_arm_package) StdoutLine: {'line': b'-- Found action_interfaces: 0.0.0 (/home/ibrahim/RobotArmExpanded/install/action_interfaces/share/action_interfaces/cmake)\n'}
[18.482095] (main_arm_package) StdoutLine: {'line': b'-- Found sensor_msgs: 4.9.1 (/opt/ros/humble/share/sensor_msgs/cmake)\n'}
[18.522942] (main_arm_package) StdoutLine: {'line': b'-- Found ament_lint_auto: 0.12.15 (/opt/ros/humble/share/ament_lint_auto/cmake)\n'}
[18.539295] (-) TimerEvent: {}
[18.633800] (main_arm_package) StdoutLine: {'line': b"-- Added test 'cppcheck' to perform static code analysis on C / C++ code\n"}
[18.634293] (main_arm_package) StdoutLine: {'line': b'-- Configured cppcheck include dirs: $<BUILD_INTERFACE:/home/ibrahim/RobotArmExpanded/src/main_arm_package/include>\n'}
[18.634666] (main_arm_package) StdoutLine: {'line': b'-- Configured cppcheck exclude dirs and/or files: \n'}
[18.635054] (main_arm_package) StdoutLine: {'line': b"-- Added test 'flake8' to check Python code syntax and style conventions\n"}
[18.636326] (main_arm_package) StdoutLine: {'line': b"-- Added test 'lint_cmake' to check CMake code style\n"}
[18.637690] (main_arm_package) StdoutLine: {'line': b"-- Added test 'pep257' to check Python code against some of the docstring style conventions in PEP 257\n"}
[18.639530] (-) TimerEvent: {}
[18.639956] (main_arm_package) StdoutLine: {'line': b"-- Added test 'uncrustify' to check C / C++ code style\n"}
[18.640146] (main_arm_package) StdoutLine: {'line': b'-- Configured uncrustify additional arguments: \n'}
[18.641080] (main_arm_package) StdoutLine: {'line': b"-- Added test 'xmllint' to check XML markup files\n"}
[18.643947] (main_arm_package) StdoutLine: {'line': b'-- Configuring done\n'}
[18.680415] (main_arm_package) StdoutLine: {'line': b'-- Generating done\n'}
[18.689215] (main_arm_package) StdoutLine: {'line': b'-- Build files have been written to: /home/ibrahim/RobotArmExpanded/build/main_arm_package\n'}
[18.706529] (main_arm_package) CommandEnded: {'returncode': 0}
[18.707448] (main_arm_package) JobProgress: {'identifier': 'main_arm_package', 'progress': 'build'}
[18.708719] (main_arm_package) Command: {'cmd': ['/usr/bin/cmake', '--build', '/home/ibrahim/RobotArmExpanded/build/main_arm_package', '--', '-j16', '-l16'], 'cwd': '/home/ibrahim/RobotArmExpanded/build/main_arm_package', 'env': OrderedDict([('LESSOPEN', '| /usr/bin/lesspipe %s'), ('USER', 'ibrahim'), ('GIT_ASKPASS', '/home/ibrahim/.vscode-server/bin/0958016b2af9f09bb4257e0df4a95e2f90590f9f/extensions/git/dist/askpass.sh'), ('SHLVL', '1'), ('LD_LIBRARY_PATH', '/home/ibrahim/RobotArmExpanded/install/action_interfaces/lib:/home/ibrahim/RobotArm/install/action_interfaces/lib:/home/ibrahim/RobotNav/install/action_interfaces/lib:/home/ibrahim/ros2_ws/install/action_interfaces/lib:/usr/lib/x86_64-linux-gnu/gazebo-11/plugins:/opt/ros/humble/opt/rviz_ogre_vendor/lib:/opt/ros/humble/lib/x86_64-linux-gnu:/opt/ros/humble/lib'), ('MOTD_SHOWN', 'update-motd'), ('HOME', '/home/ibrahim'), ('TERM_PROGRAM_VERSION', '1.120.0'), ('VSCODE_IPC_HOOK_CLI', '/run/user/1000/vscode-ipc-86cf5568-dc4d-4131-a31e-d5d2e4d6baba.sock'), ('ROS_PYTHON_VERSION', '3'), ('VSCODE_GIT_ASKPASS_MAIN', '/home/ibrahim/.vscode-server/bin/0958016b2af9f09bb4257e0df4a95e2f90590f9f/extensions/git/dist/askpass-main.js'), ('VSCODE_GIT_ASKPASS_NODE', '/home/ibrahim/.vscode-server/bin/0958016b2af9f09bb4257e0df4a95e2f90590f9f/node'), ('VSCODE_PYTHON_AUTOACTIVATE_GUARD', '1'), ('DBUS_SESSION_BUS_ADDRESS', 'unix:path=/run/user/1000/bus'), ('COLORTERM', 'truecolor'), ('WSL_DISTRO_NAME', 'Ubuntu-22.04'), ('WAYLAND_DISPLAY', 'wayland-0'), ('COLCON_PREFIX_PATH', '/home/ibrahim/RobotArm/install:/home/ibrahim/TF2Sample/install:/home/ibrahim/RobotNav/install:/home/ibrahim/RobotMonitor/install:/home/ibrahim/ros2_ws/install'), ('ROS_DISTRO', 'humble'), ('LOGNAME', 'ibrahim'), ('NAME', 'Ibrahim-laptop'), ('WSL_INTEROP', '/run/WSL/418_interop'), ('PULSE_SERVER', 'unix:/mnt/wslg/PulseServer'), ('_', '/usr/bin/colcon'), ('ROS_VERSION', '2'), ('CLAUDE_CODE_SSE_PORT', '14704'), ('TERM', 'xterm-256color'), ('ROS_LOCALHOST_ONLY', '0'), ('PATH', '/home/ibrahim/.vscode-server/data/User/globalStorage/github.copilot-chat/debugCommand:/home/ibrahim/.vscode-server/data/User/globalStorage/github.copilot-chat/copilotCli:/home/ibrahim/.vscode-server/bin/0958016b2af9f09bb4257e0df4a95e2f90590f9f/bin/remote-cli:/opt/ros/humble/bin:/usr/local/sbin:/usr/local/bin:/usr/sbin:/usr/bin:/sbin:/bin:/usr/games:/usr/local/games:/usr/lib/wsl/lib:/mnt/c/Users/zanto/AppData/Local/Programs/Microsoft VS Code:/mnt/c/Windows/system32:/mnt/c/Windows:/mnt/c/Windows/System32/Wbem:/mnt/c/Windows/System32/WindowsPowerShell/v1.0/:/mnt/c/Windows/System32/OpenSSH/:/mnt/c/Program Files (x86)/NVIDIA Corporation/PhysX/Common:/mnt/c/Program Files/NVIDIA Corporation/NVIDIA App/NvDLISR:/mnt/c/Program Files/dotnet/:/mnt/c/Program Files/nodejs/:/mnt/c/Program Files/Git/cmd:/mnt/c/Program Files/PostgreSQL/18/bin:/mnt/c/Users/zanto/.local/bin:/mnt/c/Program Files/Docker/Docker/resources/bin:/mnt/c/Program Files/GitHub CLI/:/mnt/c/Users/zanto/AppData/Local/Programs/Python/Python312/Scripts/:/mnt/c/Users/zanto/AppData/Local/Programs/Python/Python312/:/mnt/c/Users/zanto/AppData/Local/Programs/Python/Python314/Scripts/:/mnt/c/Users/zanto/AppData/Local/Programs/Python/Python314/:/mnt/c/Users/zanto/AppData/Local/Microsoft/WindowsApps:/mnt/c/Users/zanto/AppData/Local/Programs/Microsoft VS Code/bin:/mnt/c/Users/zanto/AppData/Local/Programs/Ollama:/mnt/c/Users/zanto/AppData/Roaming/npm:/mnt/c/msys64/ucrt64/bin:/snap/bin'), ('XDG_RUNTIME_DIR', '/run/user/1000/'), ('DISPLAY', ':0'), ('LANG', 'C.UTF-8'), ('LS_COLORS', 'rs=0:di=01;34:ln=01;36:mh=00:pi=40;33:so=01;35:do=01;35:bd=40;33;01:cd=40;33;01:or=40;31;01:mi=00:su=37;41:sg=30;43:ca=30;41:tw=30;42:ow=34;42:st=37;44:ex=01;32:*.tar=01;31:*.tgz=01;31:*.arc=01;31:*.arj=01;31:*.taz=01;31:*.lha=01;31:*.lz4=01;31:*.lzh=01;31:*.lzma=01;31:*.tlz=01;31:*.txz=01;31:*.tzo=01;31:*.t7z=01;31:*.zip=01;31:*.z=01;31:*.dz=01;31:*.gz=01;31:*.lrz=01;31:*.lz=01;31:*.lzo=01;31:*.xz=01;31:*.zst=01;31:*.tzst=01;31:*.bz2=01;31:*.bz=01;31:*.tbz=01;31:*.tbz2=01;31:*.tz=01;31:*.deb=01;31:*.rpm=01;31:*.jar=01;31:*.war=01;31:*.ear=01;31:*.sar=01;31:*.rar=01;31:*.alz=01;31:*.ace=01;31:*.zoo=01;31:*.cpio=01;31:*.7z=01;31:*.rz=01;31:*.cab=01;31:*.wim=01;31:*.swm=01;31:*.dwm=01;31:*.esd=01;31:*.jpg=01;35:*.jpeg=01;35:*.mjpg=01;35:*.mjpeg=01;35:*.gif=01;35:*.bmp=01;35:*.pbm=01;35:*.pgm=01;35:*.ppm=01;35:*.tga=01;35:*.xbm=01;35:*.xpm=01;35:*.tif=01;35:*.tiff=01;35:*.png=01;35:*.svg=01;35:*.svgz=01;35:*.mng=01;35:*.pcx=01;35:*.mov=01;35:*.mpg=01;35:*.mpeg=01;35:*.m2v=01;35:*.mkv=01;35:*.webm=01;35:*.webp=01;35:*.ogm=01;35:*.mp4=01;35:*.m4v=01;35:*.mp4v=01;35:*.vob=01;35:*.qt=01;35:*.nuv=01;35:*.wmv=01;35:*.asf=01;35:*.rm=01;35:*.rmvb=01;35:*.flc=01;35:*.avi=01;35:*.fli=01;35:*.flv=01;35:*.gl=01;35:*.dl=01;35:*.xcf=01;35:*.xwd=01;35:*.yuv=01;35:*.cgm=01;35:*.emf=01;35:*.ogv=01;35:*.ogx=01;35:*.aac=00;36:*.au=00;36:*.flac=00;36:*.m4a=00;36:*.mid=00;36:*.midi=00;36:*.mka=00;36:*.mp3=00;36:*.mpc=00;36:*.ogg=00;36:*.ra=00;36:*.wav=00;36:*.oga=00;36:*.opus=00;36:*.spx=00;36:*.xspf=00;36:'), ('VSCODE_GIT_IPC_HANDLE', '/run/user/1000/vscode-git-fffe7d841c.sock'), ('TERM_PROGRAM', 'vscode'), ('ROS_DOMAIN_ID', '10'), ('AMENT_PREFIX_PATH', '/home/ibrahim/RobotArmExpanded/install/action_interfaces:/home/ibrahim/RobotArm/install/main_arm_package:/home/ibrahim/RobotArm/install/action_interfaces:/home/ibrahim/TF2Sample/install/tf2sim:/home/ibrahim/RobotNav/install/main_robot_nodes:/home/ibrahim/RobotNav/install/action_interfaces:/home/ibrahim/RobotMonitor/install/Robot3Node_Package:/home/ibrahim/ros2_ws/install/my_first_package:/home/ibrahim/ros2_ws/install/action_interfaces:/opt/ros/humble'), ('SHELL', '/bin/bash'), ('LESSCLOSE', '/usr/bin/lesspipe %s %s'), ('VSCODE_GIT_ASKPASS_EXTRA_ARGS', ''), ('PWD', '/home/ibrahim/RobotArmExpanded/build/main_arm_package'), ('XDG_DATA_DIRS', '/usr/local/share:/usr/share:/var/lib/snapd/desktop'), ('PYTHONPATH', '/home/ibrahim/RobotArmExpanded/install/action_interfaces/local/lib/python3.10/dist-packages:/home/ibrahim/RobotArm/install/action_interfaces/local/lib/python3.10/dist-packages:/home/ibrahim/RobotNav/install/action_interfaces/local/lib/python3.10/dist-packages:/home/ibrahim/ros2_ws/install/action_interfaces/local/lib/python3.10/dist-packages:/opt/ros/humble/lib/python3.10/site-packages:/opt/ros/humble/local/lib/python3.10/dist-packages'), ('COLCON', '1'), ('WSL2_GUI_APPS_ENABLED', '1'), ('HOSTTYPE', 'x86_64'), ('CMAKE_PREFIX_PATH', '/home/ibrahim/RobotArmExpanded/install/action_interfaces:/home/ibrahim/RobotArm/install/main_arm_package:/home/ibrahim/RobotArm/install/action_interfaces:/home/ibrahim/TF2Sample/install/tf2sim:/home/ibrahim/RobotNav/install/main_robot_nodes:/home/ibrahim/RobotNav/install/action_interfaces:/home/ibrahim/RobotMonitor/install/Robot3Node_Package:/home/ibrahim/ros2_ws/install/my_first_package:/home/ibrahim/ros2_ws/install/action_interfaces:/opt/ros/humble'), ('WSLENV', 'VSCODE_WSL_EXT_LOCATION/up')]), 'shell': False}
[18.741565] (-) TimerEvent: {}
[18.784498] (main_arm_package) StdoutLine: {'line': b'[ 25%] \x1b[32mBuilding CXX object CMakeFiles/ArmClient.dir/src/ArmClient.cpp.o\x1b[0m\n'}
[18.784749] (main_arm_package) StdoutLine: {'line': b'[ 25%] \x1b[32mBuilding CXX object CMakeFiles/ArmController.dir/src/ArmController.cpp.o\x1b[0m\n'}
[18.785603] (main_arm_package) StdoutLine: {'line': b'[ 37%] \x1b[32mBuilding CXX object CMakeFiles/ArmMover.dir/src/ArmMover.cpp.o\x1b[0m\n'}
[18.786385] (main_arm_package) StdoutLine: {'line': b'[ 50%] \x1b[32mBuilding CXX object CMakeFiles/ArmMonitor.dir/src/ArmMonitor.cpp.o\x1b[0m\n'}
[18.841780] (-) TimerEvent: {}
[18.942371] (-) TimerEvent: {}
[19.043095] (-) TimerEvent: {}
[19.144929] (-) TimerEvent: {}
[19.245395] (-) TimerEvent: {}
[19.345875] (-) TimerEvent: {}
[19.446468] (-) TimerEvent: {}
[19.548683] (-) TimerEvent: {}
[19.649615] (-) TimerEvent: {}
[19.750585] (-) TimerEvent: {}
[19.851406] (-) TimerEvent: {}
[19.952270] (-) TimerEvent: {}
[20.052754] (-) TimerEvent: {}
[20.153589] (-) TimerEvent: {}
[20.254570] (-) TimerEvent: {}
[20.355429] (-) TimerEvent: {}
[20.457302] (-) TimerEvent: {}
[20.559239] (-) TimerEvent: {}
[20.660792] (-) TimerEvent: {}
[20.762721] (-) TimerEvent: {}
[20.863300] (-) TimerEvent: {}
[20.965266] (-) TimerEvent: {}
[21.067158] (-) TimerEvent: {}
[21.167671] (-) TimerEvent: {}
[21.269090] (-) TimerEvent: {}
[21.370071] (-) TimerEvent: {}
[21.470688] (-) TimerEvent: {}
[21.571416] (-) TimerEvent: {}
[21.672342] (-) TimerEvent: {}
[21.774057] (-) TimerEvent: {}
[21.874651] (-) TimerEvent: {}
[21.976021] (-) TimerEvent: {}
[22.076549] (-) TimerEvent: {}
[22.177208] (-) TimerEvent: {}
[22.278823] (-) TimerEvent: {}
[22.380030] (-) TimerEvent: {}
[22.481565] (-) TimerEvent: {}
[22.583216] (-) TimerEvent: {}
[22.684229] (-) TimerEvent: {}
[22.785761] (-) TimerEvent: {}
[22.886385] (-) TimerEvent: {}
[22.987444] (-) TimerEvent: {}
[23.087923] (-) TimerEvent: {}
[23.189087] (-) TimerEvent: {}
[23.290497] (-) TimerEvent: {}
[23.391900] (-) TimerEvent: {}
[23.493428] (-) TimerEvent: {}
[23.593939] (-) TimerEvent: {}
[23.694576] (-) TimerEvent: {}
[23.795991] (-) TimerEvent: {}
[23.896790] (-) TimerEvent: {}
[23.997405] (-) TimerEvent: {}
[24.097867] (-) TimerEvent: {}
[24.198616] (-) TimerEvent: {}
[24.299198] (-) TimerEvent: {}
[24.400139] (-) TimerEvent: {}
[24.500645] (-) TimerEvent: {}
[24.601550] (-) TimerEvent: {}
[24.619625] (main_arm_package) StdoutLine: {'line': b'[ 62%] \x1b[32m\x1b[1mLinking CXX executable ArmClient\x1b[0m\n'}
[24.702235] (-) TimerEvent: {}
[24.803586] (-) TimerEvent: {}
[24.904265] (-) TimerEvent: {}
[25.005542] (-) TimerEvent: {}
[25.048629] (main_arm_package) StdoutLine: {'line': b'[ 62%] Built target ArmClient\n'}
[25.105758] (-) TimerEvent: {}
[25.206558] (-) TimerEvent: {}
[25.307348] (-) TimerEvent: {}
[25.408570] (-) TimerEvent: {}
[25.509182] (-) TimerEvent: {}
[25.610073] (-) TimerEvent: {}
[25.710537] (-) TimerEvent: {}
[25.811546] (-) TimerEvent: {}
[25.912261] (-) TimerEvent: {}
[26.013451] (-) TimerEvent: {}
[26.114568] (-) TimerEvent: {}
[26.215622] (-) TimerEvent: {}
[26.316302] (-) TimerEvent: {}
[26.417408] (-) TimerEvent: {}
[26.518089] (-) TimerEvent: {}
[26.619279] (-) TimerEvent: {}
[26.720293] (-) TimerEvent: {}
[26.821251] (-) TimerEvent: {}
[26.921900] (-) TimerEvent: {}
[27.022743] (-) TimerEvent: {}
[27.123773] (-) TimerEvent: {}
[27.224667] (-) TimerEvent: {}
[27.325359] (-) TimerEvent: {}
[27.426380] (-) TimerEvent: {}
[27.527020] (-) TimerEvent: {}
[27.627681] (-) TimerEvent: {}
[27.728426] (-) TimerEvent: {}
[27.829022] (-) TimerEvent: {}
[27.929609] (-) TimerEvent: {}
[28.030231] (-) TimerEvent: {}
[28.130823] (-) TimerEvent: {}
[28.231544] (-) TimerEvent: {}
[28.332246] (-) TimerEvent: {}
[28.432742] (-) TimerEvent: {}
[28.533186] (-) TimerEvent: {}
[28.633643] (-) TimerEvent: {}
[28.734356] (-) TimerEvent: {}
[28.834840] (-) TimerEvent: {}
[28.935408] (-) TimerEvent: {}
[29.035867] (-) TimerEvent: {}
[29.036700] (main_arm_package) StdoutLine: {'line': b'[ 75%] \x1b[32m\x1b[1mLinking CXX executable ArmMonitor\x1b[0m\n'}
[29.136027] (-) TimerEvent: {}
[29.146064] (main_arm_package) StdoutLine: {'line': b'[ 87%] \x1b[32m\x1b[1mLinking CXX executable ArmController\x1b[0m\n'}
[29.236203] (-) TimerEvent: {}
[29.336758] (-) TimerEvent: {}
[29.437338] (-) TimerEvent: {}
[29.537997] (-) TimerEvent: {}
[29.564643] (main_arm_package) StdoutLine: {'line': b'[ 87%] Built target ArmMonitor\n'}
[29.638249] (-) TimerEvent: {}
[29.737528] (main_arm_package) StdoutLine: {'line': b'[ 87%] Built target ArmController\n'}
[29.738354] (-) TimerEvent: {}
[29.838733] (-) TimerEvent: {}
[29.839600] (main_arm_package) StdoutLine: {'line': b'[100%] \x1b[32m\x1b[1mLinking CXX executable ArmMover\x1b[0m\n'}
[29.938873] (-) TimerEvent: {}
[30.039400] (-) TimerEvent: {}
[30.140096] (-) TimerEvent: {}
[30.240827] (-) TimerEvent: {}
[30.341297] (-) TimerEvent: {}
[30.395092] (main_arm_package) StdoutLine: {'line': b'[100%] Built target ArmMover\n'}
[30.410781] (main_arm_package) CommandEnded: {'returncode': 0}
[30.411649] (main_arm_package) JobProgress: {'identifier': 'main_arm_package', 'progress': 'install'}
[30.412722] (main_arm_package) Command: {'cmd': ['/usr/bin/cmake', '--install', '/home/ibrahim/RobotArmExpanded/build/main_arm_package'], 'cwd': '/home/ibrahim/RobotArmExpanded/build/main_arm_package', 'env': OrderedDict([('LESSOPEN', '| /usr/bin/lesspipe %s'), ('USER', 'ibrahim'), ('GIT_ASKPASS', '/home/ibrahim/.vscode-server/bin/0958016b2af9f09bb4257e0df4a95e2f90590f9f/extensions/git/dist/askpass.sh'), ('SHLVL', '1'), ('LD_LIBRARY_PATH', '/home/ibrahim/RobotArmExpanded/install/action_interfaces/lib:/home/ibrahim/RobotArm/install/action_interfaces/lib:/home/ibrahim/RobotNav/install/action_interfaces/lib:/home/ibrahim/ros2_ws/install/action_interfaces/lib:/usr/lib/x86_64-linux-gnu/gazebo-11/plugins:/opt/ros/humble/opt/rviz_ogre_vendor/lib:/opt/ros/humble/lib/x86_64-linux-gnu:/opt/ros/humble/lib'), ('MOTD_SHOWN', 'update-motd'), ('HOME', '/home/ibrahim'), ('TERM_PROGRAM_VERSION', '1.120.0'), ('VSCODE_IPC_HOOK_CLI', '/run/user/1000/vscode-ipc-86cf5568-dc4d-4131-a31e-d5d2e4d6baba.sock'), ('ROS_PYTHON_VERSION', '3'), ('VSCODE_GIT_ASKPASS_MAIN', '/home/ibrahim/.vscode-server/bin/0958016b2af9f09bb4257e0df4a95e2f90590f9f/extensions/git/dist/askpass-main.js'), ('VSCODE_GIT_ASKPASS_NODE', '/home/ibrahim/.vscode-server/bin/0958016b2af9f09bb4257e0df4a95e2f90590f9f/node'), ('VSCODE_PYTHON_AUTOACTIVATE_GUARD', '1'), ('DBUS_SESSION_BUS_ADDRESS', 'unix:path=/run/user/1000/bus'), ('COLORTERM', 'truecolor'), ('WSL_DISTRO_NAME', 'Ubuntu-22.04'), ('WAYLAND_DISPLAY', 'wayland-0'), ('COLCON_PREFIX_PATH', '/home/ibrahim/RobotArm/install:/home/ibrahim/TF2Sample/install:/home/ibrahim/RobotNav/install:/home/ibrahim/RobotMonitor/install:/home/ibrahim/ros2_ws/install'), ('ROS_DISTRO', 'humble'), ('LOGNAME', 'ibrahim'), ('NAME', 'Ibrahim-laptop'), ('WSL_INTEROP', '/run/WSL/418_interop'), ('PULSE_SERVER', 'unix:/mnt/wslg/PulseServer'), ('_', '/usr/bin/colcon'), ('ROS_VERSION', '2'), ('CLAUDE_CODE_SSE_PORT', '14704'), ('TERM', 'xterm-256color'), ('ROS_LOCALHOST_ONLY', '0'), ('PATH', '/home/ibrahim/.vscode-server/data/User/globalStorage/github.copilot-chat/debugCommand:/home/ibrahim/.vscode-server/data/User/globalStorage/github.copilot-chat/copilotCli:/home/ibrahim/.vscode-server/bin/0958016b2af9f09bb4257e0df4a95e2f90590f9f/bin/remote-cli:/opt/ros/humble/bin:/usr/local/sbin:/usr/local/bin:/usr/sbin:/usr/bin:/sbin:/bin:/usr/games:/usr/local/games:/usr/lib/wsl/lib:/mnt/c/Users/zanto/AppData/Local/Programs/Microsoft VS Code:/mnt/c/Windows/system32:/mnt/c/Windows:/mnt/c/Windows/System32/Wbem:/mnt/c/Windows/System32/WindowsPowerShell/v1.0/:/mnt/c/Windows/System32/OpenSSH/:/mnt/c/Program Files (x86)/NVIDIA Corporation/PhysX/Common:/mnt/c/Program Files/NVIDIA Corporation/NVIDIA App/NvDLISR:/mnt/c/Program Files/dotnet/:/mnt/c/Program Files/nodejs/:/mnt/c/Program Files/Git/cmd:/mnt/c/Program Files/PostgreSQL/18/bin:/mnt/c/Users/zanto/.local/bin:/mnt/c/Program Files/Docker/Docker/resources/bin:/mnt/c/Program Files/GitHub CLI/:/mnt/c/Users/zanto/AppData/Local/Programs/Python/Python312/Scripts/:/mnt/c/Users/zanto/AppData/Local/Programs/Python/Python312/:/mnt/c/Users/zanto/AppData/Local/Programs/Python/Python314/Scripts/:/mnt/c/Users/zanto/AppData/Local/Programs/Python/Python314/:/mnt/c/Users/zanto/AppData/Local/Microsoft/WindowsApps:/mnt/c/Users/zanto/AppData/Local/Programs/Microsoft VS Code/bin:/mnt/c/Users/zanto/AppData/Local/Programs/Ollama:/mnt/c/Users/zanto/AppData/Roaming/npm:/mnt/c/msys64/ucrt64/bin:/snap/bin'), ('XDG_RUNTIME_DIR', '/run/user/1000/'), ('DISPLAY', ':0'), ('LANG', 'C.UTF-8'), ('LS_COLORS', 'rs=0:di=01;34:ln=01;36:mh=00:pi=40;33:so=01;35:do=01;35:bd=40;33;01:cd=40;33;01:or=40;31;01:mi=00:su=37;41:sg=30;43:ca=30;41:tw=30;42:ow=34;42:st=37;44:ex=01;32:*.tar=01;31:*.tgz=01;31:*.arc=01;31:*.arj=01;31:*.taz=01;31:*.lha=01;31:*.lz4=01;31:*.lzh=01;31:*.lzma=01;31:*.tlz=01;31:*.txz=01;31:*.tzo=01;31:*.t7z=01;31:*.zip=01;31:*.z=01;31:*.dz=01;31:*.gz=01;31:*.lrz=01;31:*.lz=01;31:*.lzo=01;31:*.xz=01;31:*.zst=01;31:*.tzst=01;31:*.bz2=01;31:*.bz=01;31:*.tbz=01;31:*.tbz2=01;31:*.tz=01;31:*.deb=01;31:*.rpm=01;31:*.jar=01;31:*.war=01;31:*.ear=01;31:*.sar=01;31:*.rar=01;31:*.alz=01;31:*.ace=01;31:*.zoo=01;31:*.cpio=01;31:*.7z=01;31:*.rz=01;31:*.cab=01;31:*.wim=01;31:*.swm=01;31:*.dwm=01;31:*.esd=01;31:*.jpg=01;35:*.jpeg=01;35:*.mjpg=01;35:*.mjpeg=01;35:*.gif=01;35:*.bmp=01;35:*.pbm=01;35:*.pgm=01;35:*.ppm=01;35:*.tga=01;35:*.xbm=01;35:*.xpm=01;35:*.tif=01;35:*.tiff=01;35:*.png=01;35:*.svg=01;35:*.svgz=01;35:*.mng=01;35:*.pcx=01;35:*.mov=01;35:*.mpg=01;35:*.mpeg=01;35:*.m2v=01;35:*.mkv=01;35:*.webm=01;35:*.webp=01;35:*.ogm=01;35:*.mp4=01;35:*.m4v=01;35:*.mp4v=01;35:*.vob=01;35:*.qt=01;35:*.nuv=01;35:*.wmv=01;35:*.asf=01;35:*.rm=01;35:*.rmvb=01;35:*.flc=01;35:*.avi=01;35:*.fli=01;35:*.flv=01;35:*.gl=01;35:*.dl=01;35:*.xcf=01;35:*.xwd=01;35:*.yuv=01;35:*.cgm=01;35:*.emf=01;35:*.ogv=01;35:*.ogx=01;35:*.aac=00;36:*.au=00;36:*.flac=00;36:*.m4a=00;36:*.mid=00;36:*.midi=00;36:*.mka=00;36:*.mp3=00;36:*.mpc=00;36:*.ogg=00;36:*.ra=00;36:*.wav=00;36:*.oga=00;36:*.opus=00;36:*.spx=00;36:*.xspf=00;36:'), ('VSCODE_GIT_IPC_HANDLE', '/run/user/1000/vscode-git-fffe7d841c.sock'), ('TERM_PROGRAM', 'vscode'), ('ROS_DOMAIN_ID', '10'), ('AMENT_PREFIX_PATH', '/home/ibrahim/RobotArmExpanded/install/action_interfaces:/home/ibrahim/RobotArm/install/main_arm_package:/home/ibrahim/RobotArm/install/action_interfaces:/home/ibrahim/TF2Sample/install/tf2sim:/home/ibrahim/RobotNav/install/main_robot_nodes:/home/ibrahim/RobotNav/install/action_interfaces:/home/ibrahim/RobotMonitor/install/Robot3Node_Package:/home/ibrahim/ros2_ws/install/my_first_package:/home/ibrahim/ros2_ws/install/action_interfaces:/opt/ros/humble'), ('SHELL', '/bin/bash'), ('LESSCLOSE', '/usr/bin/lesspipe %s %s'), ('VSCODE_GIT_ASKPASS_EXTRA_ARGS', ''), ('PWD', '/home/ibrahim/RobotArmExpanded/build/main_arm_package'), ('XDG_DATA_DIRS', '/usr/local/share:/usr/share:/var/lib/snapd/desktop'), ('PYTHONPATH', '/home/ibrahim/RobotArmExpanded/install/action_interfaces/local/lib/python3.10/dist-packages:/home/ibrahim/RobotArm/install/action_interfaces/local/lib/python3.10/dist-packages:/home/ibrahim/RobotNav/install/action_interfaces/local/lib/python3.10/dist-packages:/home/ibrahim/ros2_ws/install/action_interfaces/local/lib/python3.10/dist-packages:/opt/ros/humble/lib/python3.10/site-packages:/opt/ros/humble/local/lib/python3.10/dist-packages'), ('COLCON', '1'), ('WSL2_GUI_APPS_ENABLED', '1'), ('HOSTTYPE', 'x86_64'), ('CMAKE_PREFIX_PATH', '/home/ibrahim/RobotArmExpanded/install/action_interfaces:/home/ibrahim/RobotArm/install/main_arm_package:/home/ibrahim/RobotArm/install/action_interfaces:/home/ibrahim/TF2Sample/install/tf2sim:/home/ibrahim/RobotNav/install/main_robot_nodes:/home/ibrahim/RobotNav/install/action_interfaces:/home/ibrahim/RobotMonitor/install/Robot3Node_Package:/home/ibrahim/ros2_ws/install/my_first_package:/home/ibrahim/ros2_ws/install/action_interfaces:/opt/ros/humble'), ('WSLENV', 'VSCODE_WSL_EXT_LOCATION/up')]), 'shell': False}
[30.421438] (main_arm_package) StdoutLine: {'line': b'-- Install configuration: ""\n'}
[30.422783] (main_arm_package) StdoutLine: {'line': b'-- Installing: /home/ibrahim/RobotArmExpanded/install/main_arm_package/lib/main_arm_package/ArmController\n'}
[30.430164] (main_arm_package) StdoutLine: {'line': b'-- Set runtime path of "/home/ibrahim/RobotArmExpanded/install/main_arm_package/lib/main_arm_package/ArmController" to ""\n'}
[30.430396] (main_arm_package) StdoutLine: {'line': b'-- Installing: /home/ibrahim/RobotArmExpanded/install/main_arm_package/lib/main_arm_package/ArmMonitor\n'}
[30.436591] (main_arm_package) StdoutLine: {'line': b'-- Set runtime path of "/home/ibrahim/RobotArmExpanded/install/main_arm_package/lib/main_arm_package/ArmMonitor" to ""\n'}
[30.436700] (main_arm_package) StdoutLine: {'line': b'-- Installing: /home/ibrahim/RobotArmExpanded/install/main_arm_package/lib/main_arm_package/ArmMover\n'}
[30.441412] (-) TimerEvent: {}
[30.443361] (main_arm_package) StdoutLine: {'line': b'-- Set runtime path of "/home/ibrahim/RobotArmExpanded/install/main_arm_package/lib/main_arm_package/ArmMover" to ""\n'}
[30.443610] (main_arm_package) StdoutLine: {'line': b'-- Installing: /home/ibrahim/RobotArmExpanded/install/main_arm_package/lib/main_arm_package/ArmClient\n'}
[30.446130] (main_arm_package) StdoutLine: {'line': b'-- Set runtime path of "/home/ibrahim/RobotArmExpanded/install/main_arm_package/lib/main_arm_package/ArmClient" to ""\n'}
[30.446329] (main_arm_package) StdoutLine: {'line': b'-- Installing: /home/ibrahim/RobotArmExpanded/install/main_arm_package/share/main_arm_package/launch\n'}
[30.447529] (main_arm_package) StdoutLine: {'line': b'-- Installing: /home/ibrahim/RobotArmExpanded/install/main_arm_package/share/main_arm_package/launch/display.launch.py\n'}
[30.447852] (main_arm_package) StdoutLine: {'line': b'-- Installing: /home/ibrahim/RobotArmExpanded/install/main_arm_package/share/main_arm_package/launch/launch.py\n'}
[30.448106] (main_arm_package) StdoutLine: {'line': b'-- Installing: /home/ibrahim/RobotArmExpanded/install/main_arm_package/share/main_arm_package/urdf\n'}
[30.448593] (main_arm_package) StdoutLine: {'line': b'-- Installing: /home/ibrahim/RobotArmExpanded/install/main_arm_package/share/main_arm_package/urdf/arm.urdf\n'}
[30.448920] (main_arm_package) StdoutLine: {'line': b'-- Installing: /home/ibrahim/RobotArmExpanded/install/main_arm_package/share/main_arm_package/rviz\n'}
[30.449370] (main_arm_package) StdoutLine: {'line': b'-- Installing: /home/ibrahim/RobotArmExpanded/install/main_arm_package/share/main_arm_package/rviz/arm.rviz\n'}
[30.450870] (main_arm_package) StdoutLine: {'line': b'-- Installing: /home/ibrahim/RobotArmExpanded/install/main_arm_package/share/ament_index/resource_index/package_run_dependencies/main_arm_package\n'}
[30.451656] (main_arm_package) StdoutLine: {'line': b'-- Installing: /home/ibrahim/RobotArmExpanded/install/main_arm_package/share/ament_index/resource_index/parent_prefix_path/main_arm_package\n'}
[30.452332] (main_arm_package) StdoutLine: {'line': b'-- Installing: /home/ibrahim/RobotArmExpanded/install/main_arm_package/share/main_arm_package/environment/ament_prefix_path.sh\n'}
[30.452745] (main_arm_package) StdoutLine: {'line': b'-- Installing: /home/ibrahim/RobotArmExpanded/install/main_arm_package/share/main_arm_package/environment/ament_prefix_path.dsv\n'}
[30.453003] (main_arm_package) StdoutLine: {'line': b'-- Installing: /home/ibrahim/RobotArmExpanded/install/main_arm_package/share/main_arm_package/environment/path.sh\n'}
[30.453222] (main_arm_package) StdoutLine: {'line': b'-- Installing: /home/ibrahim/RobotArmExpanded/install/main_arm_package/share/main_arm_package/environment/path.dsv\n'}
[30.453454] (main_arm_package) StdoutLine: {'line': b'-- Installing: /home/ibrahim/RobotArmExpanded/install/main_arm_package/share/main_arm_package/local_setup.bash\n'}
[30.453698] (main_arm_package) StdoutLine: {'line': b'-- Installing: /home/ibrahim/RobotArmExpanded/install/main_arm_package/share/main_arm_package/local_setup.sh\n'}
[30.453958] (main_arm_package) StdoutLine: {'line': b'-- Installing: /home/ibrahim/RobotArmExpanded/install/main_arm_package/share/main_arm_package/local_setup.zsh\n'}
[30.454210] (main_arm_package) StdoutLine: {'line': b'-- Installing: /home/ibrahim/RobotArmExpanded/install/main_arm_package/share/main_arm_package/local_setup.dsv\n'}
[30.454453] (main_arm_package) StdoutLine: {'line': b'-- Installing: /home/ibrahim/RobotArmExpanded/install/main_arm_package/share/main_arm_package/package.dsv\n'}
[30.455105] (main_arm_package) StdoutLine: {'line': b'-- Installing: /home/ibrahim/RobotArmExpanded/install/main_arm_package/share/ament_index/resource_index/packages/main_arm_package\n'}
[30.455785] (main_arm_package) StdoutLine: {'line': b'-- Installing: /home/ibrahim/RobotArmExpanded/install/main_arm_package/share/main_arm_package/cmake/main_arm_packageConfig.cmake\n'}
[30.455978] (main_arm_package) StdoutLine: {'line': b'-- Installing: /home/ibrahim/RobotArmExpanded/install/main_arm_package/share/main_arm_package/cmake/main_arm_packageConfig-version.cmake\n'}
[30.456286] (main_arm_package) StdoutLine: {'line': b'-- Installing: /home/ibrahim/RobotArmExpanded/install/main_arm_package/share/main_arm_package/package.xml\n'}
[30.460756] (main_arm_package) CommandEnded: {'returncode': 0}
[30.475561] (main_arm_package) JobEnded: {'identifier': 'main_arm_package', 'rc': 0}
[30.476823] (-) EventReactorShutdown: {}
