[0.000000] (-) TimerEvent: {}
[0.000808] (action_interfaces) JobQueued: {'identifier': 'action_interfaces', 'dependencies': OrderedDict()}
[0.000869] (main_arm_package) JobQueued: {'identifier': 'main_arm_package', 'dependencies': OrderedDict([('action_interfaces', '/home/ibrahim/RobotArmExpanded/install/action_interfaces')])}
[0.000919] (action_interfaces) JobStarted: {'identifier': 'action_interfaces'}
[0.014393] (action_interfaces) JobProgress: {'identifier': 'action_interfaces', 'progress': 'cmake'}
[0.015518] (action_interfaces) JobProgress: {'identifier': 'action_interfaces', 'progress': 'build'}
[0.017284] (action_interfaces) Command: {'cmd': ['/usr/bin/cmake', '--build', '/home/ibrahim/RobotArmExpanded/build/action_interfaces', '--', '-j16', '-l16'], 'cwd': '/home/ibrahim/RobotArmExpanded/build/action_interfaces', 'env': OrderedDict([('PYTHON_BASIC_REPL', '1'), ('LESSOPEN', '| /usr/bin/lesspipe %s'), ('USER', 'ibrahim'), ('GIT_ASKPASS', '/home/ibrahim/.vscode-server/bin/0958016b2af9f09bb4257e0df4a95e2f90590f9f/extensions/git/dist/askpass.sh'), ('SHLVL', '1'), ('LD_LIBRARY_PATH', '/home/ibrahim/RobotArmExpanded/install/action_interfaces/lib:/home/ibrahim/RobotArm/install/action_interfaces/lib:/home/ibrahim/RobotNav/install/action_interfaces/lib:/home/ibrahim/ros2_ws/install/action_interfaces/lib:/usr/lib/x86_64-linux-gnu/gazebo-11/plugins:/opt/ros/humble/opt/rviz_ogre_vendor/lib:/opt/ros/humble/lib/x86_64-linux-gnu:/opt/ros/humble/lib'), ('MOTD_SHOWN', 'update-motd'), ('HOME', '/home/ibrahim'), ('OLDPWD', '/home/ibrahim'), ('TERM_PROGRAM_VERSION', '1.120.0'), ('VSCODE_IPC_HOOK_CLI', '/run/user/1000/vscode-ipc-a363f6a4-99bd-417c-ac4e-7e31213317cc.sock'), ('ROS_PYTHON_VERSION', '3'), ('VSCODE_GIT_ASKPASS_MAIN', '/home/ibrahim/.vscode-server/bin/0958016b2af9f09bb4257e0df4a95e2f90590f9f/extensions/git/dist/askpass-main.js'), ('VSCODE_GIT_ASKPASS_NODE', '/home/ibrahim/.vscode-server/bin/0958016b2af9f09bb4257e0df4a95e2f90590f9f/node'), ('PYDEVD_DISABLE_FILE_VALIDATION', '1'), ('BUNDLED_DEBUGPY_PATH', '/home/ibrahim/.vscode-server/extensions/ms-python.debugpy-2026.6.0-linux-x64/bundled/libs/debugpy'), ('VSCODE_PYTHON_AUTOACTIVATE_GUARD', '1'), ('DBUS_SESSION_BUS_ADDRESS', 'unix:path=/run/user/1000/bus'), ('COLORTERM', 'truecolor'), ('WSL_DISTRO_NAME', 'Ubuntu-22.04'), ('WAYLAND_DISPLAY', 'wayland-0'), ('COLCON_PREFIX_PATH', '/home/ibrahim/RobotArmExpanded/install:/home/ibrahim/RobotArm/install:/home/ibrahim/TF2Sample/install:/home/ibrahim/RobotNav/install:/home/ibrahim/RobotMonitor/install:/home/ibrahim/ros2_ws/install'), ('ROS_DISTRO', 'humble'), ('LOGNAME', 'ibrahim'), ('NAME', 'Ibrahim-laptop'), ('WSL_INTEROP', '/run/WSL/414_interop'), ('PULSE_SERVER', 'unix:/mnt/wslg/PulseServer'), ('_', '/usr/bin/colcon'), ('ROS_VERSION', '2'), ('CLAUDE_CODE_SSE_PORT', '42304'), ('TERM', 'xterm-256color'), ('ROS_LOCALHOST_ONLY', '0'), ('PATH', '/home/ibrahim/.vscode-server/data/User/globalStorage/github.copilot-chat/debugCommand:/home/ibrahim/.vscode-server/data/User/globalStorage/github.copilot-chat/copilotCli:/home/ibrahim/.vscode-server/bin/0958016b2af9f09bb4257e0df4a95e2f90590f9f/bin/remote-cli:/opt/ros/humble/bin:/usr/local/sbin:/usr/local/bin:/usr/sbin:/usr/bin:/sbin:/bin:/usr/games:/usr/local/games:/usr/lib/wsl/lib:/mnt/c/Users/zanto/AppData/Local/Programs/Microsoft VS Code:/mnt/c/Windows/system32:/mnt/c/Windows:/mnt/c/Windows/System32/Wbem:/mnt/c/Windows/System32/WindowsPowerShell/v1.0/:/mnt/c/Windows/System32/OpenSSH/:/mnt/c/Program Files (x86)/NVIDIA Corporation/PhysX/Common:/mnt/c/Program Files/NVIDIA Corporation/NVIDIA App/NvDLISR:/mnt/c/Program Files/dotnet/:/mnt/c/Program Files/nodejs/:/mnt/c/Program Files/Git/cmd:/mnt/c/Program Files/PostgreSQL/18/bin:/mnt/c/Users/zanto/.local/bin:/mnt/c/Program Files/Docker/Docker/resources/bin:/mnt/c/Program Files/GitHub CLI/:/mnt/c/Users/zanto/AppData/Local/Programs/Python/Python312/Scripts/:/mnt/c/Users/zanto/AppData/Local/Programs/Python/Python312/:/mnt/c/Users/zanto/AppData/Local/Programs/Python/Python314/Scripts/:/mnt/c/Users/zanto/AppData/Local/Programs/Python/Python314/:/mnt/c/Users/zanto/AppData/Local/Microsoft/WindowsApps:/mnt/c/Users/zanto/AppData/Local/Programs/Microsoft VS Code/bin:/mnt/c/Users/zanto/AppData/Local/Programs/Ollama:/mnt/c/Users/zanto/AppData/Roaming/npm:/mnt/c/msys64/ucrt64/bin:/snap/bin:/home/ibrahim/.vscode-server/extensions/ms-python.debugpy-2026.6.0-linux-x64/bundled/scripts/noConfigScripts'), ('XDG_RUNTIME_DIR', '/run/user/1000/'), ('DISPLAY', ':0'), ('VSCODE_DEBUGPY_ADAPTER_ENDPOINTS', '/home/ibrahim/.vscode-server/extensions/ms-python.debugpy-2026.6.0-linux-x64/.noConfigDebugAdapterEndpoints/endpoint-56a3a212e1e4f062.txt'), ('LANG', 'C.UTF-8'), ('PYTHONSTARTUP', '/home/ibrahim/.vscode-server/data/User/workspaceStorage/e80122f58dd8365232b0ea725993d05e/ms-python.python/pythonrc.py'), ('LS_COLORS', 'rs=0:di=01;34:ln=01;36:mh=00:pi=40;33:so=01;35:do=01;35:bd=40;33;01:cd=40;33;01:or=40;31;01:mi=00:su=37;41:sg=30;43:ca=30;41:tw=30;42:ow=34;42:st=37;44:ex=01;32:*.tar=01;31:*.tgz=01;31:*.arc=01;31:*.arj=01;31:*.taz=01;31:*.lha=01;31:*.lz4=01;31:*.lzh=01;31:*.lzma=01;31:*.tlz=01;31:*.txz=01;31:*.tzo=01;31:*.t7z=01;31:*.zip=01;31:*.z=01;31:*.dz=01;31:*.gz=01;31:*.lrz=01;31:*.lz=01;31:*.lzo=01;31:*.xz=01;31:*.zst=01;31:*.tzst=01;31:*.bz2=01;31:*.bz=01;31:*.tbz=01;31:*.tbz2=01;31:*.tz=01;31:*.deb=01;31:*.rpm=01;31:*.jar=01;31:*.war=01;31:*.ear=01;31:*.sar=01;31:*.rar=01;31:*.alz=01;31:*.ace=01;31:*.zoo=01;31:*.cpio=01;31:*.7z=01;31:*.rz=01;31:*.cab=01;31:*.wim=01;31:*.swm=01;31:*.dwm=01;31:*.esd=01;31:*.jpg=01;35:*.jpeg=01;35:*.mjpg=01;35:*.mjpeg=01;35:*.gif=01;35:*.bmp=01;35:*.pbm=01;35:*.pgm=01;35:*.ppm=01;35:*.tga=01;35:*.xbm=01;35:*.xpm=01;35:*.tif=01;35:*.tiff=01;35:*.png=01;35:*.svg=01;35:*.svgz=01;35:*.mng=01;35:*.pcx=01;35:*.mov=01;35:*.mpg=01;35:*.mpeg=01;35:*.m2v=01;35:*.mkv=01;35:*.webm=01;35:*.webp=01;35:*.ogm=01;35:*.mp4=01;35:*.m4v=01;35:*.mp4v=01;35:*.vob=01;35:*.qt=01;35:*.nuv=01;35:*.wmv=01;35:*.asf=01;35:*.rm=01;35:*.rmvb=01;35:*.flc=01;35:*.avi=01;35:*.fli=01;35:*.flv=01;35:*.gl=01;35:*.dl=01;35:*.xcf=01;35:*.xwd=01;35:*.yuv=01;35:*.cgm=01;35:*.emf=01;35:*.ogv=01;35:*.ogx=01;35:*.aac=00;36:*.au=00;36:*.flac=00;36:*.m4a=00;36:*.mid=00;36:*.midi=00;36:*.mka=00;36:*.mp3=00;36:*.mpc=00;36:*.ogg=00;36:*.ra=00;36:*.wav=00;36:*.oga=00;36:*.opus=00;36:*.spx=00;36:*.xspf=00;36:'), ('VSCODE_GIT_IPC_HANDLE', '/run/user/1000/vscode-git-fffe7d841c.sock'), ('TERM_PROGRAM', 'vscode'), ('ROS_DOMAIN_ID', '10'), ('AMENT_PREFIX_PATH', '/home/ibrahim/RobotArmExpanded/install/main_arm_package:/home/ibrahim/RobotArmExpanded/install/action_interfaces:/home/ibrahim/RobotArm/install/main_arm_package:/home/ibrahim/RobotArm/install/action_interfaces:/home/ibrahim/TF2Sample/install/tf2sim:/home/ibrahim/RobotNav/install/main_robot_nodes:/home/ibrahim/RobotNav/install/action_interfaces:/home/ibrahim/RobotMonitor/install/Robot3Node_Package:/home/ibrahim/ros2_ws/install/my_first_package:/home/ibrahim/ros2_ws/install/action_interfaces:/opt/ros/humble'), ('SHELL', '/bin/bash'), ('LESSCLOSE', '/usr/bin/lesspipe %s %s'), ('VSCODE_GIT_ASKPASS_EXTRA_ARGS', ''), ('PWD', '/home/ibrahim/RobotArmExpanded/build/action_interfaces'), ('XDG_DATA_DIRS', '/usr/local/share:/usr/share:/var/lib/snapd/desktop'), ('PYTHONPATH', '/home/ibrahim/RobotArmExpanded/install/action_interfaces/local/lib/python3.10/dist-packages:/home/ibrahim/RobotArm/install/action_interfaces/local/lib/python3.10/dist-packages:/home/ibrahim/RobotNav/install/action_interfaces/local/lib/python3.10/dist-packages:/home/ibrahim/ros2_ws/install/action_interfaces/local/lib/python3.10/dist-packages:/opt/ros/humble/lib/python3.10/site-packages:/opt/ros/humble/local/lib/python3.10/dist-packages'), ('COLCON', '1'), ('WSL2_GUI_APPS_ENABLED', '1'), ('HOSTTYPE', 'x86_64'), ('CMAKE_PREFIX_PATH', '/home/ibrahim/RobotArmExpanded/install/main_arm_package:/home/ibrahim/RobotArmExpanded/install/action_interfaces:/home/ibrahim/TF2Sample/install/tf2sim:/home/ibrahim/RobotNav/install/main_robot_nodes:/home/ibrahim/RobotNav/install/action_interfaces:/home/ibrahim/RobotMonitor/install/Robot3Node_Package:/home/ibrahim/ros2_ws/install/my_first_package:/home/ibrahim/ros2_ws/install/action_interfaces:/home/ibrahim/RobotArm/install/main_arm_package:/home/ibrahim/RobotArm/install/action_interfaces:/opt/ros/humble'), ('WSLENV', 'VSCODE_WSL_EXT_LOCATION/up')]), 'shell': False}
[0.099535] (-) TimerEvent: {}
[0.118646] (action_interfaces) StdoutLine: {'line': b'[  1%] Built target action_interfaces__rs\n'}
[0.123155] (action_interfaces) StdoutLine: {'line': b'[ 12%] Built target action_interfaces__rosidl_generator_c\n'}
[0.124307] (action_interfaces) StdoutLine: {'line': b'[ 14%] Built target action_interfaces__cpp\n'}
[0.141707] (action_interfaces) StdoutLine: {'line': b'[ 14%] Built target ament_cmake_python_copy_action_interfaces\n'}
[0.161534] (action_interfaces) StdoutLine: {'line': b'[ 25%] Built target action_interfaces__rosidl_typesupport_c\n'}
[0.162000] (action_interfaces) StdoutLine: {'line': b'[ 39%] Built target action_interfaces__rosidl_typesupport_introspection_c\n'}
[0.163131] (action_interfaces) StdoutLine: {'line': b'[ 46%] Built target action_interfaces__rosidl_typesupport_fastrtps_c\n'}
[0.165677] (action_interfaces) StdoutLine: {'line': b'[ 70%] Built target action_interfaces__rosidl_typesupport_fastrtps_cpp\n'}
[0.166292] (action_interfaces) StdoutLine: {'line': b'[ 78%] Built target action_interfaces__rosidl_typesupport_introspection_cpp\n'}
[0.166665] (action_interfaces) StdoutLine: {'line': b'[ 79%] Built target action_interfaces__rosidl_typesupport_cpp\n'}
[0.197524] (action_interfaces) StdoutLine: {'line': b'[ 79%] Built target action_interfaces\n'}
[0.199649] (-) TimerEvent: {}
[0.226257] (action_interfaces) StdoutLine: {'line': b'[ 81%] Built target action_interfaces__py\n'}
[0.258922] (action_interfaces) StdoutLine: {'line': b'[ 90%] Built target action_interfaces__rosidl_generator_py\n'}
[0.291117] (action_interfaces) StdoutLine: {'line': b'[ 93%] Built target action_interfaces__rosidl_typesupport_introspection_c__pyext\n'}
[0.291718] (action_interfaces) StdoutLine: {'line': b'[ 96%] Built target action_interfaces__rosidl_typesupport_fastrtps_c__pyext\n'}
[0.292430] (action_interfaces) StdoutLine: {'line': b'[100%] Built target action_interfaces__rosidl_typesupport_c__pyext\n'}
[0.299729] (-) TimerEvent: {}
[0.397962] (action_interfaces) StdoutLine: {'line': b'running egg_info\n'}
[0.399139] (action_interfaces) StdoutLine: {'line': b'writing action_interfaces.egg-info/PKG-INFO\n'}
[0.399522] (action_interfaces) StdoutLine: {'line': b'writing dependency_links to action_interfaces.egg-info/dependency_links.txt\n'}
[0.399811] (-) TimerEvent: {}
[0.400030] (action_interfaces) StdoutLine: {'line': b'writing top-level names to action_interfaces.egg-info/top_level.txt\n'}
[0.403513] (action_interfaces) StdoutLine: {'line': b"reading manifest file 'action_interfaces.egg-info/SOURCES.txt'\n"}
[0.404361] (action_interfaces) StdoutLine: {'line': b"writing manifest file 'action_interfaces.egg-info/SOURCES.txt'\n"}
[0.442507] (action_interfaces) StdoutLine: {'line': b'[100%] Built target ament_cmake_python_build_action_interfaces_egg\n'}
[0.459100] (action_interfaces) CommandEnded: {'returncode': 0}
[0.460032] (action_interfaces) JobProgress: {'identifier': 'action_interfaces', 'progress': 'install'}
[0.471982] (action_interfaces) Command: {'cmd': ['/usr/bin/cmake', '--install', '/home/ibrahim/RobotArmExpanded/build/action_interfaces'], 'cwd': '/home/ibrahim/RobotArmExpanded/build/action_interfaces', 'env': OrderedDict([('PYTHON_BASIC_REPL', '1'), ('LESSOPEN', '| /usr/bin/lesspipe %s'), ('USER', 'ibrahim'), ('GIT_ASKPASS', '/home/ibrahim/.vscode-server/bin/0958016b2af9f09bb4257e0df4a95e2f90590f9f/extensions/git/dist/askpass.sh'), ('SHLVL', '1'), ('LD_LIBRARY_PATH', '/home/ibrahim/RobotArmExpanded/install/action_interfaces/lib:/home/ibrahim/RobotArm/install/action_interfaces/lib:/home/ibrahim/RobotNav/install/action_interfaces/lib:/home/ibrahim/ros2_ws/install/action_interfaces/lib:/usr/lib/x86_64-linux-gnu/gazebo-11/plugins:/opt/ros/humble/opt/rviz_ogre_vendor/lib:/opt/ros/humble/lib/x86_64-linux-gnu:/opt/ros/humble/lib'), ('MOTD_SHOWN', 'update-motd'), ('HOME', '/home/ibrahim'), ('OLDPWD', '/home/ibrahim'), ('TERM_PROGRAM_VERSION', '1.120.0'), ('VSCODE_IPC_HOOK_CLI', '/run/user/1000/vscode-ipc-a363f6a4-99bd-417c-ac4e-7e31213317cc.sock'), ('ROS_PYTHON_VERSION', '3'), ('VSCODE_GIT_ASKPASS_MAIN', '/home/ibrahim/.vscode-server/bin/0958016b2af9f09bb4257e0df4a95e2f90590f9f/extensions/git/dist/askpass-main.js'), ('VSCODE_GIT_ASKPASS_NODE', '/home/ibrahim/.vscode-server/bin/0958016b2af9f09bb4257e0df4a95e2f90590f9f/node'), ('PYDEVD_DISABLE_FILE_VALIDATION', '1'), ('BUNDLED_DEBUGPY_PATH', '/home/ibrahim/.vscode-server/extensions/ms-python.debugpy-2026.6.0-linux-x64/bundled/libs/debugpy'), ('VSCODE_PYTHON_AUTOACTIVATE_GUARD', '1'), ('DBUS_SESSION_BUS_ADDRESS', 'unix:path=/run/user/1000/bus'), ('COLORTERM', 'truecolor'), ('WSL_DISTRO_NAME', 'Ubuntu-22.04'), ('WAYLAND_DISPLAY', 'wayland-0'), ('COLCON_PREFIX_PATH', '/home/ibrahim/RobotArmExpanded/install:/home/ibrahim/RobotArm/install:/home/ibrahim/TF2Sample/install:/home/ibrahim/RobotNav/install:/home/ibrahim/RobotMonitor/install:/home/ibrahim/ros2_ws/install'), ('ROS_DISTRO', 'humble'), ('LOGNAME', 'ibrahim'), ('NAME', 'Ibrahim-laptop'), ('WSL_INTEROP', '/run/WSL/414_interop'), ('PULSE_SERVER', 'unix:/mnt/wslg/PulseServer'), ('_', '/usr/bin/colcon'), ('ROS_VERSION', '2'), ('CLAUDE_CODE_SSE_PORT', '42304'), ('TERM', 'xterm-256color'), ('ROS_LOCALHOST_ONLY', '0'), ('PATH', '/home/ibrahim/.vscode-server/data/User/globalStorage/github.copilot-chat/debugCommand:/home/ibrahim/.vscode-server/data/User/globalStorage/github.copilot-chat/copilotCli:/home/ibrahim/.vscode-server/bin/0958016b2af9f09bb4257e0df4a95e2f90590f9f/bin/remote-cli:/opt/ros/humble/bin:/usr/local/sbin:/usr/local/bin:/usr/sbin:/usr/bin:/sbin:/bin:/usr/games:/usr/local/games:/usr/lib/wsl/lib:/mnt/c/Users/zanto/AppData/Local/Programs/Microsoft VS Code:/mnt/c/Windows/system32:/mnt/c/Windows:/mnt/c/Windows/System32/Wbem:/mnt/c/Windows/System32/WindowsPowerShell/v1.0/:/mnt/c/Windows/System32/OpenSSH/:/mnt/c/Program Files (x86)/NVIDIA Corporation/PhysX/Common:/mnt/c/Program Files/NVIDIA Corporation/NVIDIA App/NvDLISR:/mnt/c/Program Files/dotnet/:/mnt/c/Program Files/nodejs/:/mnt/c/Program Files/Git/cmd:/mnt/c/Program Files/PostgreSQL/18/bin:/mnt/c/Users/zanto/.local/bin:/mnt/c/Program Files/Docker/Docker/resources/bin:/mnt/c/Program Files/GitHub CLI/:/mnt/c/Users/zanto/AppData/Local/Programs/Python/Python312/Scripts/:/mnt/c/Users/zanto/AppData/Local/Programs/Python/Python312/:/mnt/c/Users/zanto/AppData/Local/Programs/Python/Python314/Scripts/:/mnt/c/Users/zanto/AppData/Local/Programs/Python/Python314/:/mnt/c/Users/zanto/AppData/Local/Microsoft/WindowsApps:/mnt/c/Users/zanto/AppData/Local/Programs/Microsoft VS Code/bin:/mnt/c/Users/zanto/AppData/Local/Programs/Ollama:/mnt/c/Users/zanto/AppData/Roaming/npm:/mnt/c/msys64/ucrt64/bin:/snap/bin:/home/ibrahim/.vscode-server/extensions/ms-python.debugpy-2026.6.0-linux-x64/bundled/scripts/noConfigScripts'), ('XDG_RUNTIME_DIR', '/run/user/1000/'), ('DISPLAY', ':0'), ('VSCODE_DEBUGPY_ADAPTER_ENDPOINTS', '/home/ibrahim/.vscode-server/extensions/ms-python.debugpy-2026.6.0-linux-x64/.noConfigDebugAdapterEndpoints/endpoint-56a3a212e1e4f062.txt'), ('LANG', 'C.UTF-8'), ('PYTHONSTARTUP', '/home/ibrahim/.vscode-server/data/User/workspaceStorage/e80122f58dd8365232b0ea725993d05e/ms-python.python/pythonrc.py'), ('LS_COLORS', 'rs=0:di=01;34:ln=01;36:mh=00:pi=40;33:so=01;35:do=01;35:bd=40;33;01:cd=40;33;01:or=40;31;01:mi=00:su=37;41:sg=30;43:ca=30;41:tw=30;42:ow=34;42:st=37;44:ex=01;32:*.tar=01;31:*.tgz=01;31:*.arc=01;31:*.arj=01;31:*.taz=01;31:*.lha=01;31:*.lz4=01;31:*.lzh=01;31:*.lzma=01;31:*.tlz=01;31:*.txz=01;31:*.tzo=01;31:*.t7z=01;31:*.zip=01;31:*.z=01;31:*.dz=01;31:*.gz=01;31:*.lrz=01;31:*.lz=01;31:*.lzo=01;31:*.xz=01;31:*.zst=01;31:*.tzst=01;31:*.bz2=01;31:*.bz=01;31:*.tbz=01;31:*.tbz2=01;31:*.tz=01;31:*.deb=01;31:*.rpm=01;31:*.jar=01;31:*.war=01;31:*.ear=01;31:*.sar=01;31:*.rar=01;31:*.alz=01;31:*.ace=01;31:*.zoo=01;31:*.cpio=01;31:*.7z=01;31:*.rz=01;31:*.cab=01;31:*.wim=01;31:*.swm=01;31:*.dwm=01;31:*.esd=01;31:*.jpg=01;35:*.jpeg=01;35:*.mjpg=01;35:*.mjpeg=01;35:*.gif=01;35:*.bmp=01;35:*.pbm=01;35:*.pgm=01;35:*.ppm=01;35:*.tga=01;35:*.xbm=01;35:*.xpm=01;35:*.tif=01;35:*.tiff=01;35:*.png=01;35:*.svg=01;35:*.svgz=01;35:*.mng=01;35:*.pcx=01;35:*.mov=01;35:*.mpg=01;35:*.mpeg=01;35:*.m2v=01;35:*.mkv=01;35:*.webm=01;35:*.webp=01;35:*.ogm=01;35:*.mp4=01;35:*.m4v=01;35:*.mp4v=01;35:*.vob=01;35:*.qt=01;35:*.nuv=01;35:*.wmv=01;35:*.asf=01;35:*.rm=01;35:*.rmvb=01;35:*.flc=01;35:*.avi=01;35:*.fli=01;35:*.flv=01;35:*.gl=01;35:*.dl=01;35:*.xcf=01;35:*.xwd=01;35:*.yuv=01;35:*.cgm=01;35:*.emf=01;35:*.ogv=01;35:*.ogx=01;35:*.aac=00;36:*.au=00;36:*.flac=00;36:*.m4a=00;36:*.mid=00;36:*.midi=00;36:*.mka=00;36:*.mp3=00;36:*.mpc=00;36:*.ogg=00;36:*.ra=00;36:*.wav=00;36:*.oga=00;36:*.opus=00;36:*.spx=00;36:*.xspf=00;36:'), ('VSCODE_GIT_IPC_HANDLE', '/run/user/1000/vscode-git-fffe7d841c.sock'), ('TERM_PROGRAM', 'vscode'), ('ROS_DOMAIN_ID', '10'), ('AMENT_PREFIX_PATH', '/home/ibrahim/RobotArmExpanded/install/main_arm_package:/home/ibrahim/RobotArmExpanded/install/action_interfaces:/home/ibrahim/RobotArm/install/main_arm_package:/home/ibrahim/RobotArm/install/action_interfaces:/home/ibrahim/TF2Sample/install/tf2sim:/home/ibrahim/RobotNav/install/main_robot_nodes:/home/ibrahim/RobotNav/install/action_interfaces:/home/ibrahim/RobotMonitor/install/Robot3Node_Package:/home/ibrahim/ros2_ws/install/my_first_package:/home/ibrahim/ros2_ws/install/action_interfaces:/opt/ros/humble'), ('SHELL', '/bin/bash'), ('LESSCLOSE', '/usr/bin/lesspipe %s %s'), ('VSCODE_GIT_ASKPASS_EXTRA_ARGS', ''), ('PWD', '/home/ibrahim/RobotArmExpanded/build/action_interfaces'), ('XDG_DATA_DIRS', '/usr/local/share:/usr/share:/var/lib/snapd/desktop'), ('PYTHONPATH', '/home/ibrahim/RobotArmExpanded/install/action_interfaces/local/lib/python3.10/dist-packages:/home/ibrahim/RobotArm/install/action_interfaces/local/lib/python3.10/dist-packages:/home/ibrahim/RobotNav/install/action_interfaces/local/lib/python3.10/dist-packages:/home/ibrahim/ros2_ws/install/action_interfaces/local/lib/python3.10/dist-packages:/opt/ros/humble/lib/python3.10/site-packages:/opt/ros/humble/local/lib/python3.10/dist-packages'), ('COLCON', '1'), ('WSL2_GUI_APPS_ENABLED', '1'), ('HOSTTYPE', 'x86_64'), ('CMAKE_PREFIX_PATH', '/home/ibrahim/RobotArmExpanded/install/main_arm_package:/home/ibrahim/RobotArmExpanded/install/action_interfaces:/home/ibrahim/TF2Sample/install/tf2sim:/home/ibrahim/RobotNav/install/main_robot_nodes:/home/ibrahim/RobotNav/install/action_interfaces:/home/ibrahim/RobotMonitor/install/Robot3Node_Package:/home/ibrahim/ros2_ws/install/my_first_package:/home/ibrahim/ros2_ws/install/action_interfaces:/home/ibrahim/RobotArm/install/main_arm_package:/home/ibrahim/RobotArm/install/action_interfaces:/opt/ros/humble'), ('WSLENV', 'VSCODE_WSL_EXT_LOCATION/up')]), 'shell': False}
[0.485427] (action_interfaces) StdoutLine: {'line': b'-- Install configuration: ""\n'}
[0.486032] (action_interfaces) StdoutLine: {'line': b'-- Up-to-date: /home/ibrahim/RobotArmExpanded/install/action_interfaces/share/ament_index/resource_index/rosidl_interfaces/action_interfaces\n'}
[0.486591] (action_interfaces) StdoutLine: {'line': b'-- Up-to-date: /home/ibrahim/RobotArmExpanded/install/action_interfaces/include/action_interfaces/action_interfaces\n'}
[0.486803] (action_interfaces) StdoutLine: {'line': b'-- Up-to-date: /home/ibrahim/RobotArmExpanded/install/action_interfaces/include/action_interfaces/action_interfaces/srv\n'}
[0.487059] (action_interfaces) StdoutLine: {'line': b'-- Up-to-date: /home/ibrahim/RobotArmExpanded/install/action_interfaces/include/action_interfaces/action_interfaces/srv/detail\n'}
[0.487174] (action_interfaces) StdoutLine: {'line': b'-- Up-to-date: /home/ibrahim/RobotArmExpanded/install/action_interfaces/include/action_interfaces/action_interfaces/srv/detail/check_limits__type_support.h\n'}
[0.487354] (action_interfaces) StdoutLine: {'line': b'-- Up-to-date: /home/ibrahim/RobotArmExpanded/install/action_interfaces/include/action_interfaces/action_interfaces/srv/detail/check_limits__functions.c\n'}
[0.487498] (action_interfaces) StdoutLine: {'line': b'-- Up-to-date: /home/ibrahim/RobotArmExpanded/install/action_interfaces/include/action_interfaces/action_interfaces/srv/detail/check_limits__struct.h\n'}
[0.487725] (action_interfaces) StdoutLine: {'line': b'-- Up-to-date: /home/ibrahim/RobotArmExpanded/install/action_interfaces/include/action_interfaces/action_interfaces/srv/detail/check_limits__functions.h\n'}
[0.487901] (action_interfaces) StdoutLine: {'line': b'-- Up-to-date: /home/ibrahim/RobotArmExpanded/install/action_interfaces/include/action_interfaces/action_interfaces/srv/check_limits.h\n'}
[0.488202] (action_interfaces) StdoutLine: {'line': b'-- Up-to-date: /home/ibrahim/RobotArmExpanded/install/action_interfaces/include/action_interfaces/action_interfaces/msg\n'}
[0.488326] (action_interfaces) StdoutLine: {'line': b'-- Up-to-date: /home/ibrahim/RobotArmExpanded/install/action_interfaces/include/action_interfaces/action_interfaces/msg/grip_command.h\n'}
[0.488536] (action_interfaces) StdoutLine: {'line': b'-- Up-to-date: /home/ibrahim/RobotArmExpanded/install/action_interfaces/include/action_interfaces/action_interfaces/msg/rosidl_generator_c__visibility_control.h\n'}
[0.488647] (action_interfaces) StdoutLine: {'line': b'-- Up-to-date: /home/ibrahim/RobotArmExpanded/install/action_interfaces/include/action_interfaces/action_interfaces/msg/arm_command.h\n'}
[0.488813] (action_interfaces) StdoutLine: {'line': b'-- Up-to-date: /home/ibrahim/RobotArmExpanded/install/action_interfaces/include/action_interfaces/action_interfaces/msg/detail\n'}
[0.489095] (action_interfaces) StdoutLine: {'line': b'-- Up-to-date: /home/ibrahim/RobotArmExpanded/install/action_interfaces/include/action_interfaces/action_interfaces/msg/detail/arm_state__functions.c\n'}
[0.489183] (action_interfaces) StdoutLine: {'line': b'-- Up-to-date: /home/ibrahim/RobotArmExpanded/install/action_interfaces/include/action_interfaces/action_interfaces/msg/detail/arm_state__type_support.h\n'}
[0.489257] (action_interfaces) StdoutLine: {'line': b'-- Up-to-date: /home/ibrahim/RobotArmExpanded/install/action_interfaces/include/action_interfaces/action_interfaces/msg/detail/arm_state__struct.h\n'}
[0.489400] (action_interfaces) StdoutLine: {'line': b'-- Up-to-date: /home/ibrahim/RobotArmExpanded/install/action_interfaces/include/action_interfaces/action_interfaces/msg/detail/arm_command__functions.c\n'}
[0.489546] (action_interfaces) StdoutLine: {'line': b'-- Up-to-date: /home/ibrahim/RobotArmExpanded/install/action_interfaces/include/action_interfaces/action_interfaces/msg/detail/arm_state__functions.h\n'}
[0.489591] (action_interfaces) StdoutLine: {'line': b'-- Up-to-date: /home/ibrahim/RobotArmExpanded/install/action_interfaces/include/action_interfaces/action_interfaces/msg/detail/grip_command__struct.h\n'}
[0.489655] (action_interfaces) StdoutLine: {'line': b'-- Up-to-date: /home/ibrahim/RobotArmExpanded/install/action_interfaces/include/action_interfaces/action_interfaces/msg/detail/arm_command__struct.h\n'}
[0.489691] (action_interfaces) StdoutLine: {'line': b'-- Up-to-date: /home/ibrahim/RobotArmExpanded/install/action_interfaces/include/action_interfaces/action_interfaces/msg/detail/grip_command__functions.h\n'}
[0.489848] (action_interfaces) StdoutLine: {'line': b'-- Up-to-date: /home/ibrahim/RobotArmExpanded/install/action_interfaces/include/action_interfaces/action_interfaces/msg/detail/arm_command__functions.h\n'}
[0.489951] (action_interfaces) StdoutLine: {'line': b'-- Up-to-date: /home/ibrahim/RobotArmExpanded/install/action_interfaces/include/action_interfaces/action_interfaces/msg/detail/grip_command__type_support.h\n'}
[0.490273] (action_interfaces) StdoutLine: {'line': b'-- Up-to-date: /home/ibrahim/RobotArmExpanded/install/action_interfaces/include/action_interfaces/action_interfaces/msg/detail/grip_command__functions.c\n'}
[0.490648] (action_interfaces) StdoutLine: {'line': b'-- Up-to-date: /home/ibrahim/RobotArmExpanded/install/action_interfaces/include/action_interfaces/action_interfaces/msg/detail/arm_command__type_support.h\n'}
[0.490997] (action_interfaces) StdoutLine: {'line': b'-- Up-to-date: /home/ibrahim/RobotArmExpanded/install/action_interfaces/include/action_interfaces/action_interfaces/msg/arm_state.h\n'}
[0.491339] (action_interfaces) StdoutLine: {'line': b'-- Up-to-date: /home/ibrahim/RobotArmExpanded/install/action_interfaces/include/action_interfaces/action_interfaces/action\n'}
[0.491505] (action_interfaces) StdoutLine: {'line': b'-- Up-to-date: /home/ibrahim/RobotArmExpanded/install/action_interfaces/include/action_interfaces/action_interfaces/action/detail\n'}
[0.491708] (action_interfaces) StdoutLine: {'line': b'-- Up-to-date: /home/ibrahim/RobotArmExpanded/install/action_interfaces/include/action_interfaces/action_interfaces/action/detail/move_arm__functions.c\n'}
[0.491777] (action_interfaces) StdoutLine: {'line': b'-- Up-to-date: /home/ibrahim/RobotArmExpanded/install/action_interfaces/include/action_interfaces/action_interfaces/action/detail/move_arm__functions.h\n'}
[0.491947] (action_interfaces) StdoutLine: {'line': b'-- Up-to-date: /home/ibrahim/RobotArmExpanded/install/action_interfaces/include/action_interfaces/action_interfaces/action/detail/move_arm__type_support.h\n'}
[0.492273] (action_interfaces) StdoutLine: {'line': b'-- Up-to-date: /home/ibrahim/RobotArmExpanded/install/action_interfaces/include/action_interfaces/action_interfaces/action/detail/move_arm__struct.h\n'}
[0.492507] (action_interfaces) StdoutLine: {'line': b'-- Up-to-date: /home/ibrahim/RobotArmExpanded/install/action_interfaces/include/action_interfaces/action_interfaces/action/move_arm.h\n'}
[0.492778] (action_interfaces) StdoutLine: {'line': b'-- Up-to-date: /home/ibrahim/RobotArmExpanded/install/action_interfaces/share/action_interfaces/environment/library_path.sh\n'}
[0.493252] (action_interfaces) StdoutLine: {'line': b'-- Up-to-date: /home/ibrahim/RobotArmExpanded/install/action_interfaces/share/action_interfaces/environment/library_path.dsv\n'}
[0.493600] (action_interfaces) StdoutLine: {'line': b'-- Up-to-date: /home/ibrahim/RobotArmExpanded/install/action_interfaces/lib/libaction_interfaces__rosidl_generator_c.so\n'}
[0.493825] (action_interfaces) StdoutLine: {'line': b'-- Up-to-date: /home/ibrahim/RobotArmExpanded/install/action_interfaces/include/action_interfaces/action_interfaces\n'}
[0.494065] (action_interfaces) StdoutLine: {'line': b'-- Up-to-date: /home/ibrahim/RobotArmExpanded/install/action_interfaces/include/action_interfaces/action_interfaces/srv\n'}
[0.494138] (action_interfaces) StdoutLine: {'line': b'-- Up-to-date: /home/ibrahim/RobotArmExpanded/install/action_interfaces/include/action_interfaces/action_interfaces/srv/detail\n'}
[0.494276] (action_interfaces) StdoutLine: {'line': b'-- Up-to-date: /home/ibrahim/RobotArmExpanded/install/action_interfaces/include/action_interfaces/action_interfaces/srv/detail/check_limits__rosidl_typesupport_fastrtps_c.h\n'}
[0.494491] (action_interfaces) StdoutLine: {'line': b'-- Up-to-date: /home/ibrahim/RobotArmExpanded/install/action_interfaces/include/action_interfaces/action_interfaces/msg\n'}
[0.494751] (action_interfaces) StdoutLine: {'line': b'-- Up-to-date: /home/ibrahim/RobotArmExpanded/install/action_interfaces/include/action_interfaces/action_interfaces/msg/rosidl_typesupport_fastrtps_c__visibility_control.h\n'}
[0.495023] (action_interfaces) StdoutLine: {'line': b'-- Up-to-date: /home/ibrahim/RobotArmExpanded/install/action_interfaces/include/action_interfaces/action_interfaces/msg/detail\n'}
[0.495313] (action_interfaces) StdoutLine: {'line': b'-- Up-to-date: /home/ibrahim/RobotArmExpanded/install/action_interfaces/include/action_interfaces/action_interfaces/msg/detail/arm_command__rosidl_typesupport_fastrtps_c.h\n'}
[0.495725] (action_interfaces) StdoutLine: {'line': b'-- Up-to-date: /home/ibrahim/RobotArmExpanded/install/action_interfaces/include/action_interfaces/action_interfaces/msg/detail/grip_command__rosidl_typesupport_fastrtps_c.h\n'}
[0.496168] (action_interfaces) StdoutLine: {'line': b'-- Up-to-date: /home/ibrahim/RobotArmExpanded/install/action_interfaces/include/action_interfaces/action_interfaces/msg/detail/arm_state__rosidl_typesupport_fastrtps_c.h\n'}
[0.496779] (action_interfaces) StdoutLine: {'line': b'-- Up-to-date: /home/ibrahim/RobotArmExpanded/install/action_interfaces/include/action_interfaces/action_interfaces/action\n'}
[0.497333] (action_interfaces) StdoutLine: {'line': b'-- Up-to-date: /home/ibrahim/RobotArmExpanded/install/action_interfaces/include/action_interfaces/action_interfaces/action/detail\n'}
[0.497716] (action_interfaces) StdoutLine: {'line': b'-- Up-to-date: /home/ibrahim/RobotArmExpanded/install/action_interfaces/include/action_interfaces/action_interfaces/action/detail/move_arm__rosidl_typesupport_fastrtps_c.h\n'}
[0.497925] (action_interfaces) StdoutLine: {'line': b'-- Up-to-date: /home/ibrahim/RobotArmExpanded/install/action_interfaces/lib/libaction_interfaces__rosidl_typesupport_fastrtps_c.so\n'}
[0.498220] (action_interfaces) StdoutLine: {'line': b'-- Up-to-date: /home/ibrahim/RobotArmExpanded/install/action_interfaces/include/action_interfaces/action_interfaces\n'}
[0.498710] (action_interfaces) StdoutLine: {'line': b'-- Up-to-date: /home/ibrahim/RobotArmExpanded/install/action_interfaces/include/action_interfaces/action_interfaces/srv\n'}
[0.498824] (action_interfaces) StdoutLine: {'line': b'-- Up-to-date: /home/ibrahim/RobotArmExpanded/install/action_interfaces/include/action_interfaces/action_interfaces/srv/detail\n'}
[0.499101] (action_interfaces) StdoutLine: {'line': b'-- Up-to-date: /home/ibrahim/RobotArmExpanded/install/action_interfaces/include/action_interfaces/action_interfaces/srv/detail/check_limits__type_support.c\n'}
[0.499216] (action_interfaces) StdoutLine: {'line': b'-- Up-to-date: /home/ibrahim/RobotArmExpanded/install/action_interfaces/include/action_interfaces/action_interfaces/srv/detail/check_limits__rosidl_typesupport_introspection_c.h\n'}
[0.499274] (action_interfaces) StdoutLine: {'line': b'-- Up-to-date: /home/ibrahim/RobotArmExpanded/install/action_interfaces/include/action_interfaces/action_interfaces/msg\n'}
[0.499502] (action_interfaces) StdoutLine: {'line': b'-- Up-to-date: /home/ibrahim/RobotArmExpanded/install/action_interfaces/include/action_interfaces/action_interfaces/msg/detail\n'}
[0.499649] (action_interfaces) StdoutLine: {'line': b'-- Up-to-date: /home/ibrahim/RobotArmExpanded/install/action_interfaces/include/action_interfaces/action_interfaces/msg/detail/arm_command__rosidl_typesupport_introspection_c.h\n'}
[0.499708] (action_interfaces) StdoutLine: {'line': b'-- Up-to-date: /home/ibrahim/RobotArmExpanded/install/action_interfaces/include/action_interfaces/action_interfaces/msg/detail/arm_command__type_support.c\n'}
[0.499853] (-) TimerEvent: {}
[0.500125] (action_interfaces) StdoutLine: {'line': b'-- Up-to-date: /home/ibrahim/RobotArmExpanded/install/action_interfaces/include/action_interfaces/action_interfaces/msg/detail/arm_state__rosidl_typesupport_introspection_c.h\n'}
[0.500607] (action_interfaces) StdoutLine: {'line': b'-- Up-to-date: /home/ibrahim/RobotArmExpanded/install/action_interfaces/include/action_interfaces/action_interfaces/msg/detail/arm_state__type_support.c\n'}
[0.500938] (action_interfaces) StdoutLine: {'line': b'-- Up-to-date: /home/ibrahim/RobotArmExpanded/install/action_interfaces/include/action_interfaces/action_interfaces/msg/detail/grip_command__type_support.c\n'}
[0.501048] (action_interfaces) StdoutLine: {'line': b'-- Up-to-date: /home/ibrahim/RobotArmExpanded/install/action_interfaces/include/action_interfaces/action_interfaces/msg/detail/grip_command__rosidl_typesupport_introspection_c.h\n'}
[0.501277] (action_interfaces) StdoutLine: {'line': b'-- Up-to-date: /home/ibrahim/RobotArmExpanded/install/action_interfaces/include/action_interfaces/action_interfaces/msg/rosidl_typesupport_introspection_c__visibility_control.h\n'}
[0.501352] (action_interfaces) StdoutLine: {'line': b'-- Up-to-date: /home/ibrahim/RobotArmExpanded/install/action_interfaces/include/action_interfaces/action_interfaces/action\n'}
[0.501557] (action_interfaces) StdoutLine: {'line': b'-- Up-to-date: /home/ibrahim/RobotArmExpanded/install/action_interfaces/include/action_interfaces/action_interfaces/action/detail\n'}
[0.501656] (action_interfaces) StdoutLine: {'line': b'-- Up-to-date: /home/ibrahim/RobotArmExpanded/install/action_interfaces/include/action_interfaces/action_interfaces/action/detail/move_arm__type_support.c\n'}
[0.501706] (action_interfaces) StdoutLine: {'line': b'-- Up-to-date: /home/ibrahim/RobotArmExpanded/install/action_interfaces/include/action_interfaces/action_interfaces/action/detail/move_arm__rosidl_typesupport_introspection_c.h\n'}
[0.501744] (action_interfaces) StdoutLine: {'line': b'-- Up-to-date: /home/ibrahim/RobotArmExpanded/install/action_interfaces/lib/libaction_interfaces__rosidl_typesupport_introspection_c.so\n'}
[0.501782] (action_interfaces) StdoutLine: {'line': b'-- Up-to-date: /home/ibrahim/RobotArmExpanded/install/action_interfaces/lib/libaction_interfaces__rosidl_typesupport_c.so\n'}
[0.501867] (action_interfaces) StdoutLine: {'line': b'-- Up-to-date: /home/ibrahim/RobotArmExpanded/install/action_interfaces/include/action_interfaces/action_interfaces\n'}
[0.502104] (action_interfaces) StdoutLine: {'line': b'-- Up-to-date: /home/ibrahim/RobotArmExpanded/install/action_interfaces/include/action_interfaces/action_interfaces/srv\n'}
[0.502172] (action_interfaces) StdoutLine: {'line': b'-- Up-to-date: /home/ibrahim/RobotArmExpanded/install/action_interfaces/include/action_interfaces/action_interfaces/srv/detail\n'}
[0.502230] (action_interfaces) StdoutLine: {'line': b'-- Up-to-date: /home/ibrahim/RobotArmExpanded/install/action_interfaces/include/action_interfaces/action_interfaces/srv/detail/check_limits__type_support.hpp\n'}
[0.502495] (action_interfaces) StdoutLine: {'line': b'-- Up-to-date: /home/ibrahim/RobotArmExpanded/install/action_interfaces/include/action_interfaces/action_interfaces/srv/detail/check_limits__struct.hpp\n'}
[0.502618] (action_interfaces) StdoutLine: {'line': b'-- Up-to-date: /home/ibrahim/RobotArmExpanded/install/action_interfaces/include/action_interfaces/action_interfaces/srv/detail/check_limits__traits.hpp\n'}
[0.502828] (action_interfaces) StdoutLine: {'line': b'-- Up-to-date: /home/ibrahim/RobotArmExpanded/install/action_interfaces/include/action_interfaces/action_interfaces/srv/detail/check_limits__builder.hpp\n'}
[0.502917] (action_interfaces) StdoutLine: {'line': b'-- Up-to-date: /home/ibrahim/RobotArmExpanded/install/action_interfaces/include/action_interfaces/action_interfaces/srv/check_limits.hpp\n'}
[0.502974] (action_interfaces) StdoutLine: {'line': b'-- Up-to-date: /home/ibrahim/RobotArmExpanded/install/action_interfaces/include/action_interfaces/action_interfaces/msg\n'}
[0.503018] (action_interfaces) StdoutLine: {'line': b'-- Up-to-date: /home/ibrahim/RobotArmExpanded/install/action_interfaces/include/action_interfaces/action_interfaces/msg/arm_command.hpp\n'}
[0.503058] (action_interfaces) StdoutLine: {'line': b'-- Up-to-date: /home/ibrahim/RobotArmExpanded/install/action_interfaces/include/action_interfaces/action_interfaces/msg/grip_command.hpp\n'}
[0.503116] (action_interfaces) StdoutLine: {'line': b'-- Up-to-date: /home/ibrahim/RobotArmExpanded/install/action_interfaces/include/action_interfaces/action_interfaces/msg/arm_state.hpp\n'}
[0.503188] (action_interfaces) StdoutLine: {'line': b'-- Up-to-date: /home/ibrahim/RobotArmExpanded/install/action_interfaces/include/action_interfaces/action_interfaces/msg/detail\n'}
[0.503362] (action_interfaces) StdoutLine: {'line': b'-- Up-to-date: /home/ibrahim/RobotArmExpanded/install/action_interfaces/include/action_interfaces/action_interfaces/msg/detail/arm_command__struct.hpp\n'}
[0.503489] (action_interfaces) StdoutLine: {'line': b'-- Up-to-date: /home/ibrahim/RobotArmExpanded/install/action_interfaces/include/action_interfaces/action_interfaces/msg/detail/arm_command__type_support.hpp\n'}
[0.503539] (action_interfaces) StdoutLine: {'line': b'-- Up-to-date: /home/ibrahim/RobotArmExpanded/install/action_interfaces/include/action_interfaces/action_interfaces/msg/detail/arm_state__struct.hpp\n'}
[0.503581] (action_interfaces) StdoutLine: {'line': b'-- Up-to-date: /home/ibrahim/RobotArmExpanded/install/action_interfaces/include/action_interfaces/action_interfaces/msg/detail/grip_command__type_support.hpp\n'}
[0.503632] (action_interfaces) StdoutLine: {'line': b'-- Up-to-date: /home/ibrahim/RobotArmExpanded/install/action_interfaces/include/action_interfaces/action_interfaces/msg/detail/arm_command__traits.hpp\n'}
[0.503803] (action_interfaces) StdoutLine: {'line': b'-- Up-to-date: /home/ibrahim/RobotArmExpanded/install/action_interfaces/include/action_interfaces/action_interfaces/msg/detail/grip_command__builder.hpp\n'}
[0.503881] (action_interfaces) StdoutLine: {'line': b'-- Up-to-date: /home/ibrahim/RobotArmExpanded/install/action_interfaces/include/action_interfaces/action_interfaces/msg/detail/arm_state__builder.hpp\n'}
[0.503950] (action_interfaces) StdoutLine: {'line': b'-- Up-to-date: /home/ibrahim/RobotArmExpanded/install/action_interfaces/include/action_interfaces/action_interfaces/msg/detail/arm_state__type_support.hpp\n'}
[0.504083] (action_interfaces) StdoutLine: {'line': b'-- Up-to-date: /home/ibrahim/RobotArmExpanded/install/action_interfaces/include/action_interfaces/action_interfaces/msg/detail/arm_command__builder.hpp\n'}
[0.504163] (action_interfaces) StdoutLine: {'line': b'-- Up-to-date: /home/ibrahim/RobotArmExpanded/install/action_interfaces/include/action_interfaces/action_interfaces/msg/detail/grip_command__traits.hpp\n'}
[0.504222] (action_interfaces) StdoutLine: {'line': b'-- Up-to-date: /home/ibrahim/RobotArmExpanded/install/action_interfaces/include/action_interfaces/action_interfaces/msg/detail/grip_command__struct.hpp\n'}
[0.504271] (action_interfaces) StdoutLine: {'line': b'-- Up-to-date: /home/ibrahim/RobotArmExpanded/install/action_interfaces/include/action_interfaces/action_interfaces/msg/detail/arm_state__traits.hpp\n'}
[0.504316] (action_interfaces) StdoutLine: {'line': b'-- Up-to-date: /home/ibrahim/RobotArmExpanded/install/action_interfaces/include/action_interfaces/action_interfaces/msg/rosidl_generator_cpp__visibility_control.hpp\n'}
[0.504371] (action_interfaces) StdoutLine: {'line': b'-- Up-to-date: /home/ibrahim/RobotArmExpanded/install/action_interfaces/include/action_interfaces/action_interfaces/action\n'}
[0.504598] (action_interfaces) StdoutLine: {'line': b'-- Up-to-date: /home/ibrahim/RobotArmExpanded/install/action_interfaces/include/action_interfaces/action_interfaces/action/detail\n'}
[0.504713] (action_interfaces) StdoutLine: {'line': b'-- Up-to-date: /home/ibrahim/RobotArmExpanded/install/action_interfaces/include/action_interfaces/action_interfaces/action/detail/move_arm__type_support.hpp\n'}
[0.505095] (action_interfaces) StdoutLine: {'line': b'-- Up-to-date: /home/ibrahim/RobotArmExpanded/install/action_interfaces/include/action_interfaces/action_interfaces/action/detail/move_arm__struct.hpp\n'}
[0.505305] (action_interfaces) StdoutLine: {'line': b'-- Up-to-date: /home/ibrahim/RobotArmExpanded/install/action_interfaces/include/action_interfaces/action_interfaces/action/detail/move_arm__traits.hpp\n'}
[0.505669] (action_interfaces) StdoutLine: {'line': b'-- Up-to-date: /home/ibrahim/RobotArmExpanded/install/action_interfaces/include/action_interfaces/action_interfaces/action/detail/move_arm__builder.hpp\n'}
[0.505942] (action_interfaces) StdoutLine: {'line': b'-- Up-to-date: /home/ibrahim/RobotArmExpanded/install/action_interfaces/include/action_interfaces/action_interfaces/action/move_arm.hpp\n'}
[0.506260] (action_interfaces) StdoutLine: {'line': b'-- Up-to-date: /home/ibrahim/RobotArmExpanded/install/action_interfaces/include/action_interfaces/action_interfaces\n'}
[0.506545] (action_interfaces) StdoutLine: {'line': b'-- Up-to-date: /home/ibrahim/RobotArmExpanded/install/action_interfaces/include/action_interfaces/action_interfaces/srv\n'}
[0.506741] (action_interfaces) StdoutLine: {'line': b'-- Up-to-date: /home/ibrahim/RobotArmExpanded/install/action_interfaces/include/action_interfaces/action_interfaces/srv/detail\n'}
[0.507017] (action_interfaces) StdoutLine: {'line': b'-- Up-to-date: /home/ibrahim/RobotArmExpanded/install/action_interfaces/include/action_interfaces/action_interfaces/srv/detail/dds_fastrtps\n'}
[0.507156] (action_interfaces) StdoutLine: {'line': b'-- Up-to-date: /home/ibrahim/RobotArmExpanded/install/action_interfaces/include/action_interfaces/action_interfaces/srv/detail/check_limits__rosidl_typesupport_fastrtps_cpp.hpp\n'}
[0.507284] (action_interfaces) StdoutLine: {'line': b'-- Up-to-date: /home/ibrahim/RobotArmExpanded/install/action_interfaces/include/action_interfaces/action_interfaces/msg\n'}
[0.507356] (action_interfaces) StdoutLine: {'line': b'-- Up-to-date: /home/ibrahim/RobotArmExpanded/install/action_interfaces/include/action_interfaces/action_interfaces/msg/rosidl_typesupport_fastrtps_cpp__visibility_control.h\n'}
[0.507478] (action_interfaces) StdoutLine: {'line': b'-- Up-to-date: /home/ibrahim/RobotArmExpanded/install/action_interfaces/include/action_interfaces/action_interfaces/msg/detail\n'}
[0.507563] (action_interfaces) StdoutLine: {'line': b'-- Up-to-date: /home/ibrahim/RobotArmExpanded/install/action_interfaces/include/action_interfaces/action_interfaces/msg/detail/arm_state__rosidl_typesupport_fastrtps_cpp.hpp\n'}
[0.507633] (action_interfaces) StdoutLine: {'line': b'-- Up-to-date: /home/ibrahim/RobotArmExpanded/install/action_interfaces/include/action_interfaces/action_interfaces/msg/detail/arm_command__rosidl_typesupport_fastrtps_cpp.hpp\n'}
[0.507690] (action_interfaces) StdoutLine: {'line': b'-- Up-to-date: /home/ibrahim/RobotArmExpanded/install/action_interfaces/include/action_interfaces/action_interfaces/msg/detail/dds_fastrtps\n'}
[0.507746] (action_interfaces) StdoutLine: {'line': b'-- Up-to-date: /home/ibrahim/RobotArmExpanded/install/action_interfaces/include/action_interfaces/action_interfaces/msg/detail/grip_command__rosidl_typesupport_fastrtps_cpp.hpp\n'}
[0.507864] (action_interfaces) StdoutLine: {'line': b'-- Up-to-date: /home/ibrahim/RobotArmExpanded/install/action_interfaces/include/action_interfaces/action_interfaces/action\n'}
[0.507950] (action_interfaces) StdoutLine: {'line': b'-- Up-to-date: /home/ibrahim/RobotArmExpanded/install/action_interfaces/include/action_interfaces/action_interfaces/action/detail\n'}
[0.508050] (action_interfaces) StdoutLine: {'line': b'-- Up-to-date: /home/ibrahim/RobotArmExpanded/install/action_interfaces/include/action_interfaces/action_interfaces/action/detail/move_arm__rosidl_typesupport_fastrtps_cpp.hpp\n'}
[0.508117] (action_interfaces) StdoutLine: {'line': b'-- Up-to-date: /home/ibrahim/RobotArmExpanded/install/action_interfaces/include/action_interfaces/action_interfaces/action/detail/dds_fastrtps\n'}
[0.508187] (action_interfaces) StdoutLine: {'line': b'-- Up-to-date: /home/ibrahim/RobotArmExpanded/install/action_interfaces/lib/libaction_interfaces__rosidl_typesupport_fastrtps_cpp.so\n'}
[0.508234] (action_interfaces) StdoutLine: {'line': b'-- Up-to-date: /home/ibrahim/RobotArmExpanded/install/action_interfaces/include/action_interfaces/action_interfaces\n'}
[0.508271] (action_interfaces) StdoutLine: {'line': b'-- Up-to-date: /home/ibrahim/RobotArmExpanded/install/action_interfaces/include/action_interfaces/action_interfaces/srv\n'}
[0.508315] (action_interfaces) StdoutLine: {'line': b'-- Up-to-date: /home/ibrahim/RobotArmExpanded/install/action_interfaces/include/action_interfaces/action_interfaces/srv/detail\n'}
[0.508372] (action_interfaces) StdoutLine: {'line': b'-- Up-to-date: /home/ibrahim/RobotArmExpanded/install/action_interfaces/include/action_interfaces/action_interfaces/srv/detail/check_limits__rosidl_typesupport_introspection_cpp.hpp\n'}
[0.508453] (action_interfaces) StdoutLine: {'line': b'-- Up-to-date: /home/ibrahim/RobotArmExpanded/install/action_interfaces/include/action_interfaces/action_interfaces/srv/detail/check_limits__type_support.cpp\n'}
[0.508507] (action_interfaces) StdoutLine: {'line': b'-- Up-to-date: /home/ibrahim/RobotArmExpanded/install/action_interfaces/include/action_interfaces/action_interfaces/msg\n'}
[0.508641] (action_interfaces) StdoutLine: {'line': b'-- Up-to-date: /home/ibrahim/RobotArmExpanded/install/action_interfaces/include/action_interfaces/action_interfaces/msg/detail\n'}
[0.508774] (action_interfaces) StdoutLine: {'line': b'-- Up-to-date: /home/ibrahim/RobotArmExpanded/install/action_interfaces/include/action_interfaces/action_interfaces/msg/detail/grip_command__rosidl_typesupport_introspection_cpp.hpp\n'}
[0.508830] (action_interfaces) StdoutLine: {'line': b'-- Up-to-date: /home/ibrahim/RobotArmExpanded/install/action_interfaces/include/action_interfaces/action_interfaces/msg/detail/arm_state__type_support.cpp\n'}
[0.508912] (action_interfaces) StdoutLine: {'line': b'-- Up-to-date: /home/ibrahim/RobotArmExpanded/install/action_interfaces/include/action_interfaces/action_interfaces/msg/detail/arm_command__rosidl_typesupport_introspection_cpp.hpp\n'}
[0.508957] (action_interfaces) StdoutLine: {'line': b'-- Up-to-date: /home/ibrahim/RobotArmExpanded/install/action_interfaces/include/action_interfaces/action_interfaces/msg/detail/arm_state__rosidl_typesupport_introspection_cpp.hpp\n'}
[0.509006] (action_interfaces) StdoutLine: {'line': b'-- Up-to-date: /home/ibrahim/RobotArmExpanded/install/action_interfaces/include/action_interfaces/action_interfaces/msg/detail/grip_command__type_support.cpp\n'}
[0.509042] (action_interfaces) StdoutLine: {'line': b'-- Up-to-date: /home/ibrahim/RobotArmExpanded/install/action_interfaces/include/action_interfaces/action_interfaces/msg/detail/arm_command__type_support.cpp\n'}
[0.509114] (action_interfaces) StdoutLine: {'line': b'-- Up-to-date: /home/ibrahim/RobotArmExpanded/install/action_interfaces/include/action_interfaces/action_interfaces/action\n'}
[0.509163] (action_interfaces) StdoutLine: {'line': b'-- Up-to-date: /home/ibrahim/RobotArmExpanded/install/action_interfaces/include/action_interfaces/action_interfaces/action/detail\n'}
[0.509206] (action_interfaces) StdoutLine: {'line': b'-- Up-to-date: /home/ibrahim/RobotArmExpanded/install/action_interfaces/include/action_interfaces/action_interfaces/action/detail/move_arm__rosidl_typesupport_introspection_cpp.hpp\n'}
[0.509252] (action_interfaces) StdoutLine: {'line': b'-- Up-to-date: /home/ibrahim/RobotArmExpanded/install/action_interfaces/include/action_interfaces/action_interfaces/action/detail/move_arm__type_support.cpp\n'}
[0.509313] (action_interfaces) StdoutLine: {'line': b'-- Up-to-date: /home/ibrahim/RobotArmExpanded/install/action_interfaces/lib/libaction_interfaces__rosidl_typesupport_introspection_cpp.so\n'}
[0.509375] (action_interfaces) StdoutLine: {'line': b'-- Up-to-date: /home/ibrahim/RobotArmExpanded/install/action_interfaces/lib/libaction_interfaces__rosidl_typesupport_cpp.so\n'}
[0.509417] (action_interfaces) StdoutLine: {'line': b'-- Up-to-date: /home/ibrahim/RobotArmExpanded/install/action_interfaces/share/action_interfaces/environment/pythonpath.sh\n'}
[0.509493] (action_interfaces) StdoutLine: {'line': b'-- Up-to-date: /home/ibrahim/RobotArmExpanded/install/action_interfaces/share/action_interfaces/environment/pythonpath.dsv\n'}
[0.509550] (action_interfaces) StdoutLine: {'line': b'-- Up-to-date: /home/ibrahim/RobotArmExpanded/install/action_interfaces/local/lib/python3.10/dist-packages/action_interfaces-0.0.0-py3.10.egg-info\n'}
[0.509595] (action_interfaces) StdoutLine: {'line': b'-- Installing: /home/ibrahim/RobotArmExpanded/install/action_interfaces/local/lib/python3.10/dist-packages/action_interfaces-0.0.0-py3.10.egg-info/top_level.txt\n'}
[0.509659] (action_interfaces) StdoutLine: {'line': b'-- Installing: /home/ibrahim/RobotArmExpanded/install/action_interfaces/local/lib/python3.10/dist-packages/action_interfaces-0.0.0-py3.10.egg-info/PKG-INFO\n'}
[0.509697] (action_interfaces) StdoutLine: {'line': b'-- Installing: /home/ibrahim/RobotArmExpanded/install/action_interfaces/local/lib/python3.10/dist-packages/action_interfaces-0.0.0-py3.10.egg-info/dependency_links.txt\n'}
[0.509731] (action_interfaces) StdoutLine: {'line': b'-- Installing: /home/ibrahim/RobotArmExpanded/install/action_interfaces/local/lib/python3.10/dist-packages/action_interfaces-0.0.0-py3.10.egg-info/SOURCES.txt\n'}
[0.509764] (action_interfaces) StdoutLine: {'line': b'-- Up-to-date: /home/ibrahim/RobotArmExpanded/install/action_interfaces/local/lib/python3.10/dist-packages/action_interfaces\n'}
[0.509813] (action_interfaces) StdoutLine: {'line': b'-- Up-to-date: /home/ibrahim/RobotArmExpanded/install/action_interfaces/local/lib/python3.10/dist-packages/action_interfaces/_action_interfaces_s.ep.rosidl_typesupport_introspection_c.c\n'}
[0.509850] (action_interfaces) StdoutLine: {'line': b'-- Up-to-date: /home/ibrahim/RobotArmExpanded/install/action_interfaces/local/lib/python3.10/dist-packages/action_interfaces/_action_interfaces_s.ep.rosidl_typesupport_c.c\n'}
[0.509881] (action_interfaces) StdoutLine: {'line': b'-- Up-to-date: /home/ibrahim/RobotArmExpanded/install/action_interfaces/local/lib/python3.10/dist-packages/action_interfaces/action_interfaces_s__rosidl_typesupport_fastrtps_c.cpython-310-x86_64-linux-gnu.so\n'}
[0.509914] (action_interfaces) StdoutLine: {'line': b'-- Up-to-date: /home/ibrahim/RobotArmExpanded/install/action_interfaces/local/lib/python3.10/dist-packages/action_interfaces/srv\n'}
[0.509945] (action_interfaces) StdoutLine: {'line': b'-- Up-to-date: /home/ibrahim/RobotArmExpanded/install/action_interfaces/local/lib/python3.10/dist-packages/action_interfaces/srv/_check_limits.py\n'}
[0.509976] (action_interfaces) StdoutLine: {'line': b'-- Up-to-date: /home/ibrahim/RobotArmExpanded/install/action_interfaces/local/lib/python3.10/dist-packages/action_interfaces/srv/__init__.py\n'}
[0.510008] (action_interfaces) StdoutLine: {'line': b'-- Up-to-date: /home/ibrahim/RobotArmExpanded/install/action_interfaces/local/lib/python3.10/dist-packages/action_interfaces/srv/_check_limits_s.c\n'}
[0.510072] (action_interfaces) StdoutLine: {'line': b'-- Up-to-date: /home/ibrahim/RobotArmExpanded/install/action_interfaces/local/lib/python3.10/dist-packages/action_interfaces/_action_interfaces_s.ep.rosidl_typesupport_fastrtps_c.c\n'}
[0.510148] (action_interfaces) StdoutLine: {'line': b'-- Up-to-date: /home/ibrahim/RobotArmExpanded/install/action_interfaces/local/lib/python3.10/dist-packages/action_interfaces/libaction_interfaces__rosidl_generator_py.so\n'}
[0.510252] (action_interfaces) StdoutLine: {'line': b'-- Up-to-date: /home/ibrahim/RobotArmExpanded/install/action_interfaces/local/lib/python3.10/dist-packages/action_interfaces/msg\n'}
[0.510350] (action_interfaces) StdoutLine: {'line': b'-- Up-to-date: /home/ibrahim/RobotArmExpanded/install/action_interfaces/local/lib/python3.10/dist-packages/action_interfaces/msg/_arm_state_s.c\n'}
[0.510503] (action_interfaces) StdoutLine: {'line': b'-- Up-to-date: /home/ibrahim/RobotArmExpanded/install/action_interfaces/local/lib/python3.10/dist-packages/action_interfaces/msg/_grip_command.py\n'}
[0.510579] (action_interfaces) StdoutLine: {'line': b'-- Up-to-date: /home/ibrahim/RobotArmExpanded/install/action_interfaces/local/lib/python3.10/dist-packages/action_interfaces/msg/_arm_state.py\n'}
[0.510649] (action_interfaces) StdoutLine: {'line': b'-- Up-to-date: /home/ibrahim/RobotArmExpanded/install/action_interfaces/local/lib/python3.10/dist-packages/action_interfaces/msg/_grip_command_s.c\n'}
[0.510730] (action_interfaces) StdoutLine: {'line': b'-- Up-to-date: /home/ibrahim/RobotArmExpanded/install/action_interfaces/local/lib/python3.10/dist-packages/action_interfaces/msg/_arm_command_s.c\n'}
[0.510796] (action_interfaces) StdoutLine: {'line': b'-- Up-to-date: /home/ibrahim/RobotArmExpanded/install/action_interfaces/local/lib/python3.10/dist-packages/action_interfaces/msg/__init__.py\n'}
[0.510883] (action_interfaces) StdoutLine: {'line': b'-- Up-to-date: /home/ibrahim/RobotArmExpanded/install/action_interfaces/local/lib/python3.10/dist-packages/action_interfaces/msg/_arm_command.py\n'}
[0.510962] (action_interfaces) StdoutLine: {'line': b'-- Up-to-date: /home/ibrahim/RobotArmExpanded/install/action_interfaces/local/lib/python3.10/dist-packages/action_interfaces/action_interfaces_s__rosidl_typesupport_introspection_c.cpython-310-x86_64-linux-gnu.so\n'}
[0.511048] (action_interfaces) StdoutLine: {'line': b'-- Up-to-date: /home/ibrahim/RobotArmExpanded/install/action_interfaces/local/lib/python3.10/dist-packages/action_interfaces/action\n'}
[0.511151] (action_interfaces) StdoutLine: {'line': b'-- Up-to-date: /home/ibrahim/RobotArmExpanded/install/action_interfaces/local/lib/python3.10/dist-packages/action_interfaces/action/_move_arm.py\n'}
[0.511227] (action_interfaces) StdoutLine: {'line': b'-- Up-to-date: /home/ibrahim/RobotArmExpanded/install/action_interfaces/local/lib/python3.10/dist-packages/action_interfaces/action/_move_arm_s.c\n'}
[0.511286] (action_interfaces) StdoutLine: {'line': b'-- Up-to-date: /home/ibrahim/RobotArmExpanded/install/action_interfaces/local/lib/python3.10/dist-packages/action_interfaces/action/__init__.py\n'}
[0.511337] (action_interfaces) StdoutLine: {'line': b'-- Up-to-date: /home/ibrahim/RobotArmExpanded/install/action_interfaces/local/lib/python3.10/dist-packages/action_interfaces/__init__.py\n'}
[0.511397] (action_interfaces) StdoutLine: {'line': b'-- Up-to-date: /home/ibrahim/RobotArmExpanded/install/action_interfaces/local/lib/python3.10/dist-packages/action_interfaces/action_interfaces_s__rosidl_typesupport_c.cpython-310-x86_64-linux-gnu.so\n'}
[0.538559] (action_interfaces) StdoutLine: {'line': b"Listing '/home/ibrahim/RobotArmExpanded/install/action_interfaces/local/lib/python3.10/dist-packages/action_interfaces'...\n"}
[0.538923] (action_interfaces) StdoutLine: {'line': b"Listing '/home/ibrahim/RobotArmExpanded/install/action_interfaces/local/lib/python3.10/dist-packages/action_interfaces/action'...\n"}
[0.539066] (action_interfaces) StdoutLine: {'line': b"Listing '/home/ibrahim/RobotArmExpanded/install/action_interfaces/local/lib/python3.10/dist-packages/action_interfaces/msg'...\n"}
[0.539146] (action_interfaces) StdoutLine: {'line': b"Listing '/home/ibrahim/RobotArmExpanded/install/action_interfaces/local/lib/python3.10/dist-packages/action_interfaces/srv'...\n"}
[0.542718] (action_interfaces) StdoutLine: {'line': b'-- Up-to-date: /home/ibrahim/RobotArmExpanded/install/action_interfaces/local/lib/python3.10/dist-packages/action_interfaces/action_interfaces_s__rosidl_typesupport_fastrtps_c.cpython-310-x86_64-linux-gnu.so\n'}
[0.543095] (action_interfaces) StdoutLine: {'line': b'-- Up-to-date: /home/ibrahim/RobotArmExpanded/install/action_interfaces/local/lib/python3.10/dist-packages/action_interfaces/action_interfaces_s__rosidl_typesupport_introspection_c.cpython-310-x86_64-linux-gnu.so\n'}
[0.543547] (action_interfaces) StdoutLine: {'line': b'-- Up-to-date: /home/ibrahim/RobotArmExpanded/install/action_interfaces/local/lib/python3.10/dist-packages/action_interfaces/action_interfaces_s__rosidl_typesupport_c.cpython-310-x86_64-linux-gnu.so\n'}
[0.544014] (action_interfaces) StdoutLine: {'line': b'-- Up-to-date: /home/ibrahim/RobotArmExpanded/install/action_interfaces/lib/libaction_interfaces__rosidl_generator_py.so\n'}
[0.544288] (action_interfaces) StdoutLine: {'line': b'-- Up-to-date: /home/ibrahim/RobotArmExpanded/install/action_interfaces/share/ament_index/resource_index/rust_packages/action_interfaces\n'}
[0.544536] (action_interfaces) StdoutLine: {'line': b'-- Up-to-date: /home/ibrahim/RobotArmExpanded/install/action_interfaces/share/action_interfaces/rust\n'}
[0.544861] (action_interfaces) StdoutLine: {'line': b'-- Up-to-date: /home/ibrahim/RobotArmExpanded/install/action_interfaces/share/action_interfaces/rust/src\n'}
[0.545055] (action_interfaces) StdoutLine: {'line': b'-- Up-to-date: /home/ibrahim/RobotArmExpanded/install/action_interfaces/share/action_interfaces/rust/src/action.rs\n'}
[0.545308] (action_interfaces) StdoutLine: {'line': b'-- Up-to-date: /home/ibrahim/RobotArmExpanded/install/action_interfaces/share/action_interfaces/rust/src/msg.rs\n'}
[0.545434] (action_interfaces) StdoutLine: {'line': b'-- Up-to-date: /home/ibrahim/RobotArmExpanded/install/action_interfaces/share/action_interfaces/rust/src/lib.rs\n'}
[0.545592] (action_interfaces) StdoutLine: {'line': b'-- Up-to-date: /home/ibrahim/RobotArmExpanded/install/action_interfaces/share/action_interfaces/rust/src/srv\n'}
[0.545849] (action_interfaces) StdoutLine: {'line': b'-- Up-to-date: /home/ibrahim/RobotArmExpanded/install/action_interfaces/share/action_interfaces/rust/src/srv/rmw.rs\n'}
[0.546081] (action_interfaces) StdoutLine: {'line': b'-- Up-to-date: /home/ibrahim/RobotArmExpanded/install/action_interfaces/share/action_interfaces/rust/src/msg\n'}
[0.546374] (action_interfaces) StdoutLine: {'line': b'-- Up-to-date: /home/ibrahim/RobotArmExpanded/install/action_interfaces/share/action_interfaces/rust/src/msg/rmw.rs\n'}
[0.546581] (action_interfaces) StdoutLine: {'line': b'-- Up-to-date: /home/ibrahim/RobotArmExpanded/install/action_interfaces/share/action_interfaces/rust/src/action\n'}
[0.546810] (action_interfaces) StdoutLine: {'line': b'-- Up-to-date: /home/ibrahim/RobotArmExpanded/install/action_interfaces/share/action_interfaces/rust/src/action/rmw.rs\n'}
[0.547104] (action_interfaces) StdoutLine: {'line': b'-- Up-to-date: /home/ibrahim/RobotArmExpanded/install/action_interfaces/share/action_interfaces/rust/src/srv.rs\n'}
[0.547166] (action_interfaces) StdoutLine: {'line': b'-- Up-to-date: /home/ibrahim/RobotArmExpanded/install/action_interfaces/share/action_interfaces/rust/build.rs\n'}
[0.547209] (action_interfaces) StdoutLine: {'line': b'-- Up-to-date: /home/ibrahim/RobotArmExpanded/install/action_interfaces/share/action_interfaces/rust/Cargo.toml\n'}
[0.547255] (action_interfaces) StdoutLine: {'line': b'-- Up-to-date: /home/ibrahim/RobotArmExpanded/install/action_interfaces/share/action_interfaces/msg/ArmState.idl\n'}
[0.547290] (action_interfaces) StdoutLine: {'line': b'-- Up-to-date: /home/ibrahim/RobotArmExpanded/install/action_interfaces/share/action_interfaces/msg/ArmCommand.idl\n'}
[0.547322] (action_interfaces) StdoutLine: {'line': b'-- Up-to-date: /home/ibrahim/RobotArmExpanded/install/action_interfaces/share/action_interfaces/msg/GripCommand.idl\n'}
[0.547374] (action_interfaces) StdoutLine: {'line': b'-- Up-to-date: /home/ibrahim/RobotArmExpanded/install/action_interfaces/share/action_interfaces/srv/CheckLimits.idl\n'}
[0.547541] (action_interfaces) StdoutLine: {'line': b'-- Up-to-date: /home/ibrahim/RobotArmExpanded/install/action_interfaces/share/action_interfaces/action/MoveArm.idl\n'}
[0.547707] (action_interfaces) StdoutLine: {'line': b'-- Up-to-date: /home/ibrahim/RobotArmExpanded/install/action_interfaces/share/action_interfaces/msg/ArmState.msg\n'}
[0.547919] (action_interfaces) StdoutLine: {'line': b'-- Up-to-date: /home/ibrahim/RobotArmExpanded/install/action_interfaces/share/action_interfaces/msg/ArmCommand.msg\n'}
[0.548092] (action_interfaces) StdoutLine: {'line': b'-- Up-to-date: /home/ibrahim/RobotArmExpanded/install/action_interfaces/share/action_interfaces/msg/GripCommand.msg\n'}
[0.548159] (action_interfaces) StdoutLine: {'line': b'-- Up-to-date: /home/ibrahim/RobotArmExpanded/install/action_interfaces/share/action_interfaces/srv/CheckLimits.srv\n'}
[0.548208] (action_interfaces) StdoutLine: {'line': b'-- Up-to-date: /home/ibrahim/RobotArmExpanded/install/action_interfaces/share/action_interfaces/srv/CheckLimits_Request.msg\n'}
[0.548373] (action_interfaces) StdoutLine: {'line': b'-- Up-to-date: /home/ibrahim/RobotArmExpanded/install/action_interfaces/share/action_interfaces/srv/CheckLimits_Response.msg\n'}
[0.548617] (action_interfaces) StdoutLine: {'line': b'-- Up-to-date: /home/ibrahim/RobotArmExpanded/install/action_interfaces/share/action_interfaces/action/MoveArm.action\n'}
[0.548713] (action_interfaces) StdoutLine: {'line': b'-- Up-to-date: /home/ibrahim/RobotArmExpanded/install/action_interfaces/share/ament_index/resource_index/package_run_dependencies/action_interfaces\n'}
[0.548911] (action_interfaces) StdoutLine: {'line': b'-- Up-to-date: /home/ibrahim/RobotArmExpanded/install/action_interfaces/share/ament_index/resource_index/parent_prefix_path/action_interfaces\n'}
[0.549016] (action_interfaces) StdoutLine: {'line': b'-- Up-to-date: /home/ibrahim/RobotArmExpanded/install/action_interfaces/share/action_interfaces/environment/ament_prefix_path.sh\n'}
[0.549138] (action_interfaces) StdoutLine: {'line': b'-- Up-to-date: /home/ibrahim/RobotArmExpanded/install/action_interfaces/share/action_interfaces/environment/ament_prefix_path.dsv\n'}
[0.549297] (action_interfaces) StdoutLine: {'line': b'-- Up-to-date: /home/ibrahim/RobotArmExpanded/install/action_interfaces/share/action_interfaces/environment/path.sh\n'}
[0.549456] (action_interfaces) StdoutLine: {'line': b'-- Up-to-date: /home/ibrahim/RobotArmExpanded/install/action_interfaces/share/action_interfaces/environment/path.dsv\n'}
[0.549596] (action_interfaces) StdoutLine: {'line': b'-- Up-to-date: /home/ibrahim/RobotArmExpanded/install/action_interfaces/share/action_interfaces/local_setup.bash\n'}
[0.549797] (action_interfaces) StdoutLine: {'line': b'-- Up-to-date: /home/ibrahim/RobotArmExpanded/install/action_interfaces/share/action_interfaces/local_setup.sh\n'}
[0.549992] (action_interfaces) StdoutLine: {'line': b'-- Up-to-date: /home/ibrahim/RobotArmExpanded/install/action_interfaces/share/action_interfaces/local_setup.zsh\n'}
[0.550078] (action_interfaces) StdoutLine: {'line': b'-- Up-to-date: /home/ibrahim/RobotArmExpanded/install/action_interfaces/share/action_interfaces/local_setup.dsv\n'}
[0.550126] (action_interfaces) StdoutLine: {'line': b'-- Installing: /home/ibrahim/RobotArmExpanded/install/action_interfaces/share/action_interfaces/package.dsv\n'}
[0.550166] (action_interfaces) StdoutLine: {'line': b'-- Up-to-date: /home/ibrahim/RobotArmExpanded/install/action_interfaces/share/ament_index/resource_index/packages/action_interfaces\n'}
[0.550204] (action_interfaces) StdoutLine: {'line': b'-- Up-to-date: /home/ibrahim/RobotArmExpanded/install/action_interfaces/share/action_interfaces/cmake/export_action_interfaces__rosidl_generator_cExport.cmake\n'}
[0.550247] (action_interfaces) StdoutLine: {'line': b'-- Up-to-date: /home/ibrahim/RobotArmExpanded/install/action_interfaces/share/action_interfaces/cmake/export_action_interfaces__rosidl_generator_cExport-noconfig.cmake\n'}
[0.550317] (action_interfaces) StdoutLine: {'line': b'-- Up-to-date: /home/ibrahim/RobotArmExpanded/install/action_interfaces/share/action_interfaces/cmake/export_action_interfaces__rosidl_typesupport_fastrtps_cExport.cmake\n'}
[0.550427] (action_interfaces) StdoutLine: {'line': b'-- Up-to-date: /home/ibrahim/RobotArmExpanded/install/action_interfaces/share/action_interfaces/cmake/export_action_interfaces__rosidl_typesupport_fastrtps_cExport-noconfig.cmake\n'}
[0.550489] (action_interfaces) StdoutLine: {'line': b'-- Up-to-date: /home/ibrahim/RobotArmExpanded/install/action_interfaces/share/action_interfaces/cmake/action_interfaces__rosidl_typesupport_introspection_cExport.cmake\n'}
[0.550538] (action_interfaces) StdoutLine: {'line': b'-- Up-to-date: /home/ibrahim/RobotArmExpanded/install/action_interfaces/share/action_interfaces/cmake/action_interfaces__rosidl_typesupport_introspection_cExport-noconfig.cmake\n'}
[0.550581] (action_interfaces) StdoutLine: {'line': b'-- Up-to-date: /home/ibrahim/RobotArmExpanded/install/action_interfaces/share/action_interfaces/cmake/action_interfaces__rosidl_typesupport_cExport.cmake\n'}
[0.550627] (action_interfaces) StdoutLine: {'line': b'-- Up-to-date: /home/ibrahim/RobotArmExpanded/install/action_interfaces/share/action_interfaces/cmake/action_interfaces__rosidl_typesupport_cExport-noconfig.cmake\n'}
[0.550671] (action_interfaces) StdoutLine: {'line': b'-- Up-to-date: /home/ibrahim/RobotArmExpanded/install/action_interfaces/share/action_interfaces/cmake/export_action_interfaces__rosidl_generator_cppExport.cmake\n'}
[0.550707] (action_interfaces) StdoutLine: {'line': b'-- Up-to-date: /home/ibrahim/RobotArmExpanded/install/action_interfaces/share/action_interfaces/cmake/export_action_interfaces__rosidl_typesupport_fastrtps_cppExport.cmake\n'}
[0.550741] (action_interfaces) StdoutLine: {'line': b'-- Up-to-date: /home/ibrahim/RobotArmExpanded/install/action_interfaces/share/action_interfaces/cmake/export_action_interfaces__rosidl_typesupport_fastrtps_cppExport-noconfig.cmake\n'}
[0.550773] (action_interfaces) StdoutLine: {'line': b'-- Up-to-date: /home/ibrahim/RobotArmExpanded/install/action_interfaces/share/action_interfaces/cmake/action_interfaces__rosidl_typesupport_introspection_cppExport.cmake\n'}
[0.550809] (action_interfaces) StdoutLine: {'line': b'-- Up-to-date: /home/ibrahim/RobotArmExpanded/install/action_interfaces/share/action_interfaces/cmake/action_interfaces__rosidl_typesupport_introspection_cppExport-noconfig.cmake\n'}
[0.550841] (action_interfaces) StdoutLine: {'line': b'-- Up-to-date: /home/ibrahim/RobotArmExpanded/install/action_interfaces/share/action_interfaces/cmake/action_interfaces__rosidl_typesupport_cppExport.cmake\n'}
[0.550873] (action_interfaces) StdoutLine: {'line': b'-- Up-to-date: /home/ibrahim/RobotArmExpanded/install/action_interfaces/share/action_interfaces/cmake/action_interfaces__rosidl_typesupport_cppExport-noconfig.cmake\n'}
[0.550904] (action_interfaces) StdoutLine: {'line': b'-- Up-to-date: /home/ibrahim/RobotArmExpanded/install/action_interfaces/share/action_interfaces/cmake/export_action_interfaces__rosidl_generator_pyExport.cmake\n'}
[0.550935] (action_interfaces) StdoutLine: {'line': b'-- Up-to-date: /home/ibrahim/RobotArmExpanded/install/action_interfaces/share/action_interfaces/cmake/export_action_interfaces__rosidl_generator_pyExport-noconfig.cmake\n'}
[0.550967] (action_interfaces) StdoutLine: {'line': b'-- Up-to-date: /home/ibrahim/RobotArmExpanded/install/action_interfaces/share/action_interfaces/cmake/rosidl_cmake-extras.cmake\n'}
[0.551041] (action_interfaces) StdoutLine: {'line': b'-- Up-to-date: /home/ibrahim/RobotArmExpanded/install/action_interfaces/share/action_interfaces/cmake/ament_cmake_export_dependencies-extras.cmake\n'}
[0.551118] (action_interfaces) StdoutLine: {'line': b'-- Up-to-date: /home/ibrahim/RobotArmExpanded/install/action_interfaces/share/action_interfaces/cmake/ament_cmake_export_include_directories-extras.cmake\n'}
[0.551175] (action_interfaces) StdoutLine: {'line': b'-- Up-to-date: /home/ibrahim/RobotArmExpanded/install/action_interfaces/share/action_interfaces/cmake/ament_cmake_export_libraries-extras.cmake\n'}
[0.551240] (action_interfaces) StdoutLine: {'line': b'-- Up-to-date: /home/ibrahim/RobotArmExpanded/install/action_interfaces/share/action_interfaces/cmake/ament_cmake_export_targets-extras.cmake\n'}
[0.551316] (action_interfaces) StdoutLine: {'line': b'-- Up-to-date: /home/ibrahim/RobotArmExpanded/install/action_interfaces/share/action_interfaces/cmake/rosidl_cmake_export_typesupport_targets-extras.cmake\n'}
[0.551406] (action_interfaces) StdoutLine: {'line': b'-- Up-to-date: /home/ibrahim/RobotArmExpanded/install/action_interfaces/share/action_interfaces/cmake/rosidl_cmake_export_typesupport_libraries-extras.cmake\n'}
[0.551450] (action_interfaces) StdoutLine: {'line': b'-- Up-to-date: /home/ibrahim/RobotArmExpanded/install/action_interfaces/share/action_interfaces/cmake/action_interfacesConfig.cmake\n'}
[0.551486] (action_interfaces) StdoutLine: {'line': b'-- Up-to-date: /home/ibrahim/RobotArmExpanded/install/action_interfaces/share/action_interfaces/cmake/action_interfacesConfig-version.cmake\n'}
[0.551519] (action_interfaces) StdoutLine: {'line': b'-- Up-to-date: /home/ibrahim/RobotArmExpanded/install/action_interfaces/share/action_interfaces/package.xml\n'}
[0.553481] (action_interfaces) CommandEnded: {'returncode': 0}
[0.577608] (action_interfaces) JobEnded: {'identifier': 'action_interfaces', 'rc': 0}
[0.580705] (main_arm_package) JobStarted: {'identifier': 'main_arm_package'}
[0.600059] (-) TimerEvent: {}
[0.699659] (main_arm_package) JobProgress: {'identifier': 'main_arm_package', 'progress': 'cmake'}
[0.700063] (-) TimerEvent: {}
[0.700806] (main_arm_package) JobProgress: {'identifier': 'main_arm_package', 'progress': 'build'}
[0.701777] (main_arm_package) Command: {'cmd': ['/usr/bin/cmake', '--build', '/home/ibrahim/RobotArmExpanded/build/main_arm_package', '--', '-j16', '-l16'], 'cwd': '/home/ibrahim/RobotArmExpanded/build/main_arm_package', 'env': OrderedDict([('PYTHON_BASIC_REPL', '1'), ('LESSOPEN', '| /usr/bin/lesspipe %s'), ('USER', 'ibrahim'), ('GIT_ASKPASS', '/home/ibrahim/.vscode-server/bin/0958016b2af9f09bb4257e0df4a95e2f90590f9f/extensions/git/dist/askpass.sh'), ('SHLVL', '1'), ('LD_LIBRARY_PATH', '/home/ibrahim/RobotArmExpanded/install/action_interfaces/lib:/home/ibrahim/RobotArm/install/action_interfaces/lib:/home/ibrahim/RobotNav/install/action_interfaces/lib:/home/ibrahim/ros2_ws/install/action_interfaces/lib:/usr/lib/x86_64-linux-gnu/gazebo-11/plugins:/opt/ros/humble/opt/rviz_ogre_vendor/lib:/opt/ros/humble/lib/x86_64-linux-gnu:/opt/ros/humble/lib'), ('MOTD_SHOWN', 'update-motd'), ('HOME', '/home/ibrahim'), ('OLDPWD', '/home/ibrahim'), ('TERM_PROGRAM_VERSION', '1.120.0'), ('VSCODE_IPC_HOOK_CLI', '/run/user/1000/vscode-ipc-a363f6a4-99bd-417c-ac4e-7e31213317cc.sock'), ('ROS_PYTHON_VERSION', '3'), ('VSCODE_GIT_ASKPASS_MAIN', '/home/ibrahim/.vscode-server/bin/0958016b2af9f09bb4257e0df4a95e2f90590f9f/extensions/git/dist/askpass-main.js'), ('VSCODE_GIT_ASKPASS_NODE', '/home/ibrahim/.vscode-server/bin/0958016b2af9f09bb4257e0df4a95e2f90590f9f/node'), ('PYDEVD_DISABLE_FILE_VALIDATION', '1'), ('BUNDLED_DEBUGPY_PATH', '/home/ibrahim/.vscode-server/extensions/ms-python.debugpy-2026.6.0-linux-x64/bundled/libs/debugpy'), ('VSCODE_PYTHON_AUTOACTIVATE_GUARD', '1'), ('DBUS_SESSION_BUS_ADDRESS', 'unix:path=/run/user/1000/bus'), ('COLORTERM', 'truecolor'), ('WSL_DISTRO_NAME', 'Ubuntu-22.04'), ('WAYLAND_DISPLAY', 'wayland-0'), ('COLCON_PREFIX_PATH', '/home/ibrahim/RobotArmExpanded/install:/home/ibrahim/RobotArm/install:/home/ibrahim/TF2Sample/install:/home/ibrahim/RobotNav/install:/home/ibrahim/RobotMonitor/install:/home/ibrahim/ros2_ws/install'), ('ROS_DISTRO', 'humble'), ('LOGNAME', 'ibrahim'), ('NAME', 'Ibrahim-laptop'), ('WSL_INTEROP', '/run/WSL/414_interop'), ('PULSE_SERVER', 'unix:/mnt/wslg/PulseServer'), ('_', '/usr/bin/colcon'), ('ROS_VERSION', '2'), ('CLAUDE_CODE_SSE_PORT', '42304'), ('TERM', 'xterm-256color'), ('ROS_LOCALHOST_ONLY', '0'), ('PATH', '/home/ibrahim/.vscode-server/data/User/globalStorage/github.copilot-chat/debugCommand:/home/ibrahim/.vscode-server/data/User/globalStorage/github.copilot-chat/copilotCli:/home/ibrahim/.vscode-server/bin/0958016b2af9f09bb4257e0df4a95e2f90590f9f/bin/remote-cli:/opt/ros/humble/bin:/usr/local/sbin:/usr/local/bin:/usr/sbin:/usr/bin:/sbin:/bin:/usr/games:/usr/local/games:/usr/lib/wsl/lib:/mnt/c/Users/zanto/AppData/Local/Programs/Microsoft VS Code:/mnt/c/Windows/system32:/mnt/c/Windows:/mnt/c/Windows/System32/Wbem:/mnt/c/Windows/System32/WindowsPowerShell/v1.0/:/mnt/c/Windows/System32/OpenSSH/:/mnt/c/Program Files (x86)/NVIDIA Corporation/PhysX/Common:/mnt/c/Program Files/NVIDIA Corporation/NVIDIA App/NvDLISR:/mnt/c/Program Files/dotnet/:/mnt/c/Program Files/nodejs/:/mnt/c/Program Files/Git/cmd:/mnt/c/Program Files/PostgreSQL/18/bin:/mnt/c/Users/zanto/.local/bin:/mnt/c/Program Files/Docker/Docker/resources/bin:/mnt/c/Program Files/GitHub CLI/:/mnt/c/Users/zanto/AppData/Local/Programs/Python/Python312/Scripts/:/mnt/c/Users/zanto/AppData/Local/Programs/Python/Python312/:/mnt/c/Users/zanto/AppData/Local/Programs/Python/Python314/Scripts/:/mnt/c/Users/zanto/AppData/Local/Programs/Python/Python314/:/mnt/c/Users/zanto/AppData/Local/Microsoft/WindowsApps:/mnt/c/Users/zanto/AppData/Local/Programs/Microsoft VS Code/bin:/mnt/c/Users/zanto/AppData/Local/Programs/Ollama:/mnt/c/Users/zanto/AppData/Roaming/npm:/mnt/c/msys64/ucrt64/bin:/snap/bin:/home/ibrahim/.vscode-server/extensions/ms-python.debugpy-2026.6.0-linux-x64/bundled/scripts/noConfigScripts'), ('XDG_RUNTIME_DIR', '/run/user/1000/'), ('DISPLAY', ':0'), ('VSCODE_DEBUGPY_ADAPTER_ENDPOINTS', '/home/ibrahim/.vscode-server/extensions/ms-python.debugpy-2026.6.0-linux-x64/.noConfigDebugAdapterEndpoints/endpoint-56a3a212e1e4f062.txt'), ('LANG', 'C.UTF-8'), ('PYTHONSTARTUP', '/home/ibrahim/.vscode-server/data/User/workspaceStorage/e80122f58dd8365232b0ea725993d05e/ms-python.python/pythonrc.py'), ('LS_COLORS', 'rs=0:di=01;34:ln=01;36:mh=00:pi=40;33:so=01;35:do=01;35:bd=40;33;01:cd=40;33;01:or=40;31;01:mi=00:su=37;41:sg=30;43:ca=30;41:tw=30;42:ow=34;42:st=37;44:ex=01;32:*.tar=01;31:*.tgz=01;31:*.arc=01;31:*.arj=01;31:*.taz=01;31:*.lha=01;31:*.lz4=01;31:*.lzh=01;31:*.lzma=01;31:*.tlz=01;31:*.txz=01;31:*.tzo=01;31:*.t7z=01;31:*.zip=01;31:*.z=01;31:*.dz=01;31:*.gz=01;31:*.lrz=01;31:*.lz=01;31:*.lzo=01;31:*.xz=01;31:*.zst=01;31:*.tzst=01;31:*.bz2=01;31:*.bz=01;31:*.tbz=01;31:*.tbz2=01;31:*.tz=01;31:*.deb=01;31:*.rpm=01;31:*.jar=01;31:*.war=01;31:*.ear=01;31:*.sar=01;31:*.rar=01;31:*.alz=01;31:*.ace=01;31:*.zoo=01;31:*.cpio=01;31:*.7z=01;31:*.rz=01;31:*.cab=01;31:*.wim=01;31:*.swm=01;31:*.dwm=01;31:*.esd=01;31:*.jpg=01;35:*.jpeg=01;35:*.mjpg=01;35:*.mjpeg=01;35:*.gif=01;35:*.bmp=01;35:*.pbm=01;35:*.pgm=01;35:*.ppm=01;35:*.tga=01;35:*.xbm=01;35:*.xpm=01;35:*.tif=01;35:*.tiff=01;35:*.png=01;35:*.svg=01;35:*.svgz=01;35:*.mng=01;35:*.pcx=01;35:*.mov=01;35:*.mpg=01;35:*.mpeg=01;35:*.m2v=01;35:*.mkv=01;35:*.webm=01;35:*.webp=01;35:*.ogm=01;35:*.mp4=01;35:*.m4v=01;35:*.mp4v=01;35:*.vob=01;35:*.qt=01;35:*.nuv=01;35:*.wmv=01;35:*.asf=01;35:*.rm=01;35:*.rmvb=01;35:*.flc=01;35:*.avi=01;35:*.fli=01;35:*.flv=01;35:*.gl=01;35:*.dl=01;35:*.xcf=01;35:*.xwd=01;35:*.yuv=01;35:*.cgm=01;35:*.emf=01;35:*.ogv=01;35:*.ogx=01;35:*.aac=00;36:*.au=00;36:*.flac=00;36:*.m4a=00;36:*.mid=00;36:*.midi=00;36:*.mka=00;36:*.mp3=00;36:*.mpc=00;36:*.ogg=00;36:*.ra=00;36:*.wav=00;36:*.oga=00;36:*.opus=00;36:*.spx=00;36:*.xspf=00;36:'), ('VSCODE_GIT_IPC_HANDLE', '/run/user/1000/vscode-git-fffe7d841c.sock'), ('TERM_PROGRAM', 'vscode'), ('ROS_DOMAIN_ID', '10'), ('AMENT_PREFIX_PATH', '/home/ibrahim/RobotArmExpanded/install/main_arm_package:/home/ibrahim/RobotArmExpanded/install/action_interfaces:/home/ibrahim/RobotArm/install/main_arm_package:/home/ibrahim/RobotArm/install/action_interfaces:/home/ibrahim/TF2Sample/install/tf2sim:/home/ibrahim/RobotNav/install/main_robot_nodes:/home/ibrahim/RobotNav/install/action_interfaces:/home/ibrahim/RobotMonitor/install/Robot3Node_Package:/home/ibrahim/ros2_ws/install/my_first_package:/home/ibrahim/ros2_ws/install/action_interfaces:/opt/ros/humble'), ('SHELL', '/bin/bash'), ('LESSCLOSE', '/usr/bin/lesspipe %s %s'), ('VSCODE_GIT_ASKPASS_EXTRA_ARGS', ''), ('PWD', '/home/ibrahim/RobotArmExpanded/build/main_arm_package'), ('XDG_DATA_DIRS', '/usr/local/share:/usr/share:/var/lib/snapd/desktop'), ('PYTHONPATH', '/home/ibrahim/RobotArmExpanded/install/action_interfaces/local/lib/python3.10/dist-packages:/home/ibrahim/RobotArm/install/action_interfaces/local/lib/python3.10/dist-packages:/home/ibrahim/RobotNav/install/action_interfaces/local/lib/python3.10/dist-packages:/home/ibrahim/ros2_ws/install/action_interfaces/local/lib/python3.10/dist-packages:/opt/ros/humble/lib/python3.10/site-packages:/opt/ros/humble/local/lib/python3.10/dist-packages'), ('COLCON', '1'), ('WSL2_GUI_APPS_ENABLED', '1'), ('HOSTTYPE', 'x86_64'), ('CMAKE_PREFIX_PATH', '/home/ibrahim/RobotArmExpanded/install/action_interfaces:/home/ibrahim/RobotArmExpanded/install/main_arm_package:/home/ibrahim/TF2Sample/install/tf2sim:/home/ibrahim/RobotNav/install/main_robot_nodes:/home/ibrahim/RobotNav/install/action_interfaces:/home/ibrahim/RobotMonitor/install/Robot3Node_Package:/home/ibrahim/ros2_ws/install/my_first_package:/home/ibrahim/ros2_ws/install/action_interfaces:/home/ibrahim/RobotArm/install/main_arm_package:/home/ibrahim/RobotArm/install/action_interfaces:/opt/ros/humble'), ('WSLENV', 'VSCODE_WSL_EXT_LOCATION/up')]), 'shell': False}
[0.737802] (main_arm_package) StdoutLine: {'line': b'-- Found ament_cmake: 1.3.14 (/opt/ros/humble/share/ament_cmake/cmake)\n'}
[0.800210] (-) TimerEvent: {}
[0.869007] (main_arm_package) StdoutLine: {'line': b'-- Found rclcpp: 16.0.19 (/opt/ros/humble/share/rclcpp/cmake)\n'}
[0.900346] (-) TimerEvent: {}
[1.000744] (-) TimerEvent: {}
[1.050412] (main_arm_package) StdoutLine: {'line': b'-- Found rosidl_generator_c: 3.1.8 (/opt/ros/humble/share/rosidl_generator_c/cmake)\n'}
[1.052446] (main_arm_package) StdoutLine: {'line': b'-- Found rosidl_adapter: 3.1.8 (/opt/ros/humble/share/rosidl_adapter/cmake)\n'}
[1.058184] (main_arm_package) StdoutLine: {'line': b'-- Found rosidl_generator_cpp: 3.1.8 (/opt/ros/humble/share/rosidl_generator_cpp/cmake)\n'}
[1.069196] (main_arm_package) StdoutLine: {'line': b'-- Using all available rosidl_typesupport_c: rosidl_typesupport_fastrtps_c;rosidl_typesupport_introspection_c\n'}
[1.081436] (main_arm_package) StdoutLine: {'line': b'-- Using all available rosidl_typesupport_cpp: rosidl_typesupport_fastrtps_cpp;rosidl_typesupport_introspection_cpp\n'}
[1.100866] (-) TimerEvent: {}
[1.108712] (main_arm_package) StdoutLine: {'line': b'-- Found rmw_implementation_cmake: 6.1.2 (/opt/ros/humble/share/rmw_implementation_cmake/cmake)\n'}
[1.110359] (main_arm_package) StdoutLine: {'line': b'-- Found rmw_fastrtps_cpp: 6.2.10 (/opt/ros/humble/share/rmw_fastrtps_cpp/cmake)\n'}
[1.200950] (-) TimerEvent: {}
[1.301369] (-) TimerEvent: {}
[1.401749] (-) TimerEvent: {}
[1.502156] (-) TimerEvent: {}
[1.602616] (-) TimerEvent: {}
[1.703000] (-) TimerEvent: {}
[1.803373] (-) TimerEvent: {}
[1.903762] (-) TimerEvent: {}
[2.004173] (-) TimerEvent: {}
[2.104600] (-) TimerEvent: {}
[2.204983] (-) TimerEvent: {}
[2.305342] (-) TimerEvent: {}
[2.405704] (-) TimerEvent: {}
[2.506040] (-) TimerEvent: {}
[2.606404] (-) TimerEvent: {}
[2.706778] (-) TimerEvent: {}
[2.807152] (-) TimerEvent: {}
[2.907499] (-) TimerEvent: {}
[3.007896] (-) TimerEvent: {}
[3.108259] (-) TimerEvent: {}
[3.208686] (-) TimerEvent: {}
[3.309134] (-) TimerEvent: {}
[3.409510] (-) TimerEvent: {}
[3.509950] (-) TimerEvent: {}
[3.610453] (-) TimerEvent: {}
[3.710800] (-) TimerEvent: {}
[3.811284] (-) TimerEvent: {}
[3.911792] (-) TimerEvent: {}
[4.012153] (-) TimerEvent: {}
[4.112666] (-) TimerEvent: {}
[4.213050] (-) TimerEvent: {}
[4.313421] (-) TimerEvent: {}
[4.413810] (-) TimerEvent: {}
[4.514130] (-) TimerEvent: {}
[4.614550] (-) TimerEvent: {}
[4.715077] (-) TimerEvent: {}
[4.815433] (-) TimerEvent: {}
[4.915850] (-) TimerEvent: {}
[5.016250] (-) TimerEvent: {}
[5.116637] (-) TimerEvent: {}
[5.217114] (-) TimerEvent: {}
[5.317490] (-) TimerEvent: {}
[5.417877] (-) TimerEvent: {}
[5.518299] (-) TimerEvent: {}
[5.618751] (-) TimerEvent: {}
[5.719106] (-) TimerEvent: {}
[5.819587] (-) TimerEvent: {}
[5.919948] (-) TimerEvent: {}
[6.020352] (-) TimerEvent: {}
[6.120850] (-) TimerEvent: {}
[6.221351] (-) TimerEvent: {}
[6.321734] (-) TimerEvent: {}
[6.422098] (-) TimerEvent: {}
[6.522487] (-) TimerEvent: {}
[6.622805] (-) TimerEvent: {}
[6.723122] (-) TimerEvent: {}
[6.823458] (-) TimerEvent: {}
[6.923836] (-) TimerEvent: {}
[7.024201] (-) TimerEvent: {}
[7.124565] (-) TimerEvent: {}
[7.225016] (-) TimerEvent: {}
[7.325378] (-) TimerEvent: {}
[7.425801] (-) TimerEvent: {}
[7.526268] (-) TimerEvent: {}
[7.626699] (-) TimerEvent: {}
[7.727078] (-) TimerEvent: {}
[7.827481] (-) TimerEvent: {}
[7.927827] (-) TimerEvent: {}
[7.988076] (main_arm_package) StdoutLine: {'line': b"-- Using RMW implementation 'rmw_fastrtps_cpp' as default\n"}
[8.027955] (-) TimerEvent: {}
[8.028912] (main_arm_package) StdoutLine: {'line': b'-- Found rclcpp_action: 16.0.19 (/opt/ros/humble/share/rclcpp_action/cmake)\n'}
[8.050740] (main_arm_package) StdoutLine: {'line': b'-- Found action_interfaces: 0.0.0 (/home/ibrahim/RobotArmExpanded/install/action_interfaces/share/action_interfaces/cmake)\n'}
[8.061374] (main_arm_package) StdoutLine: {'line': b'-- Found sensor_msgs: 4.9.1 (/opt/ros/humble/share/sensor_msgs/cmake)\n'}
[8.088907] (main_arm_package) StdoutLine: {'line': b'-- Found ament_lint_auto: 0.12.15 (/opt/ros/humble/share/ament_lint_auto/cmake)\n'}
[8.128098] (-) TimerEvent: {}
[8.156126] (main_arm_package) StdoutLine: {'line': b"-- Added test 'cppcheck' to perform static code analysis on C / C++ code\n"}
[8.156604] (main_arm_package) StdoutLine: {'line': b'-- Configured cppcheck include dirs: $<BUILD_INTERFACE:/home/ibrahim/RobotArmExpanded/src/main_arm_package/include>\n'}
[8.156754] (main_arm_package) StdoutLine: {'line': b'-- Configured cppcheck exclude dirs and/or files: \n'}
[8.159834] (main_arm_package) StdoutLine: {'line': b"-- Added test 'flake8' to check Python code syntax and style conventions\n"}
[8.161319] (main_arm_package) StdoutLine: {'line': b"-- Added test 'lint_cmake' to check CMake code style\n"}
[8.161768] (main_arm_package) StdoutLine: {'line': b"-- Added test 'pep257' to check Python code against some of the docstring style conventions in PEP 257\n"}
[8.163564] (main_arm_package) StdoutLine: {'line': b"-- Added test 'uncrustify' to check C / C++ code style\n"}
[8.163753] (main_arm_package) StdoutLine: {'line': b'-- Configured uncrustify additional arguments: \n'}
[8.164071] (main_arm_package) StdoutLine: {'line': b"-- Added test 'xmllint' to check XML markup files\n"}
[8.164952] (main_arm_package) StdoutLine: {'line': b'-- Configuring done\n'}
[8.195695] (main_arm_package) StdoutLine: {'line': b'-- Generating done\n'}
[8.207133] (main_arm_package) StdoutLine: {'line': b'-- Build files have been written to: /home/ibrahim/RobotArmExpanded/build/main_arm_package\n'}
[8.228295] (-) TimerEvent: {}
[8.241968] (main_arm_package) StdoutLine: {'line': b'\x1b[35m\x1b[1mConsolidate compiler generated dependencies of target ArmClient\x1b[0m\n'}
[8.242476] (main_arm_package) StdoutLine: {'line': b'\x1b[35m\x1b[1mConsolidate compiler generated dependencies of target ArmController\x1b[0m\n'}
[8.242649] (main_arm_package) StdoutLine: {'line': b'\x1b[35m\x1b[1mConsolidate compiler generated dependencies of target ArmMover\x1b[0m\n'}
[8.242763] (main_arm_package) StdoutLine: {'line': b'\x1b[35m\x1b[1mConsolidate compiler generated dependencies of target TaskPlanner\x1b[0m\n'}
[8.242858] (main_arm_package) StdoutLine: {'line': b'\x1b[35m\x1b[1mConsolidate compiler generated dependencies of target ArmMonitor\x1b[0m\n'}
[8.269129] (main_arm_package) StdoutLine: {'line': b'[ 40%] Built target ArmMonitor\n'}
[8.269355] (main_arm_package) StdoutLine: {'line': b'[ 40%] Built target ArmClient\n'}
[8.269656] (main_arm_package) StdoutLine: {'line': b'[ 60%] Built target ArmMover\n'}
[8.269749] (main_arm_package) StdoutLine: {'line': b'[ 80%] Built target TaskPlanner\n'}
[8.269908] (main_arm_package) StdoutLine: {'line': b'[ 90%] \x1b[32mBuilding CXX object CMakeFiles/ArmController.dir/src/ArmController.cpp.o\x1b[0m\n'}
[8.328457] (-) TimerEvent: {}
[8.428820] (-) TimerEvent: {}
[8.529251] (-) TimerEvent: {}
[8.629695] (-) TimerEvent: {}
[8.730150] (-) TimerEvent: {}
[8.830638] (-) TimerEvent: {}
[8.930942] (-) TimerEvent: {}
[9.031248] (-) TimerEvent: {}
[9.131577] (-) TimerEvent: {}
[9.232045] (-) TimerEvent: {}
[9.332481] (-) TimerEvent: {}
[9.432882] (-) TimerEvent: {}
[9.533337] (-) TimerEvent: {}
[9.633795] (-) TimerEvent: {}
[9.734212] (-) TimerEvent: {}
[9.834627] (-) TimerEvent: {}
[9.935171] (-) TimerEvent: {}
[10.035530] (-) TimerEvent: {}
[10.135916] (-) TimerEvent: {}
[10.236402] (-) TimerEvent: {}
[10.336834] (-) TimerEvent: {}
[10.437155] (-) TimerEvent: {}
[10.537453] (-) TimerEvent: {}
[10.637869] (-) TimerEvent: {}
[10.738378] (-) TimerEvent: {}
[10.838781] (-) TimerEvent: {}
[10.939244] (-) TimerEvent: {}
[11.039720] (-) TimerEvent: {}
[11.140145] (-) TimerEvent: {}
[11.240602] (-) TimerEvent: {}
[11.341024] (-) TimerEvent: {}
[11.441473] (-) TimerEvent: {}
[11.542024] (-) TimerEvent: {}
[11.642428] (-) TimerEvent: {}
[11.742874] (-) TimerEvent: {}
[11.843283] (-) TimerEvent: {}
[11.943715] (-) TimerEvent: {}
[12.044129] (-) TimerEvent: {}
[12.144569] (-) TimerEvent: {}
[12.245003] (-) TimerEvent: {}
[12.345421] (-) TimerEvent: {}
[12.445830] (-) TimerEvent: {}
[12.546213] (-) TimerEvent: {}
[12.646667] (-) TimerEvent: {}
[12.747046] (-) TimerEvent: {}
[12.847453] (-) TimerEvent: {}
[12.947793] (-) TimerEvent: {}
[13.048130] (-) TimerEvent: {}
[13.148513] (-) TimerEvent: {}
[13.248928] (-) TimerEvent: {}
[13.349409] (-) TimerEvent: {}
[13.449820] (-) TimerEvent: {}
[13.550196] (-) TimerEvent: {}
[13.650618] (-) TimerEvent: {}
[13.751059] (-) TimerEvent: {}
[13.851489] (-) TimerEvent: {}
[13.951952] (-) TimerEvent: {}
[14.052373] (-) TimerEvent: {}
[14.152767] (-) TimerEvent: {}
[14.253156] (-) TimerEvent: {}
[14.353512] (-) TimerEvent: {}
[14.453953] (-) TimerEvent: {}
[14.554435] (-) TimerEvent: {}
[14.654893] (-) TimerEvent: {}
[14.755240] (-) TimerEvent: {}
[14.855582] (-) TimerEvent: {}
[14.955962] (-) TimerEvent: {}
[15.056298] (-) TimerEvent: {}
[15.156665] (-) TimerEvent: {}
[15.256985] (-) TimerEvent: {}
[15.357375] (-) TimerEvent: {}
[15.457731] (-) TimerEvent: {}
[15.558145] (-) TimerEvent: {}
[15.658716] (-) TimerEvent: {}
[15.758999] (-) TimerEvent: {}
[15.859373] (-) TimerEvent: {}
[15.959741] (-) TimerEvent: {}
[16.060157] (-) TimerEvent: {}
[16.160477] (-) TimerEvent: {}
[16.260881] (-) TimerEvent: {}
[16.361461] (-) TimerEvent: {}
[16.461901] (-) TimerEvent: {}
[16.562271] (-) TimerEvent: {}
[16.662654] (-) TimerEvent: {}
[16.763055] (-) TimerEvent: {}
[16.863492] (-) TimerEvent: {}
[16.963958] (-) TimerEvent: {}
[17.064416] (-) TimerEvent: {}
[17.164895] (-) TimerEvent: {}
[17.265272] (-) TimerEvent: {}
[17.365662] (-) TimerEvent: {}
[17.466024] (-) TimerEvent: {}
[17.566512] (-) TimerEvent: {}
[17.666967] (-) TimerEvent: {}
[17.767383] (-) TimerEvent: {}
[17.867804] (-) TimerEvent: {}
[17.968177] (-) TimerEvent: {}
[18.068566] (-) TimerEvent: {}
[18.168990] (-) TimerEvent: {}
[18.269422] (-) TimerEvent: {}
[18.369912] (-) TimerEvent: {}
[18.470397] (-) TimerEvent: {}
[18.570950] (-) TimerEvent: {}
[18.671383] (-) TimerEvent: {}
[18.771787] (-) TimerEvent: {}
[18.872183] (-) TimerEvent: {}
[18.972591] (-) TimerEvent: {}
[19.072941] (-) TimerEvent: {}
[19.173324] (-) TimerEvent: {}
[19.273798] (-) TimerEvent: {}
[19.374241] (-) TimerEvent: {}
[19.474636] (-) TimerEvent: {}
[19.574955] (-) TimerEvent: {}
[19.675323] (-) TimerEvent: {}
[19.775651] (-) TimerEvent: {}
[19.876104] (-) TimerEvent: {}
[19.976550] (-) TimerEvent: {}
[20.076995] (-) TimerEvent: {}
[20.177427] (-) TimerEvent: {}
[20.277831] (-) TimerEvent: {}
[20.378226] (-) TimerEvent: {}
[20.478705] (-) TimerEvent: {}
[20.579139] (-) TimerEvent: {}
[20.679637] (-) TimerEvent: {}
[20.780081] (-) TimerEvent: {}
[20.880499] (-) TimerEvent: {}
[20.980901] (-) TimerEvent: {}
[21.081294] (-) TimerEvent: {}
[21.181707] (-) TimerEvent: {}
[21.282111] (-) TimerEvent: {}
[21.382551] (-) TimerEvent: {}
[21.483020] (-) TimerEvent: {}
[21.583451] (-) TimerEvent: {}
[21.683975] (-) TimerEvent: {}
[21.784502] (-) TimerEvent: {}
[21.885056] (-) TimerEvent: {}
[21.985382] (-) TimerEvent: {}
[22.085873] (-) TimerEvent: {}
[22.186301] (-) TimerEvent: {}
[22.286779] (-) TimerEvent: {}
[22.387193] (-) TimerEvent: {}
[22.487589] (-) TimerEvent: {}
[22.588006] (-) TimerEvent: {}
[22.688347] (-) TimerEvent: {}
[22.788694] (-) TimerEvent: {}
[22.889085] (-) TimerEvent: {}
[22.989564] (-) TimerEvent: {}
[23.090071] (-) TimerEvent: {}
[23.190440] (-) TimerEvent: {}
[23.290819] (-) TimerEvent: {}
[23.391219] (-) TimerEvent: {}
[23.491648] (-) TimerEvent: {}
[23.592075] (-) TimerEvent: {}
[23.692495] (-) TimerEvent: {}
[23.792850] (-) TimerEvent: {}
[23.893310] (-) TimerEvent: {}
[23.993632] (-) TimerEvent: {}
[24.093956] (-) TimerEvent: {}
[24.194371] (-) TimerEvent: {}
[24.294753] (-) TimerEvent: {}
[24.395259] (-) TimerEvent: {}
[24.495772] (-) TimerEvent: {}
[24.596283] (-) TimerEvent: {}
[24.696693] (-) TimerEvent: {}
[24.797115] (-) TimerEvent: {}
[24.842646] (main_arm_package) StdoutLine: {'line': b'[100%] \x1b[32m\x1b[1mLinking CXX executable ArmController\x1b[0m\n'}
[24.897237] (-) TimerEvent: {}
[24.997722] (-) TimerEvent: {}
[25.098112] (-) TimerEvent: {}
[25.198432] (-) TimerEvent: {}
[25.298795] (-) TimerEvent: {}
[25.399170] (-) TimerEvent: {}
[25.499590] (-) TimerEvent: {}
[25.599988] (-) TimerEvent: {}
[25.672642] (main_arm_package) StdoutLine: {'line': b'[100%] Built target ArmController\n'}
[25.697268] (main_arm_package) CommandEnded: {'returncode': 0}
[25.698419] (main_arm_package) JobProgress: {'identifier': 'main_arm_package', 'progress': 'install'}
[25.699343] (main_arm_package) Command: {'cmd': ['/usr/bin/cmake', '--install', '/home/ibrahim/RobotArmExpanded/build/main_arm_package'], 'cwd': '/home/ibrahim/RobotArmExpanded/build/main_arm_package', 'env': OrderedDict([('PYTHON_BASIC_REPL', '1'), ('LESSOPEN', '| /usr/bin/lesspipe %s'), ('USER', 'ibrahim'), ('GIT_ASKPASS', '/home/ibrahim/.vscode-server/bin/0958016b2af9f09bb4257e0df4a95e2f90590f9f/extensions/git/dist/askpass.sh'), ('SHLVL', '1'), ('LD_LIBRARY_PATH', '/home/ibrahim/RobotArmExpanded/install/action_interfaces/lib:/home/ibrahim/RobotArm/install/action_interfaces/lib:/home/ibrahim/RobotNav/install/action_interfaces/lib:/home/ibrahim/ros2_ws/install/action_interfaces/lib:/usr/lib/x86_64-linux-gnu/gazebo-11/plugins:/opt/ros/humble/opt/rviz_ogre_vendor/lib:/opt/ros/humble/lib/x86_64-linux-gnu:/opt/ros/humble/lib'), ('MOTD_SHOWN', 'update-motd'), ('HOME', '/home/ibrahim'), ('OLDPWD', '/home/ibrahim'), ('TERM_PROGRAM_VERSION', '1.120.0'), ('VSCODE_IPC_HOOK_CLI', '/run/user/1000/vscode-ipc-a363f6a4-99bd-417c-ac4e-7e31213317cc.sock'), ('ROS_PYTHON_VERSION', '3'), ('VSCODE_GIT_ASKPASS_MAIN', '/home/ibrahim/.vscode-server/bin/0958016b2af9f09bb4257e0df4a95e2f90590f9f/extensions/git/dist/askpass-main.js'), ('VSCODE_GIT_ASKPASS_NODE', '/home/ibrahim/.vscode-server/bin/0958016b2af9f09bb4257e0df4a95e2f90590f9f/node'), ('PYDEVD_DISABLE_FILE_VALIDATION', '1'), ('BUNDLED_DEBUGPY_PATH', '/home/ibrahim/.vscode-server/extensions/ms-python.debugpy-2026.6.0-linux-x64/bundled/libs/debugpy'), ('VSCODE_PYTHON_AUTOACTIVATE_GUARD', '1'), ('DBUS_SESSION_BUS_ADDRESS', 'unix:path=/run/user/1000/bus'), ('COLORTERM', 'truecolor'), ('WSL_DISTRO_NAME', 'Ubuntu-22.04'), ('WAYLAND_DISPLAY', 'wayland-0'), ('COLCON_PREFIX_PATH', '/home/ibrahim/RobotArmExpanded/install:/home/ibrahim/RobotArm/install:/home/ibrahim/TF2Sample/install:/home/ibrahim/RobotNav/install:/home/ibrahim/RobotMonitor/install:/home/ibrahim/ros2_ws/install'), ('ROS_DISTRO', 'humble'), ('LOGNAME', 'ibrahim'), ('NAME', 'Ibrahim-laptop'), ('WSL_INTEROP', '/run/WSL/414_interop'), ('PULSE_SERVER', 'unix:/mnt/wslg/PulseServer'), ('_', '/usr/bin/colcon'), ('ROS_VERSION', '2'), ('CLAUDE_CODE_SSE_PORT', '42304'), ('TERM', 'xterm-256color'), ('ROS_LOCALHOST_ONLY', '0'), ('PATH', '/home/ibrahim/.vscode-server/data/User/globalStorage/github.copilot-chat/debugCommand:/home/ibrahim/.vscode-server/data/User/globalStorage/github.copilot-chat/copilotCli:/home/ibrahim/.vscode-server/bin/0958016b2af9f09bb4257e0df4a95e2f90590f9f/bin/remote-cli:/opt/ros/humble/bin:/usr/local/sbin:/usr/local/bin:/usr/sbin:/usr/bin:/sbin:/bin:/usr/games:/usr/local/games:/usr/lib/wsl/lib:/mnt/c/Users/zanto/AppData/Local/Programs/Microsoft VS Code:/mnt/c/Windows/system32:/mnt/c/Windows:/mnt/c/Windows/System32/Wbem:/mnt/c/Windows/System32/WindowsPowerShell/v1.0/:/mnt/c/Windows/System32/OpenSSH/:/mnt/c/Program Files (x86)/NVIDIA Corporation/PhysX/Common:/mnt/c/Program Files/NVIDIA Corporation/NVIDIA App/NvDLISR:/mnt/c/Program Files/dotnet/:/mnt/c/Program Files/nodejs/:/mnt/c/Program Files/Git/cmd:/mnt/c/Program Files/PostgreSQL/18/bin:/mnt/c/Users/zanto/.local/bin:/mnt/c/Program Files/Docker/Docker/resources/bin:/mnt/c/Program Files/GitHub CLI/:/mnt/c/Users/zanto/AppData/Local/Programs/Python/Python312/Scripts/:/mnt/c/Users/zanto/AppData/Local/Programs/Python/Python312/:/mnt/c/Users/zanto/AppData/Local/Programs/Python/Python314/Scripts/:/mnt/c/Users/zanto/AppData/Local/Programs/Python/Python314/:/mnt/c/Users/zanto/AppData/Local/Microsoft/WindowsApps:/mnt/c/Users/zanto/AppData/Local/Programs/Microsoft VS Code/bin:/mnt/c/Users/zanto/AppData/Local/Programs/Ollama:/mnt/c/Users/zanto/AppData/Roaming/npm:/mnt/c/msys64/ucrt64/bin:/snap/bin:/home/ibrahim/.vscode-server/extensions/ms-python.debugpy-2026.6.0-linux-x64/bundled/scripts/noConfigScripts'), ('XDG_RUNTIME_DIR', '/run/user/1000/'), ('DISPLAY', ':0'), ('VSCODE_DEBUGPY_ADAPTER_ENDPOINTS', '/home/ibrahim/.vscode-server/extensions/ms-python.debugpy-2026.6.0-linux-x64/.noConfigDebugAdapterEndpoints/endpoint-56a3a212e1e4f062.txt'), ('LANG', 'C.UTF-8'), ('PYTHONSTARTUP', '/home/ibrahim/.vscode-server/data/User/workspaceStorage/e80122f58dd8365232b0ea725993d05e/ms-python.python/pythonrc.py'), ('LS_COLORS', 'rs=0:di=01;34:ln=01;36:mh=00:pi=40;33:so=01;35:do=01;35:bd=40;33;01:cd=40;33;01:or=40;31;01:mi=00:su=37;41:sg=30;43:ca=30;41:tw=30;42:ow=34;42:st=37;44:ex=01;32:*.tar=01;31:*.tgz=01;31:*.arc=01;31:*.arj=01;31:*.taz=01;31:*.lha=01;31:*.lz4=01;31:*.lzh=01;31:*.lzma=01;31:*.tlz=01;31:*.txz=01;31:*.tzo=01;31:*.t7z=01;31:*.zip=01;31:*.z=01;31:*.dz=01;31:*.gz=01;31:*.lrz=01;31:*.lz=01;31:*.lzo=01;31:*.xz=01;31:*.zst=01;31:*.tzst=01;31:*.bz2=01;31:*.bz=01;31:*.tbz=01;31:*.tbz2=01;31:*.tz=01;31:*.deb=01;31:*.rpm=01;31:*.jar=01;31:*.war=01;31:*.ear=01;31:*.sar=01;31:*.rar=01;31:*.alz=01;31:*.ace=01;31:*.zoo=01;31:*.cpio=01;31:*.7z=01;31:*.rz=01;31:*.cab=01;31:*.wim=01;31:*.swm=01;31:*.dwm=01;31:*.esd=01;31:*.jpg=01;35:*.jpeg=01;35:*.mjpg=01;35:*.mjpeg=01;35:*.gif=01;35:*.bmp=01;35:*.pbm=01;35:*.pgm=01;35:*.ppm=01;35:*.tga=01;35:*.xbm=01;35:*.xpm=01;35:*.tif=01;35:*.tiff=01;35:*.png=01;35:*.svg=01;35:*.svgz=01;35:*.mng=01;35:*.pcx=01;35:*.mov=01;35:*.mpg=01;35:*.mpeg=01;35:*.m2v=01;35:*.mkv=01;35:*.webm=01;35:*.webp=01;35:*.ogm=01;35:*.mp4=01;35:*.m4v=01;35:*.mp4v=01;35:*.vob=01;35:*.qt=01;35:*.nuv=01;35:*.wmv=01;35:*.asf=01;35:*.rm=01;35:*.rmvb=01;35:*.flc=01;35:*.avi=01;35:*.fli=01;35:*.flv=01;35:*.gl=01;35:*.dl=01;35:*.xcf=01;35:*.xwd=01;35:*.yuv=01;35:*.cgm=01;35:*.emf=01;35:*.ogv=01;35:*.ogx=01;35:*.aac=00;36:*.au=00;36:*.flac=00;36:*.m4a=00;36:*.mid=00;36:*.midi=00;36:*.mka=00;36:*.mp3=00;36:*.mpc=00;36:*.ogg=00;36:*.ra=00;36:*.wav=00;36:*.oga=00;36:*.opus=00;36:*.spx=00;36:*.xspf=00;36:'), ('VSCODE_GIT_IPC_HANDLE', '/run/user/1000/vscode-git-fffe7d841c.sock'), ('TERM_PROGRAM', 'vscode'), ('ROS_DOMAIN_ID', '10'), ('AMENT_PREFIX_PATH', '/home/ibrahim/RobotArmExpanded/install/main_arm_package:/home/ibrahim/RobotArmExpanded/install/action_interfaces:/home/ibrahim/RobotArm/install/main_arm_package:/home/ibrahim/RobotArm/install/action_interfaces:/home/ibrahim/TF2Sample/install/tf2sim:/home/ibrahim/RobotNav/install/main_robot_nodes:/home/ibrahim/RobotNav/install/action_interfaces:/home/ibrahim/RobotMonitor/install/Robot3Node_Package:/home/ibrahim/ros2_ws/install/my_first_package:/home/ibrahim/ros2_ws/install/action_interfaces:/opt/ros/humble'), ('SHELL', '/bin/bash'), ('LESSCLOSE', '/usr/bin/lesspipe %s %s'), ('VSCODE_GIT_ASKPASS_EXTRA_ARGS', ''), ('PWD', '/home/ibrahim/RobotArmExpanded/build/main_arm_package'), ('XDG_DATA_DIRS', '/usr/local/share:/usr/share:/var/lib/snapd/desktop'), ('PYTHONPATH', '/home/ibrahim/RobotArmExpanded/install/action_interfaces/local/lib/python3.10/dist-packages:/home/ibrahim/RobotArm/install/action_interfaces/local/lib/python3.10/dist-packages:/home/ibrahim/RobotNav/install/action_interfaces/local/lib/python3.10/dist-packages:/home/ibrahim/ros2_ws/install/action_interfaces/local/lib/python3.10/dist-packages:/opt/ros/humble/lib/python3.10/site-packages:/opt/ros/humble/local/lib/python3.10/dist-packages'), ('COLCON', '1'), ('WSL2_GUI_APPS_ENABLED', '1'), ('HOSTTYPE', 'x86_64'), ('CMAKE_PREFIX_PATH', '/home/ibrahim/RobotArmExpanded/install/action_interfaces:/home/ibrahim/RobotArmExpanded/install/main_arm_package:/home/ibrahim/TF2Sample/install/tf2sim:/home/ibrahim/RobotNav/install/main_robot_nodes:/home/ibrahim/RobotNav/install/action_interfaces:/home/ibrahim/RobotMonitor/install/Robot3Node_Package:/home/ibrahim/ros2_ws/install/my_first_package:/home/ibrahim/ros2_ws/install/action_interfaces:/home/ibrahim/RobotArm/install/main_arm_package:/home/ibrahim/RobotArm/install/action_interfaces:/opt/ros/humble'), ('WSLENV', 'VSCODE_WSL_EXT_LOCATION/up')]), 'shell': False}
[25.700868] (-) TimerEvent: {}
[25.710394] (main_arm_package) StdoutLine: {'line': b'-- Install configuration: ""\n'}
[25.710803] (main_arm_package) StdoutLine: {'line': b'-- Installing: /home/ibrahim/RobotArmExpanded/install/main_arm_package/lib/main_arm_package/ArmController\n'}
[25.722602] (main_arm_package) StdoutLine: {'line': b'-- Set runtime path of "/home/ibrahim/RobotArmExpanded/install/main_arm_package/lib/main_arm_package/ArmController" to ""\n'}
[25.722962] (main_arm_package) StdoutLine: {'line': b'-- Up-to-date: /home/ibrahim/RobotArmExpanded/install/main_arm_package/lib/main_arm_package/ArmMonitor\n'}
[25.723370] (main_arm_package) StdoutLine: {'line': b'-- Up-to-date: /home/ibrahim/RobotArmExpanded/install/main_arm_package/lib/main_arm_package/ArmMover\n'}
[25.723825] (main_arm_package) StdoutLine: {'line': b'-- Up-to-date: /home/ibrahim/RobotArmExpanded/install/main_arm_package/lib/main_arm_package/ArmClient\n'}
[25.724254] (main_arm_package) StdoutLine: {'line': b'-- Up-to-date: /home/ibrahim/RobotArmExpanded/install/main_arm_package/lib/main_arm_package/TaskPlanner\n'}
[25.724619] (main_arm_package) StdoutLine: {'line': b'-- Up-to-date: /home/ibrahim/RobotArmExpanded/install/main_arm_package/share/main_arm_package/launch\n'}
[25.724691] (main_arm_package) StdoutLine: {'line': b'-- Up-to-date: /home/ibrahim/RobotArmExpanded/install/main_arm_package/share/main_arm_package/launch/display.launch.py\n'}
[25.724770] (main_arm_package) StdoutLine: {'line': b'-- Installing: /home/ibrahim/RobotArmExpanded/install/main_arm_package/share/main_arm_package/launch/gazebo.launch.py\n'}
[25.724987] (main_arm_package) StdoutLine: {'line': b'-- Up-to-date: /home/ibrahim/RobotArmExpanded/install/main_arm_package/share/main_arm_package/launch/launch.py\n'}
[25.725308] (main_arm_package) StdoutLine: {'line': b'-- Up-to-date: /home/ibrahim/RobotArmExpanded/install/main_arm_package/share/main_arm_package/urdf\n'}
[25.725408] (main_arm_package) StdoutLine: {'line': b'-- Up-to-date: /home/ibrahim/RobotArmExpanded/install/main_arm_package/share/main_arm_package/urdf/arm.urdf\n'}
[25.725507] (main_arm_package) StdoutLine: {'line': b'-- Up-to-date: /home/ibrahim/RobotArmExpanded/install/main_arm_package/share/main_arm_package/rviz\n'}
[25.725562] (main_arm_package) StdoutLine: {'line': b'-- Up-to-date: /home/ibrahim/RobotArmExpanded/install/main_arm_package/share/main_arm_package/rviz/arm.rviz\n'}
[25.725630] (main_arm_package) StdoutLine: {'line': b'-- Installing: /home/ibrahim/RobotArmExpanded/install/main_arm_package/share/main_arm_package/config\n'}
[25.725907] (main_arm_package) StdoutLine: {'line': b'-- Installing: /home/ibrahim/RobotArmExpanded/install/main_arm_package/share/main_arm_package/config/controllers.yaml\n'}
[25.726146] (main_arm_package) StdoutLine: {'line': b'-- Up-to-date: /home/ibrahim/RobotArmExpanded/install/main_arm_package/share/main_arm_package/worlds\n'}
[25.726538] (main_arm_package) StdoutLine: {'line': b'-- Up-to-date: /home/ibrahim/RobotArmExpanded/install/main_arm_package/share/main_arm_package/worlds/my_world.sdf\n'}
[25.727228] (main_arm_package) StdoutLine: {'line': b'-- Installing: /home/ibrahim/RobotArmExpanded/install/main_arm_package/share/ament_index/resource_index/package_run_dependencies/main_arm_package\n'}
[25.727571] (main_arm_package) StdoutLine: {'line': b'-- Up-to-date: /home/ibrahim/RobotArmExpanded/install/main_arm_package/share/ament_index/resource_index/parent_prefix_path/main_arm_package\n'}
[25.727742] (main_arm_package) StdoutLine: {'line': b'-- Up-to-date: /home/ibrahim/RobotArmExpanded/install/main_arm_package/share/main_arm_package/environment/ament_prefix_path.sh\n'}
[25.727903] (main_arm_package) StdoutLine: {'line': b'-- Installing: /home/ibrahim/RobotArmExpanded/install/main_arm_package/share/main_arm_package/environment/ament_prefix_path.dsv\n'}
[25.728029] (main_arm_package) StdoutLine: {'line': b'-- Up-to-date: /home/ibrahim/RobotArmExpanded/install/main_arm_package/share/main_arm_package/environment/path.sh\n'}
[25.728230] (main_arm_package) StdoutLine: {'line': b'-- Installing: /home/ibrahim/RobotArmExpanded/install/main_arm_package/share/main_arm_package/environment/path.dsv\n'}
[25.728684] (main_arm_package) StdoutLine: {'line': b'-- Up-to-date: /home/ibrahim/RobotArmExpanded/install/main_arm_package/share/main_arm_package/local_setup.bash\n'}
[25.728873] (main_arm_package) StdoutLine: {'line': b'-- Up-to-date: /home/ibrahim/RobotArmExpanded/install/main_arm_package/share/main_arm_package/local_setup.sh\n'}
[25.728971] (main_arm_package) StdoutLine: {'line': b'-- Up-to-date: /home/ibrahim/RobotArmExpanded/install/main_arm_package/share/main_arm_package/local_setup.zsh\n'}
[25.729238] (main_arm_package) StdoutLine: {'line': b'-- Installing: /home/ibrahim/RobotArmExpanded/install/main_arm_package/share/main_arm_package/local_setup.dsv\n'}
[25.729481] (main_arm_package) StdoutLine: {'line': b'-- Installing: /home/ibrahim/RobotArmExpanded/install/main_arm_package/share/main_arm_package/package.dsv\n'}
[25.729566] (main_arm_package) StdoutLine: {'line': b'-- Up-to-date: /home/ibrahim/RobotArmExpanded/install/main_arm_package/share/ament_index/resource_index/packages/main_arm_package\n'}
[25.729757] (main_arm_package) StdoutLine: {'line': b'-- Up-to-date: /home/ibrahim/RobotArmExpanded/install/main_arm_package/share/main_arm_package/cmake/main_arm_packageConfig.cmake\n'}
[25.729828] (main_arm_package) StdoutLine: {'line': b'-- Up-to-date: /home/ibrahim/RobotArmExpanded/install/main_arm_package/share/main_arm_package/cmake/main_arm_packageConfig-version.cmake\n'}
[25.729890] (main_arm_package) StdoutLine: {'line': b'-- Installing: /home/ibrahim/RobotArmExpanded/install/main_arm_package/share/main_arm_package/package.xml\n'}
[25.732416] (main_arm_package) CommandEnded: {'returncode': 0}
[25.747087] (main_arm_package) JobEnded: {'identifier': 'main_arm_package', 'rc': 0}
[25.748513] (-) EventReactorShutdown: {}
