[0.000000] (-) TimerEvent: {}
[0.000825] (action_interfaces) JobQueued: {'identifier': 'action_interfaces', 'dependencies': OrderedDict()}
[0.000883] (main_arm_package) JobQueued: {'identifier': 'main_arm_package', 'dependencies': OrderedDict([('action_interfaces', '/home/ibrahim/RobotArmExpanded/install/action_interfaces')])}
[0.001005] (action_interfaces) JobStarted: {'identifier': 'action_interfaces'}
[0.014038] (action_interfaces) JobProgress: {'identifier': 'action_interfaces', 'progress': 'cmake'}
[0.015130] (action_interfaces) JobProgress: {'identifier': 'action_interfaces', 'progress': 'build'}
[0.015694] (action_interfaces) Command: {'cmd': ['/usr/bin/cmake', '--build', '/home/ibrahim/RobotArmExpanded/build/action_interfaces', '--', '-j16', '-l16'], 'cwd': '/home/ibrahim/RobotArmExpanded/build/action_interfaces', 'env': OrderedDict([('PYTHON_BASIC_REPL', '1'), ('LESSOPEN', '| /usr/bin/lesspipe %s'), ('USER', 'ibrahim'), ('GIT_ASKPASS', '/home/ibrahim/.vscode-server/bin/0958016b2af9f09bb4257e0df4a95e2f90590f9f/extensions/git/dist/askpass.sh'), ('SHLVL', '1'), ('LD_LIBRARY_PATH', '/home/ibrahim/RobotArmExpanded/install/action_interfaces/lib:/home/ibrahim/RobotArm/install/action_interfaces/lib:/home/ibrahim/RobotNav/install/action_interfaces/lib:/home/ibrahim/ros2_ws/install/action_interfaces/lib:/usr/lib/x86_64-linux-gnu/gazebo-11/plugins:/opt/ros/humble/opt/rviz_ogre_vendor/lib:/opt/ros/humble/lib/x86_64-linux-gnu:/opt/ros/humble/lib'), ('HOME', '/home/ibrahim'), ('OLDPWD', '/home/ibrahim/RobotArmExpanded'), ('TERM_PROGRAM_VERSION', '1.120.0'), ('VSCODE_IPC_HOOK_CLI', '/run/user/1000/vscode-ipc-32817913-6766-4ff9-82d5-536fa367fc96.sock'), ('ROS_PYTHON_VERSION', '3'), ('VSCODE_GIT_ASKPASS_MAIN', '/home/ibrahim/.vscode-server/bin/0958016b2af9f09bb4257e0df4a95e2f90590f9f/extensions/git/dist/askpass-main.js'), ('VSCODE_GIT_ASKPASS_NODE', '/home/ibrahim/.vscode-server/bin/0958016b2af9f09bb4257e0df4a95e2f90590f9f/node'), ('PYDEVD_DISABLE_FILE_VALIDATION', '1'), ('BUNDLED_DEBUGPY_PATH', '/home/ibrahim/.vscode-server/extensions/ms-python.debugpy-2026.6.0-linux-x64/bundled/libs/debugpy'), ('VSCODE_PYTHON_AUTOACTIVATE_GUARD', '1'), ('DBUS_SESSION_BUS_ADDRESS', 'unix:path=/run/user/1000/bus'), ('COLORTERM', 'truecolor'), ('WSL_DISTRO_NAME', 'Ubuntu-22.04'), ('WAYLAND_DISPLAY', 'wayland-0'), ('COLCON_PREFIX_PATH', '/home/ibrahim/RobotArmExpanded/install:/home/ibrahim/RobotArm/install:/home/ibrahim/TF2Sample/install:/home/ibrahim/RobotNav/install:/home/ibrahim/RobotMonitor/install:/home/ibrahim/ros2_ws/install'), ('ROS_DISTRO', 'humble'), ('LOGNAME', 'ibrahim'), ('NAME', 'Ibrahim-laptop'), ('WSL_INTEROP', '/run/WSL/430_interop'), ('PULSE_SERVER', 'unix:/mnt/wslg/PulseServer'), ('_', '/usr/bin/colcon'), ('ROS_VERSION', '2'), ('CLAUDE_CODE_SSE_PORT', '51143'), ('TERM', 'xterm-256color'), ('ROS_LOCALHOST_ONLY', '0'), ('PATH', '/home/ibrahim/.vscode-server/data/User/globalStorage/github.copilot-chat/debugCommand:/home/ibrahim/.vscode-server/data/User/globalStorage/github.copilot-chat/copilotCli:/home/ibrahim/.vscode-server/bin/0958016b2af9f09bb4257e0df4a95e2f90590f9f/bin/remote-cli:/opt/ros/humble/bin:/usr/local/sbin:/usr/local/bin:/usr/sbin:/usr/bin:/sbin:/bin:/usr/games:/usr/local/games:/usr/lib/wsl/lib:/mnt/c/Users/zanto/AppData/Local/Programs/Microsoft VS Code:/mnt/c/Windows/system32:/mnt/c/Windows:/mnt/c/Windows/System32/Wbem:/mnt/c/Windows/System32/WindowsPowerShell/v1.0/:/mnt/c/Windows/System32/OpenSSH/:/mnt/c/Program Files (x86)/NVIDIA Corporation/PhysX/Common:/mnt/c/Program Files/NVIDIA Corporation/NVIDIA App/NvDLISR:/mnt/c/Program Files/dotnet/:/mnt/c/Program Files/nodejs/:/mnt/c/Program Files/Git/cmd:/mnt/c/Program Files/PostgreSQL/18/bin:/mnt/c/Users/zanto/.local/bin:/mnt/c/Program Files/Docker/Docker/resources/bin:/mnt/c/Program Files/GitHub CLI/:/mnt/c/Users/zanto/AppData/Local/Programs/Python/Python312/Scripts/:/mnt/c/Users/zanto/AppData/Local/Programs/Python/Python312/:/mnt/c/Users/zanto/AppData/Local/Programs/Python/Python314/Scripts/:/mnt/c/Users/zanto/AppData/Local/Programs/Python/Python314/:/mnt/c/Users/zanto/AppData/Local/Microsoft/WindowsApps:/mnt/c/Users/zanto/AppData/Local/Programs/Microsoft VS Code/bin:/mnt/c/Users/zanto/AppData/Local/Programs/Ollama:/mnt/c/Users/zanto/AppData/Roaming/npm:/mnt/c/msys64/ucrt64/bin:/snap/bin:/home/ibrahim/.vscode-server/extensions/ms-python.debugpy-2026.6.0-linux-x64/bundled/scripts/noConfigScripts'), ('XDG_RUNTIME_DIR', '/run/user/1000/'), ('DISPLAY', ':0'), ('VSCODE_DEBUGPY_ADAPTER_ENDPOINTS', '/home/ibrahim/.vscode-server/extensions/ms-python.debugpy-2026.6.0-linux-x64/.noConfigDebugAdapterEndpoints/endpoint-8cc6ed390c99180e.txt'), ('LANG', 'C.UTF-8'), ('PYTHONSTARTUP', '/home/ibrahim/.vscode-server/data/User/workspaceStorage/e80122f58dd8365232b0ea725993d05e/ms-python.python/pythonrc.py'), ('LS_COLORS', 'rs=0:di=01;34:ln=01;36:mh=00:pi=40;33:so=01;35:do=01;35:bd=40;33;01:cd=40;33;01:or=40;31;01:mi=00:su=37;41:sg=30;43:ca=30;41:tw=30;42:ow=34;42:st=37;44:ex=01;32:*.tar=01;31:*.tgz=01;31:*.arc=01;31:*.arj=01;31:*.taz=01;31:*.lha=01;31:*.lz4=01;31:*.lzh=01;31:*.lzma=01;31:*.tlz=01;31:*.txz=01;31:*.tzo=01;31:*.t7z=01;31:*.zip=01;31:*.z=01;31:*.dz=01;31:*.gz=01;31:*.lrz=01;31:*.lz=01;31:*.lzo=01;31:*.xz=01;31:*.zst=01;31:*.tzst=01;31:*.bz2=01;31:*.bz=01;31:*.tbz=01;31:*.tbz2=01;31:*.tz=01;31:*.deb=01;31:*.rpm=01;31:*.jar=01;31:*.war=01;31:*.ear=01;31:*.sar=01;31:*.rar=01;31:*.alz=01;31:*.ace=01;31:*.zoo=01;31:*.cpio=01;31:*.7z=01;31:*.rz=01;31:*.cab=01;31:*.wim=01;31:*.swm=01;31:*.dwm=01;31:*.esd=01;31:*.jpg=01;35:*.jpeg=01;35:*.mjpg=01;35:*.mjpeg=01;35:*.gif=01;35:*.bmp=01;35:*.pbm=01;35:*.pgm=01;35:*.ppm=01;35:*.tga=01;35:*.xbm=01;35:*.xpm=01;35:*.tif=01;35:*.tiff=01;35:*.png=01;35:*.svg=01;35:*.svgz=01;35:*.mng=01;35:*.pcx=01;35:*.mov=01;35:*.mpg=01;35:*.mpeg=01;35:*.m2v=01;35:*.mkv=01;35:*.webm=01;35:*.webp=01;35:*.ogm=01;35:*.mp4=01;35:*.m4v=01;35:*.mp4v=01;35:*.vob=01;35:*.qt=01;35:*.nuv=01;35:*.wmv=01;35:*.asf=01;35:*.rm=01;35:*.rmvb=01;35:*.flc=01;35:*.avi=01;35:*.fli=01;35:*.flv=01;35:*.gl=01;35:*.dl=01;35:*.xcf=01;35:*.xwd=01;35:*.yuv=01;35:*.cgm=01;35:*.emf=01;35:*.ogv=01;35:*.ogx=01;35:*.aac=00;36:*.au=00;36:*.flac=00;36:*.m4a=00;36:*.mid=00;36:*.midi=00;36:*.mka=00;36:*.mp3=00;36:*.mpc=00;36:*.ogg=00;36:*.ra=00;36:*.wav=00;36:*.oga=00;36:*.opus=00;36:*.spx=00;36:*.xspf=00;36:'), ('VSCODE_GIT_IPC_HANDLE', '/run/user/1000/vscode-git-fffe7d841c.sock'), ('TERM_PROGRAM', 'vscode'), ('ROS_DOMAIN_ID', '10'), ('AMENT_PREFIX_PATH', '/home/ibrahim/RobotArmExpanded/install/main_arm_package:/home/ibrahim/RobotArmExpanded/install/action_interfaces:/home/ibrahim/RobotArm/install/main_arm_package:/home/ibrahim/RobotArm/install/action_interfaces:/home/ibrahim/TF2Sample/install/tf2sim:/home/ibrahim/RobotNav/install/main_robot_nodes:/home/ibrahim/RobotNav/install/action_interfaces:/home/ibrahim/RobotMonitor/install/Robot3Node_Package:/home/ibrahim/ros2_ws/install/my_first_package:/home/ibrahim/ros2_ws/install/action_interfaces:/opt/ros/humble'), ('SHELL', '/bin/bash'), ('LESSCLOSE', '/usr/bin/lesspipe %s %s'), ('VSCODE_GIT_ASKPASS_EXTRA_ARGS', ''), ('PWD', '/home/ibrahim/RobotArmExpanded/build/action_interfaces'), ('XDG_DATA_DIRS', '/usr/local/share:/usr/share:/var/lib/snapd/desktop'), ('PYTHONPATH', '/home/ibrahim/RobotArmExpanded/install/action_interfaces/local/lib/python3.10/dist-packages:/home/ibrahim/RobotArm/install/action_interfaces/local/lib/python3.10/dist-packages:/home/ibrahim/RobotNav/install/action_interfaces/local/lib/python3.10/dist-packages:/home/ibrahim/ros2_ws/install/action_interfaces/local/lib/python3.10/dist-packages:/opt/ros/humble/lib/python3.10/site-packages:/opt/ros/humble/local/lib/python3.10/dist-packages'), ('COLCON', '1'), ('WSL2_GUI_APPS_ENABLED', '1'), ('HOSTTYPE', 'x86_64'), ('CMAKE_PREFIX_PATH', '/home/ibrahim/RobotArmExpanded/install/main_arm_package:/home/ibrahim/RobotArmExpanded/install/action_interfaces:/home/ibrahim/TF2Sample/install/tf2sim:/home/ibrahim/RobotNav/install/main_robot_nodes:/home/ibrahim/RobotNav/install/action_interfaces:/home/ibrahim/RobotMonitor/install/Robot3Node_Package:/home/ibrahim/ros2_ws/install/my_first_package:/home/ibrahim/ros2_ws/install/action_interfaces:/home/ibrahim/RobotArm/install/main_arm_package:/home/ibrahim/RobotArm/install/action_interfaces:/opt/ros/humble'), ('WSLENV', 'VSCODE_WSL_EXT_LOCATION/up')]), 'shell': False}
[0.099914] (-) TimerEvent: {}
[0.153567] (action_interfaces) StdoutLine: {'line': b'-- Found ament_cmake: 1.3.14 (/opt/ros/humble/share/ament_cmake/cmake)\n'}
[0.200006] (-) TimerEvent: {}
[0.292296] (action_interfaces) StdoutLine: {'line': b'-- Found rosidl_default_generators: 1.2.1 (/opt/ros/humble/share/rosidl_default_generators/cmake)\n'}
[0.296870] (action_interfaces) StdoutLine: {'line': b'-- Using all available rosidl_typesupport_c: rosidl_typesupport_fastrtps_c;rosidl_typesupport_introspection_c\n'}
[0.300073] (-) TimerEvent: {}
[0.300401] (action_interfaces) StdoutLine: {'line': b'-- Found rosidl_adapter: 3.1.8 (/opt/ros/humble/share/rosidl_adapter/cmake)\n'}
[0.400204] (-) TimerEvent: {}
[0.462090] (action_interfaces) StdoutLine: {'line': b'-- Using all available rosidl_typesupport_cpp: rosidl_typesupport_fastrtps_cpp;rosidl_typesupport_introspection_cpp\n'}
[0.500303] (-) TimerEvent: {}
[0.600652] (-) TimerEvent: {}
[0.701005] (-) TimerEvent: {}
[0.754228] (action_interfaces) StdoutLine: {'line': b'-- Found ament_cmake_ros: 0.10.0 (/opt/ros/humble/share/ament_cmake_ros/cmake)\n'}
[0.801115] (-) TimerEvent: {}
[0.900609] (action_interfaces) StdoutLine: {'line': b'-- Using all available rosidl_typesupport_c: rosidl_typesupport_fastrtps_c;rosidl_typesupport_introspection_c\n'}
[0.901202] (-) TimerEvent: {}
[1.001464] (-) TimerEvent: {}
[1.095879] (action_interfaces) StdoutLine: {'line': b'-- Using all available rosidl_typesupport_cpp: rosidl_typesupport_fastrtps_cpp;rosidl_typesupport_introspection_cpp\n'}
[1.101544] (-) TimerEvent: {}
[1.113312] (action_interfaces) StdoutLine: {'line': b'-- Found python_cmake_module: 0.10.0 (/opt/ros/humble/share/python_cmake_module/cmake)\n'}
[1.135959] (action_interfaces) StdoutLine: {'line': b'-- Using PYTHON_EXECUTABLE: /usr/bin/python3\n'}
[1.136191] (action_interfaces) StdoutLine: {'line': b'-- Using PYTHON_INCLUDE_DIRS: /usr/include/python3.10\n'}
[1.136286] (action_interfaces) StdoutLine: {'line': b'-- Using PYTHON_LIBRARIES: /usr/lib/x86_64-linux-gnu/libpython3.10.so\n'}
[1.200561] (action_interfaces) StdoutLine: {'line': b'-- Found ament_lint_auto: 0.12.15 (/opt/ros/humble/share/ament_lint_auto/cmake)\n'}
[1.201584] (-) TimerEvent: {}
[1.230591] (action_interfaces) StdoutLine: {'line': b"-- Added test 'lint_cmake' to check CMake code style\n"}
[1.232887] (action_interfaces) StdoutLine: {'line': b"-- Added test 'xmllint' to check XML markup files\n"}
[1.237858] (action_interfaces) StdoutLine: {'line': b'-- Configuring done\n'}
[1.301717] (-) TimerEvent: {}
[1.321231] (action_interfaces) StdoutLine: {'line': b'-- Generating done\n'}
[1.335307] (action_interfaces) StdoutLine: {'line': b'-- Build files have been written to: /home/ibrahim/RobotArmExpanded/build/action_interfaces\n'}
[1.370997] (action_interfaces) StdoutLine: {'line': b'[  1%] \x1b[34m\x1b[1mGenerating C code for ROS interfaces\x1b[0m\n'}
[1.382888] (action_interfaces) StdoutLine: {'line': b'[  3%] \x1b[34m\x1b[1mGenerating C++ code for ROS interfaces\x1b[0m\n'}
[1.384253] (action_interfaces) StdoutLine: {'line': b'[  5%] \x1b[34m\x1b[1mGenerating Rust code for ROS interfaces\x1b[0m\n'}
[1.401837] (-) TimerEvent: {}
[1.406194] (action_interfaces) StdoutLine: {'line': b'[  5%] Built target ament_cmake_python_copy_action_interfaces\n'}
[1.501960] (-) TimerEvent: {}
[1.602369] (-) TimerEvent: {}
[1.604952] (action_interfaces) StdoutLine: {'line': b'running egg_info\n'}
[1.605744] (action_interfaces) StdoutLine: {'line': b'writing action_interfaces.egg-info/PKG-INFO\n'}
[1.606249] (action_interfaces) StdoutLine: {'line': b'writing dependency_links to action_interfaces.egg-info/dependency_links.txt\n'}
[1.606456] (action_interfaces) StdoutLine: {'line': b'writing top-level names to action_interfaces.egg-info/top_level.txt\n'}
[1.609859] (action_interfaces) StdoutLine: {'line': b"reading manifest file 'action_interfaces.egg-info/SOURCES.txt'\n"}
[1.610881] (action_interfaces) StdoutLine: {'line': b"writing manifest file 'action_interfaces.egg-info/SOURCES.txt'\n"}
[1.628878] (action_interfaces) StdoutLine: {'line': b'[  5%] Built target action_interfaces__rs\n'}
[1.644596] (action_interfaces) StdoutLine: {'line': b'[  5%] Built target ament_cmake_python_build_action_interfaces_egg\n'}
[1.702480] (-) TimerEvent: {}
[1.797271] (action_interfaces) StdoutLine: {'line': b'\x1b[35m\x1b[1mConsolidate compiler generated dependencies of target action_interfaces__rosidl_generator_c\x1b[0m\n'}
[1.802680] (-) TimerEvent: {}
[1.812023] (action_interfaces) StdoutLine: {'line': b'[  8%] \x1b[32mBuilding C object CMakeFiles/action_interfaces__rosidl_generator_c.dir/rosidl_generator_c/action_interfaces/msg/detail/arm_command__functions.c.o\x1b[0m\n'}
[1.812251] (action_interfaces) StdoutLine: {'line': b'[  8%] \x1b[32mBuilding C object CMakeFiles/action_interfaces__rosidl_generator_c.dir/rosidl_generator_c/action_interfaces/msg/detail/arm_state__functions.c.o\x1b[0m\n'}
[1.812374] (action_interfaces) StdoutLine: {'line': b'[ 10%] \x1b[32mBuilding C object CMakeFiles/action_interfaces__rosidl_generator_c.dir/rosidl_generator_c/action_interfaces/srv/detail/check_limits__functions.c.o\x1b[0m\n'}
[1.813768] (action_interfaces) StdoutLine: {'line': b'[ 12%] \x1b[32mBuilding C object CMakeFiles/action_interfaces__rosidl_generator_c.dir/rosidl_generator_c/action_interfaces/action/detail/move_arm__functions.c.o\x1b[0m\n'}
[1.815641] (action_interfaces) StdoutLine: {'line': b'[ 12%] Built target action_interfaces__cpp\n'}
[1.829999] (action_interfaces) StdoutLine: {'line': b'[ 17%] \x1b[34m\x1b[1mGenerating C++ type support dispatch for ROS interfaces\x1b[0m\n'}
[1.830519] (action_interfaces) StdoutLine: {'line': b'[ 17%] \x1b[34m\x1b[1mGenerating C++ type support for eProsima Fast-RTPS\x1b[0m\n'}
[1.830616] (action_interfaces) StdoutLine: {'line': b'[ 17%] \x1b[34m\x1b[1mGenerating C++ introspection for ROS interfaces\x1b[0m\n'}
[1.902777] (-) TimerEvent: {}
[1.977070] (action_interfaces) StdoutLine: {'line': b'[ 19%] \x1b[32m\x1b[1mLinking C shared library libaction_interfaces__rosidl_generator_c.so\x1b[0m\n'}
[2.002856] (-) TimerEvent: {}
[2.103185] (-) TimerEvent: {}
[2.107261] (action_interfaces) StdoutLine: {'line': b'[ 19%] Built target action_interfaces__rosidl_generator_c\n'}
[2.108847] (action_interfaces) StdoutLine: {'line': b'\x1b[35m\x1b[1mConsolidate compiler generated dependencies of target action_interfaces__rosidl_typesupport_cpp\x1b[0m\n'}
[2.118917] (action_interfaces) StdoutLine: {'line': b'[ 21%] \x1b[34m\x1b[1mGenerating C type support for eProsima Fast-RTPS\x1b[0m\n'}
[2.119164] (action_interfaces) StdoutLine: {'line': b'[ 23%] \x1b[34m\x1b[1mGenerating C introspection for ROS interfaces\x1b[0m\n'}
[2.119839] (action_interfaces) StdoutLine: {'line': b'[ 25%] \x1b[34m\x1b[1mGenerating C type support dispatch for ROS interfaces\x1b[0m\n'}
[2.129366] (action_interfaces) StdoutLine: {'line': b'[ 30%] \x1b[32mBuilding CXX object CMakeFiles/action_interfaces__rosidl_typesupport_cpp.dir/rosidl_typesupport_cpp/action_interfaces/msg/arm_state__type_support.cpp.o\x1b[0m\n'}
[2.129612] (action_interfaces) StdoutLine: {'line': b'[ 30%] \x1b[32mBuilding CXX object CMakeFiles/action_interfaces__rosidl_typesupport_cpp.dir/rosidl_typesupport_cpp/action_interfaces/msg/arm_command__type_support.cpp.o\x1b[0m\n'}
[2.129697] (action_interfaces) StdoutLine: {'line': b'[ 30%] \x1b[32mBuilding CXX object CMakeFiles/action_interfaces__rosidl_typesupport_cpp.dir/rosidl_typesupport_cpp/action_interfaces/srv/check_limits__type_support.cpp.o\x1b[0m\n'}
[2.134643] (action_interfaces) StdoutLine: {'line': b'[ 32%] \x1b[32mBuilding CXX object CMakeFiles/action_interfaces__rosidl_typesupport_cpp.dir/rosidl_typesupport_cpp/action_interfaces/action/move_arm__type_support.cpp.o\x1b[0m\n'}
[2.169366] (action_interfaces) StdoutLine: {'line': b'\x1b[35m\x1b[1mConsolidate compiler generated dependencies of target action_interfaces__rosidl_typesupport_introspection_cpp\x1b[0m\n'}
[2.189653] (action_interfaces) StdoutLine: {'line': b'[ 35%] \x1b[32mBuilding CXX object CMakeFiles/action_interfaces__rosidl_typesupport_introspection_cpp.dir/rosidl_typesupport_introspection_cpp/action_interfaces/msg/detail/arm_state__type_support.cpp.o\x1b[0m\n'}
[2.189877] (action_interfaces) StdoutLine: {'line': b'[ 35%] \x1b[32mBuilding CXX object CMakeFiles/action_interfaces__rosidl_typesupport_introspection_cpp.dir/rosidl_typesupport_introspection_cpp/action_interfaces/msg/detail/arm_command__type_support.cpp.o\x1b[0m\n'}
[2.190366] (action_interfaces) StdoutLine: {'line': b'[ 37%] \x1b[32mBuilding CXX object CMakeFiles/action_interfaces__rosidl_typesupport_introspection_cpp.dir/rosidl_typesupport_introspection_cpp/action_interfaces/srv/detail/check_limits__type_support.cpp.o\x1b[0m\n'}
[2.190542] (action_interfaces) StdoutLine: {'line': b'[ 39%] \x1b[32mBuilding CXX object CMakeFiles/action_interfaces__rosidl_typesupport_introspection_cpp.dir/rosidl_typesupport_introspection_cpp/action_interfaces/action/detail/move_arm__type_support.cpp.o\x1b[0m\n'}
[2.203334] (-) TimerEvent: {}
[2.258153] (action_interfaces) StdoutLine: {'line': b'\x1b[35m\x1b[1mConsolidate compiler generated dependencies of target action_interfaces__rosidl_typesupport_fastrtps_cpp\x1b[0m\n'}
[2.285606] (action_interfaces) StdoutLine: {'line': b'[ 42%] \x1b[32mBuilding CXX object CMakeFiles/action_interfaces__rosidl_typesupport_fastrtps_cpp.dir/rosidl_typesupport_fastrtps_cpp/action_interfaces/msg/detail/dds_fastrtps/arm_state__type_support.cpp.o\x1b[0m\n'}
[2.285928] (action_interfaces) StdoutLine: {'line': b'[ 42%] \x1b[32mBuilding CXX object CMakeFiles/action_interfaces__rosidl_typesupport_fastrtps_cpp.dir/rosidl_typesupport_fastrtps_cpp/action_interfaces/msg/detail/dds_fastrtps/arm_command__type_support.cpp.o\x1b[0m\n'}
[2.286090] (action_interfaces) StdoutLine: {'line': b'[ 44%] \x1b[32mBuilding CXX object CMakeFiles/action_interfaces__rosidl_typesupport_fastrtps_cpp.dir/rosidl_typesupport_fastrtps_cpp/action_interfaces/srv/detail/dds_fastrtps/check_limits__type_support.cpp.o\x1b[0m\n'}
[2.286782] (action_interfaces) StdoutLine: {'line': b'[ 46%] \x1b[32mBuilding CXX object CMakeFiles/action_interfaces__rosidl_typesupport_fastrtps_cpp.dir/rosidl_typesupport_fastrtps_cpp/action_interfaces/action/detail/dds_fastrtps/move_arm__type_support.cpp.o\x1b[0m\n'}
[2.303455] (-) TimerEvent: {}
[2.406170] (-) TimerEvent: {}
[2.506531] (-) TimerEvent: {}
[2.568159] (action_interfaces) StdoutLine: {'line': b'\x1b[35m\x1b[1mConsolidate compiler generated dependencies of target action_interfaces__rosidl_typesupport_c\x1b[0m\n'}
[2.583823] (action_interfaces) StdoutLine: {'line': b'[ 48%] \x1b[32mBuilding CXX object CMakeFiles/action_interfaces__rosidl_typesupport_c.dir/rosidl_typesupport_c/action_interfaces/msg/arm_state__type_support.cpp.o\x1b[0m\n'}
[2.584070] (action_interfaces) StdoutLine: {'line': b'[ 50%] \x1b[32mBuilding CXX object CMakeFiles/action_interfaces__rosidl_typesupport_c.dir/rosidl_typesupport_c/action_interfaces/msg/arm_command__type_support.cpp.o\x1b[0m\n'}
[2.584143] (action_interfaces) StdoutLine: {'line': b'[ 51%] \x1b[32mBuilding CXX object CMakeFiles/action_interfaces__rosidl_typesupport_c.dir/rosidl_typesupport_c/action_interfaces/srv/check_limits__type_support.cpp.o\x1b[0m\n'}
[2.584621] (action_interfaces) StdoutLine: {'line': b'[ 53%] \x1b[32mBuilding CXX object CMakeFiles/action_interfaces__rosidl_typesupport_c.dir/rosidl_typesupport_c/action_interfaces/action/move_arm__type_support.cpp.o\x1b[0m\n'}
[2.609302] (-) TimerEvent: {}
[2.659760] (action_interfaces) StdoutLine: {'line': b'\x1b[35m\x1b[1mConsolidate compiler generated dependencies of target action_interfaces__rosidl_typesupport_introspection_c\x1b[0m\n'}
[2.674627] (action_interfaces) StdoutLine: {'line': b'[ 55%] \x1b[32m\x1b[1mLinking CXX shared library libaction_interfaces__rosidl_typesupport_c.so\x1b[0m\n'}
[2.679021] (action_interfaces) StdoutLine: {'line': b'[ 57%] \x1b[32mBuilding C object CMakeFiles/action_interfaces__rosidl_typesupport_introspection_c.dir/rosidl_typesupport_introspection_c/action_interfaces/msg/detail/arm_state__type_support.c.o\x1b[0m\n'}
[2.679340] (action_interfaces) StdoutLine: {'line': b'[ 58%] \x1b[32mBuilding C object CMakeFiles/action_interfaces__rosidl_typesupport_introspection_c.dir/rosidl_typesupport_introspection_c/action_interfaces/msg/detail/arm_command__type_support.c.o\x1b[0m\n'}
[2.685259] (action_interfaces) StdoutLine: {'line': b'[ 60%] \x1b[32mBuilding C object CMakeFiles/action_interfaces__rosidl_typesupport_introspection_c.dir/rosidl_typesupport_introspection_c/action_interfaces/action/detail/move_arm__type_support.c.o\x1b[0m\n'}
[2.690854] (action_interfaces) StdoutLine: {'line': b'[ 62%] \x1b[32mBuilding C object CMakeFiles/action_interfaces__rosidl_typesupport_introspection_c.dir/rosidl_typesupport_introspection_c/action_interfaces/srv/detail/check_limits__type_support.c.o\x1b[0m\n'}
[2.691260] (action_interfaces) StdoutLine: {'line': b'\x1b[35m\x1b[1mConsolidate compiler generated dependencies of target action_interfaces__rosidl_typesupport_fastrtps_c\x1b[0m\n'}
[2.711735] (-) TimerEvent: {}
[2.716171] (action_interfaces) StdoutLine: {'line': b'[ 64%] \x1b[32mBuilding CXX object CMakeFiles/action_interfaces__rosidl_typesupport_fastrtps_c.dir/rosidl_typesupport_fastrtps_c/action_interfaces/msg/detail/arm_state__type_support_c.cpp.o\x1b[0m\n'}
[2.716495] (action_interfaces) StdoutLine: {'line': b'[ 66%] \x1b[32mBuilding CXX object CMakeFiles/action_interfaces__rosidl_typesupport_fastrtps_c.dir/rosidl_typesupport_fastrtps_c/action_interfaces/msg/detail/arm_command__type_support_c.cpp.o\x1b[0m\n'}
[2.729012] (action_interfaces) StdoutLine: {'line': b'[ 67%] \x1b[32mBuilding CXX object CMakeFiles/action_interfaces__rosidl_typesupport_fastrtps_c.dir/rosidl_typesupport_fastrtps_c/action_interfaces/action/detail/move_arm__type_support_c.cpp.o\x1b[0m\n'}
[2.729424] (action_interfaces) StdoutLine: {'line': b'[ 69%] \x1b[32mBuilding CXX object CMakeFiles/action_interfaces__rosidl_typesupport_fastrtps_c.dir/rosidl_typesupport_fastrtps_c/action_interfaces/srv/detail/check_limits__type_support_c.cpp.o\x1b[0m\n'}
[2.770370] (action_interfaces) StdoutLine: {'line': b'[ 71%] \x1b[32m\x1b[1mLinking C shared library libaction_interfaces__rosidl_typesupport_introspection_c.so\x1b[0m\n'}
[2.811867] (-) TimerEvent: {}
[2.814824] (action_interfaces) StdoutLine: {'line': b'[ 73%] \x1b[32m\x1b[1mLinking CXX shared library libaction_interfaces__rosidl_typesupport_cpp.so\x1b[0m\n'}
[2.883643] (action_interfaces) StdoutLine: {'line': b'[ 73%] Built target action_interfaces__rosidl_typesupport_c\n'}
[2.899473] (action_interfaces) StdoutLine: {'line': b'[ 73%] Built target action_interfaces__rosidl_typesupport_introspection_c\n'}
[2.911998] (-) TimerEvent: {}
[2.925531] (action_interfaces) StdoutLine: {'line': b'[ 75%] \x1b[32m\x1b[1mLinking CXX shared library libaction_interfaces__rosidl_typesupport_introspection_cpp.so\x1b[0m\n'}
[2.942601] (action_interfaces) StdoutLine: {'line': b'[ 75%] Built target action_interfaces__rosidl_typesupport_cpp\n'}
[2.983661] (action_interfaces) StdoutLine: {'line': b'[ 76%] \x1b[32m\x1b[1mLinking CXX shared library libaction_interfaces__rosidl_typesupport_fastrtps_cpp.so\x1b[0m\n'}
[3.012135] (-) TimerEvent: {}
[3.094720] (action_interfaces) StdoutLine: {'line': b'[ 76%] Built target action_interfaces__rosidl_typesupport_introspection_cpp\n'}
[3.097751] (action_interfaces) StdoutLine: {'line': b'[ 78%] \x1b[32m\x1b[1mLinking CXX shared library libaction_interfaces__rosidl_typesupport_fastrtps_c.so\x1b[0m\n'}
[3.112247] (-) TimerEvent: {}
[3.141747] (action_interfaces) StdoutLine: {'line': b'[ 78%] Built target action_interfaces__rosidl_typesupport_fastrtps_cpp\n'}
[3.212395] (-) TimerEvent: {}
[3.231708] (action_interfaces) StdoutLine: {'line': b'[ 78%] Built target action_interfaces__rosidl_typesupport_fastrtps_c\n'}
[3.254796] (action_interfaces) StdoutLine: {'line': b'[ 78%] Built target action_interfaces\n'}
[3.275973] (action_interfaces) StdoutLine: {'line': b'[ 80%] \x1b[34m\x1b[1mGenerating Python code for ROS interfaces\x1b[0m\n'}
[3.312517] (-) TimerEvent: {}
[3.412810] (-) TimerEvent: {}
[3.513120] (-) TimerEvent: {}
[3.613445] (-) TimerEvent: {}
[3.713844] (-) TimerEvent: {}
[3.814230] (-) TimerEvent: {}
[3.914591] (-) TimerEvent: {}
[3.940539] (action_interfaces) StdoutLine: {'line': b'[ 80%] Built target action_interfaces__py\n'}
[3.957460] (action_interfaces) StdoutLine: {'line': b'\x1b[35m\x1b[1mConsolidate compiler generated dependencies of target action_interfaces__rosidl_generator_py\x1b[0m\n'}
[3.973440] (action_interfaces) StdoutLine: {'line': b'[ 85%] \x1b[32mBuilding C object CMakeFiles/action_interfaces__rosidl_generator_py.dir/rosidl_generator_py/action_interfaces/action/_move_arm_s.c.o\x1b[0m\n'}
[3.973681] (action_interfaces) StdoutLine: {'line': b'[ 85%] \x1b[32mBuilding C object CMakeFiles/action_interfaces__rosidl_generator_py.dir/rosidl_generator_py/action_interfaces/msg/_arm_state_s.c.o\x1b[0m\n'}
[3.973761] (action_interfaces) StdoutLine: {'line': b'[ 85%] \x1b[32mBuilding C object CMakeFiles/action_interfaces__rosidl_generator_py.dir/rosidl_generator_py/action_interfaces/srv/_check_limits_s.c.o\x1b[0m\n'}
[3.974416] (action_interfaces) StdoutLine: {'line': b'[ 87%] \x1b[32mBuilding C object CMakeFiles/action_interfaces__rosidl_generator_py.dir/rosidl_generator_py/action_interfaces/msg/_arm_command_s.c.o\x1b[0m\n'}
[4.014667] (-) TimerEvent: {}
[4.115016] (-) TimerEvent: {}
[4.128810] (action_interfaces) StdoutLine: {'line': b'[ 89%] \x1b[32m\x1b[1mLinking C shared library rosidl_generator_py/action_interfaces/libaction_interfaces__rosidl_generator_py.so\x1b[0m\n'}
[4.215148] (-) TimerEvent: {}
[4.243623] (action_interfaces) StdoutLine: {'line': b'[ 89%] Built target action_interfaces__rosidl_generator_py\n'}
[4.254539] (action_interfaces) StdoutLine: {'line': b'\x1b[35m\x1b[1mConsolidate compiler generated dependencies of target action_interfaces__rosidl_typesupport_c__pyext\x1b[0m\n'}
[4.254745] (action_interfaces) StdoutLine: {'line': b'\x1b[35m\x1b[1mConsolidate compiler generated dependencies of target action_interfaces__rosidl_typesupport_fastrtps_c__pyext\x1b[0m\n'}
[4.254801] (action_interfaces) StdoutLine: {'line': b'\x1b[35m\x1b[1mConsolidate compiler generated dependencies of target action_interfaces__rosidl_typesupport_introspection_c__pyext\x1b[0m\n'}
[4.268729] (action_interfaces) StdoutLine: {'line': b'[ 94%] \x1b[32mBuilding C object CMakeFiles/action_interfaces__rosidl_typesupport_c__pyext.dir/rosidl_generator_py/action_interfaces/_action_interfaces_s.ep.rosidl_typesupport_c.c.o\x1b[0m\n'}
[4.268942] (action_interfaces) StdoutLine: {'line': b'[ 94%] \x1b[32mBuilding C object CMakeFiles/action_interfaces__rosidl_typesupport_fastrtps_c__pyext.dir/rosidl_generator_py/action_interfaces/_action_interfaces_s.ep.rosidl_typesupport_fastrtps_c.c.o\x1b[0m\n'}
[4.269034] (action_interfaces) StdoutLine: {'line': b'[ 94%] \x1b[32mBuilding C object CMakeFiles/action_interfaces__rosidl_typesupport_introspection_c__pyext.dir/rosidl_generator_py/action_interfaces/_action_interfaces_s.ep.rosidl_typesupport_introspection_c.c.o\x1b[0m\n'}
[4.315273] (-) TimerEvent: {}
[4.375414] (action_interfaces) StdoutLine: {'line': b'[ 96%] \x1b[32m\x1b[1mLinking C shared library rosidl_generator_py/action_interfaces/action_interfaces_s__rosidl_typesupport_fastrtps_c.cpython-310-x86_64-linux-gnu.so\x1b[0m\n'}
[4.381144] (action_interfaces) StdoutLine: {'line': b'[100%] \x1b[32m\x1b[1mLinking C shared library rosidl_generator_py/action_interfaces/action_interfaces_s__rosidl_typesupport_introspection_c.cpython-310-x86_64-linux-gnu.so\x1b[0m\n'}
[4.381385] (action_interfaces) StdoutLine: {'line': b'[100%] \x1b[32m\x1b[1mLinking C shared library rosidl_generator_py/action_interfaces/action_interfaces_s__rosidl_typesupport_c.cpython-310-x86_64-linux-gnu.so\x1b[0m\n'}
[4.415378] (-) TimerEvent: {}
[4.462150] (action_interfaces) StdoutLine: {'line': b'[100%] Built target action_interfaces__rosidl_typesupport_introspection_c__pyext\n'}
[4.462406] (action_interfaces) StdoutLine: {'line': b'[100%] Built target action_interfaces__rosidl_typesupport_fastrtps_c__pyext\n'}
[4.471765] (action_interfaces) StdoutLine: {'line': b'[100%] Built target action_interfaces__rosidl_typesupport_c__pyext\n'}
[4.487502] (action_interfaces) CommandEnded: {'returncode': 0}
[4.488737] (action_interfaces) JobProgress: {'identifier': 'action_interfaces', 'progress': 'install'}
[4.498417] (action_interfaces) Command: {'cmd': ['/usr/bin/cmake', '--install', '/home/ibrahim/RobotArmExpanded/build/action_interfaces'], 'cwd': '/home/ibrahim/RobotArmExpanded/build/action_interfaces', 'env': OrderedDict([('PYTHON_BASIC_REPL', '1'), ('LESSOPEN', '| /usr/bin/lesspipe %s'), ('USER', 'ibrahim'), ('GIT_ASKPASS', '/home/ibrahim/.vscode-server/bin/0958016b2af9f09bb4257e0df4a95e2f90590f9f/extensions/git/dist/askpass.sh'), ('SHLVL', '1'), ('LD_LIBRARY_PATH', '/home/ibrahim/RobotArmExpanded/install/action_interfaces/lib:/home/ibrahim/RobotArm/install/action_interfaces/lib:/home/ibrahim/RobotNav/install/action_interfaces/lib:/home/ibrahim/ros2_ws/install/action_interfaces/lib:/usr/lib/x86_64-linux-gnu/gazebo-11/plugins:/opt/ros/humble/opt/rviz_ogre_vendor/lib:/opt/ros/humble/lib/x86_64-linux-gnu:/opt/ros/humble/lib'), ('HOME', '/home/ibrahim'), ('OLDPWD', '/home/ibrahim/RobotArmExpanded'), ('TERM_PROGRAM_VERSION', '1.120.0'), ('VSCODE_IPC_HOOK_CLI', '/run/user/1000/vscode-ipc-32817913-6766-4ff9-82d5-536fa367fc96.sock'), ('ROS_PYTHON_VERSION', '3'), ('VSCODE_GIT_ASKPASS_MAIN', '/home/ibrahim/.vscode-server/bin/0958016b2af9f09bb4257e0df4a95e2f90590f9f/extensions/git/dist/askpass-main.js'), ('VSCODE_GIT_ASKPASS_NODE', '/home/ibrahim/.vscode-server/bin/0958016b2af9f09bb4257e0df4a95e2f90590f9f/node'), ('PYDEVD_DISABLE_FILE_VALIDATION', '1'), ('BUNDLED_DEBUGPY_PATH', '/home/ibrahim/.vscode-server/extensions/ms-python.debugpy-2026.6.0-linux-x64/bundled/libs/debugpy'), ('VSCODE_PYTHON_AUTOACTIVATE_GUARD', '1'), ('DBUS_SESSION_BUS_ADDRESS', 'unix:path=/run/user/1000/bus'), ('COLORTERM', 'truecolor'), ('WSL_DISTRO_NAME', 'Ubuntu-22.04'), ('WAYLAND_DISPLAY', 'wayland-0'), ('COLCON_PREFIX_PATH', '/home/ibrahim/RobotArmExpanded/install:/home/ibrahim/RobotArm/install:/home/ibrahim/TF2Sample/install:/home/ibrahim/RobotNav/install:/home/ibrahim/RobotMonitor/install:/home/ibrahim/ros2_ws/install'), ('ROS_DISTRO', 'humble'), ('LOGNAME', 'ibrahim'), ('NAME', 'Ibrahim-laptop'), ('WSL_INTEROP', '/run/WSL/430_interop'), ('PULSE_SERVER', 'unix:/mnt/wslg/PulseServer'), ('_', '/usr/bin/colcon'), ('ROS_VERSION', '2'), ('CLAUDE_CODE_SSE_PORT', '51143'), ('TERM', 'xterm-256color'), ('ROS_LOCALHOST_ONLY', '0'), ('PATH', '/home/ibrahim/.vscode-server/data/User/globalStorage/github.copilot-chat/debugCommand:/home/ibrahim/.vscode-server/data/User/globalStorage/github.copilot-chat/copilotCli:/home/ibrahim/.vscode-server/bin/0958016b2af9f09bb4257e0df4a95e2f90590f9f/bin/remote-cli:/opt/ros/humble/bin:/usr/local/sbin:/usr/local/bin:/usr/sbin:/usr/bin:/sbin:/bin:/usr/games:/usr/local/games:/usr/lib/wsl/lib:/mnt/c/Users/zanto/AppData/Local/Programs/Microsoft VS Code:/mnt/c/Windows/system32:/mnt/c/Windows:/mnt/c/Windows/System32/Wbem:/mnt/c/Windows/System32/WindowsPowerShell/v1.0/:/mnt/c/Windows/System32/OpenSSH/:/mnt/c/Program Files (x86)/NVIDIA Corporation/PhysX/Common:/mnt/c/Program Files/NVIDIA Corporation/NVIDIA App/NvDLISR:/mnt/c/Program Files/dotnet/:/mnt/c/Program Files/nodejs/:/mnt/c/Program Files/Git/cmd:/mnt/c/Program Files/PostgreSQL/18/bin:/mnt/c/Users/zanto/.local/bin:/mnt/c/Program Files/Docker/Docker/resources/bin:/mnt/c/Program Files/GitHub CLI/:/mnt/c/Users/zanto/AppData/Local/Programs/Python/Python312/Scripts/:/mnt/c/Users/zanto/AppData/Local/Programs/Python/Python312/:/mnt/c/Users/zanto/AppData/Local/Programs/Python/Python314/Scripts/:/mnt/c/Users/zanto/AppData/Local/Programs/Python/Python314/:/mnt/c/Users/zanto/AppData/Local/Microsoft/WindowsApps:/mnt/c/Users/zanto/AppData/Local/Programs/Microsoft VS Code/bin:/mnt/c/Users/zanto/AppData/Local/Programs/Ollama:/mnt/c/Users/zanto/AppData/Roaming/npm:/mnt/c/msys64/ucrt64/bin:/snap/bin:/home/ibrahim/.vscode-server/extensions/ms-python.debugpy-2026.6.0-linux-x64/bundled/scripts/noConfigScripts'), ('XDG_RUNTIME_DIR', '/run/user/1000/'), ('DISPLAY', ':0'), ('VSCODE_DEBUGPY_ADAPTER_ENDPOINTS', '/home/ibrahim/.vscode-server/extensions/ms-python.debugpy-2026.6.0-linux-x64/.noConfigDebugAdapterEndpoints/endpoint-8cc6ed390c99180e.txt'), ('LANG', 'C.UTF-8'), ('PYTHONSTARTUP', '/home/ibrahim/.vscode-server/data/User/workspaceStorage/e80122f58dd8365232b0ea725993d05e/ms-python.python/pythonrc.py'), ('LS_COLORS', 'rs=0:di=01;34:ln=01;36:mh=00:pi=40;33:so=01;35:do=01;35:bd=40;33;01:cd=40;33;01:or=40;31;01:mi=00:su=37;41:sg=30;43:ca=30;41:tw=30;42:ow=34;42:st=37;44:ex=01;32:*.tar=01;31:*.tgz=01;31:*.arc=01;31:*.arj=01;31:*.taz=01;31:*.lha=01;31:*.lz4=01;31:*.lzh=01;31:*.lzma=01;31:*.tlz=01;31:*.txz=01;31:*.tzo=01;31:*.t7z=01;31:*.zip=01;31:*.z=01;31:*.dz=01;31:*.gz=01;31:*.lrz=01;31:*.lz=01;31:*.lzo=01;31:*.xz=01;31:*.zst=01;31:*.tzst=01;31:*.bz2=01;31:*.bz=01;31:*.tbz=01;31:*.tbz2=01;31:*.tz=01;31:*.deb=01;31:*.rpm=01;31:*.jar=01;31:*.war=01;31:*.ear=01;31:*.sar=01;31:*.rar=01;31:*.alz=01;31:*.ace=01;31:*.zoo=01;31:*.cpio=01;31:*.7z=01;31:*.rz=01;31:*.cab=01;31:*.wim=01;31:*.swm=01;31:*.dwm=01;31:*.esd=01;31:*.jpg=01;35:*.jpeg=01;35:*.mjpg=01;35:*.mjpeg=01;35:*.gif=01;35:*.bmp=01;35:*.pbm=01;35:*.pgm=01;35:*.ppm=01;35:*.tga=01;35:*.xbm=01;35:*.xpm=01;35:*.tif=01;35:*.tiff=01;35:*.png=01;35:*.svg=01;35:*.svgz=01;35:*.mng=01;35:*.pcx=01;35:*.mov=01;35:*.mpg=01;35:*.mpeg=01;35:*.m2v=01;35:*.mkv=01;35:*.webm=01;35:*.webp=01;35:*.ogm=01;35:*.mp4=01;35:*.m4v=01;35:*.mp4v=01;35:*.vob=01;35:*.qt=01;35:*.nuv=01;35:*.wmv=01;35:*.asf=01;35:*.rm=01;35:*.rmvb=01;35:*.flc=01;35:*.avi=01;35:*.fli=01;35:*.flv=01;35:*.gl=01;35:*.dl=01;35:*.xcf=01;35:*.xwd=01;35:*.yuv=01;35:*.cgm=01;35:*.emf=01;35:*.ogv=01;35:*.ogx=01;35:*.aac=00;36:*.au=00;36:*.flac=00;36:*.m4a=00;36:*.mid=00;36:*.midi=00;36:*.mka=00;36:*.mp3=00;36:*.mpc=00;36:*.ogg=00;36:*.ra=00;36:*.wav=00;36:*.oga=00;36:*.opus=00;36:*.spx=00;36:*.xspf=00;36:'), ('VSCODE_GIT_IPC_HANDLE', '/run/user/1000/vscode-git-fffe7d841c.sock'), ('TERM_PROGRAM', 'vscode'), ('ROS_DOMAIN_ID', '10'), ('AMENT_PREFIX_PATH', '/home/ibrahim/RobotArmExpanded/install/main_arm_package:/home/ibrahim/RobotArmExpanded/install/action_interfaces:/home/ibrahim/RobotArm/install/main_arm_package:/home/ibrahim/RobotArm/install/action_interfaces:/home/ibrahim/TF2Sample/install/tf2sim:/home/ibrahim/RobotNav/install/main_robot_nodes:/home/ibrahim/RobotNav/install/action_interfaces:/home/ibrahim/RobotMonitor/install/Robot3Node_Package:/home/ibrahim/ros2_ws/install/my_first_package:/home/ibrahim/ros2_ws/install/action_interfaces:/opt/ros/humble'), ('SHELL', '/bin/bash'), ('LESSCLOSE', '/usr/bin/lesspipe %s %s'), ('VSCODE_GIT_ASKPASS_EXTRA_ARGS', ''), ('PWD', '/home/ibrahim/RobotArmExpanded/build/action_interfaces'), ('XDG_DATA_DIRS', '/usr/local/share:/usr/share:/var/lib/snapd/desktop'), ('PYTHONPATH', '/home/ibrahim/RobotArmExpanded/install/action_interfaces/local/lib/python3.10/dist-packages:/home/ibrahim/RobotArm/install/action_interfaces/local/lib/python3.10/dist-packages:/home/ibrahim/RobotNav/install/action_interfaces/local/lib/python3.10/dist-packages:/home/ibrahim/ros2_ws/install/action_interfaces/local/lib/python3.10/dist-packages:/opt/ros/humble/lib/python3.10/site-packages:/opt/ros/humble/local/lib/python3.10/dist-packages'), ('COLCON', '1'), ('WSL2_GUI_APPS_ENABLED', '1'), ('HOSTTYPE', 'x86_64'), ('CMAKE_PREFIX_PATH', '/home/ibrahim/RobotArmExpanded/install/main_arm_package:/home/ibrahim/RobotArmExpanded/install/action_interfaces:/home/ibrahim/TF2Sample/install/tf2sim:/home/ibrahim/RobotNav/install/main_robot_nodes:/home/ibrahim/RobotNav/install/action_interfaces:/home/ibrahim/RobotMonitor/install/Robot3Node_Package:/home/ibrahim/ros2_ws/install/my_first_package:/home/ibrahim/ros2_ws/install/action_interfaces:/home/ibrahim/RobotArm/install/main_arm_package:/home/ibrahim/RobotArm/install/action_interfaces:/opt/ros/humble'), ('WSLENV', 'VSCODE_WSL_EXT_LOCATION/up')]), 'shell': False}
[4.506920] (action_interfaces) StdoutLine: {'line': b'-- Install configuration: ""\n'}
[4.507320] (action_interfaces) StdoutLine: {'line': b'-- Up-to-date: /home/ibrahim/RobotArmExpanded/install/action_interfaces/share/ament_index/resource_index/rosidl_interfaces/action_interfaces\n'}
[4.507496] (action_interfaces) StdoutLine: {'line': b'-- Up-to-date: /home/ibrahim/RobotArmExpanded/install/action_interfaces/include/action_interfaces/action_interfaces\n'}
[4.507538] (action_interfaces) StdoutLine: {'line': b'-- Up-to-date: /home/ibrahim/RobotArmExpanded/install/action_interfaces/include/action_interfaces/action_interfaces/srv\n'}
[4.507571] (action_interfaces) StdoutLine: {'line': b'-- Up-to-date: /home/ibrahim/RobotArmExpanded/install/action_interfaces/include/action_interfaces/action_interfaces/srv/detail\n'}
[4.507599] (action_interfaces) StdoutLine: {'line': b'-- Installing: /home/ibrahim/RobotArmExpanded/install/action_interfaces/include/action_interfaces/action_interfaces/srv/detail/check_limits__type_support.h\n'}
[4.507784] (action_interfaces) StdoutLine: {'line': b'-- Installing: /home/ibrahim/RobotArmExpanded/install/action_interfaces/include/action_interfaces/action_interfaces/srv/detail/check_limits__functions.c\n'}
[4.508007] (action_interfaces) StdoutLine: {'line': b'-- Installing: /home/ibrahim/RobotArmExpanded/install/action_interfaces/include/action_interfaces/action_interfaces/srv/detail/check_limits__struct.h\n'}
[4.508203] (action_interfaces) StdoutLine: {'line': b'-- Installing: /home/ibrahim/RobotArmExpanded/install/action_interfaces/include/action_interfaces/action_interfaces/srv/detail/check_limits__functions.h\n'}
[4.508427] (action_interfaces) StdoutLine: {'line': b'-- Installing: /home/ibrahim/RobotArmExpanded/install/action_interfaces/include/action_interfaces/action_interfaces/srv/check_limits.h\n'}
[4.508861] (action_interfaces) StdoutLine: {'line': b'-- Up-to-date: /home/ibrahim/RobotArmExpanded/install/action_interfaces/include/action_interfaces/action_interfaces/msg\n'}
[4.509031] (action_interfaces) StdoutLine: {'line': b'-- Up-to-date: /home/ibrahim/RobotArmExpanded/install/action_interfaces/include/action_interfaces/action_interfaces/msg/rosidl_generator_c__visibility_control.h\n'}
[4.509081] (action_interfaces) StdoutLine: {'line': b'-- Installing: /home/ibrahim/RobotArmExpanded/install/action_interfaces/include/action_interfaces/action_interfaces/msg/arm_command.h\n'}
[4.509501] (action_interfaces) StdoutLine: {'line': b'-- Up-to-date: /home/ibrahim/RobotArmExpanded/install/action_interfaces/include/action_interfaces/action_interfaces/msg/detail\n'}
[4.509685] (action_interfaces) StdoutLine: {'line': b'-- Installing: /home/ibrahim/RobotArmExpanded/install/action_interfaces/include/action_interfaces/action_interfaces/msg/detail/arm_state__functions.c\n'}
[4.510069] (action_interfaces) StdoutLine: {'line': b'-- Installing: /home/ibrahim/RobotArmExpanded/install/action_interfaces/include/action_interfaces/action_interfaces/msg/detail/arm_state__type_support.h\n'}
[4.510277] (action_interfaces) StdoutLine: {'line': b'-- Installing: /home/ibrahim/RobotArmExpanded/install/action_interfaces/include/action_interfaces/action_interfaces/msg/detail/arm_state__struct.h\n'}
[4.510619] (action_interfaces) StdoutLine: {'line': b'-- Installing: /home/ibrahim/RobotArmExpanded/install/action_interfaces/include/action_interfaces/action_interfaces/msg/detail/arm_command__functions.c\n'}
[4.510928] (action_interfaces) StdoutLine: {'line': b'-- Installing: /home/ibrahim/RobotArmExpanded/install/action_interfaces/include/action_interfaces/action_interfaces/msg/detail/arm_state__functions.h\n'}
[4.511202] (action_interfaces) StdoutLine: {'line': b'-- Installing: /home/ibrahim/RobotArmExpanded/install/action_interfaces/include/action_interfaces/action_interfaces/msg/detail/arm_command__struct.h\n'}
[4.511459] (action_interfaces) StdoutLine: {'line': b'-- Installing: /home/ibrahim/RobotArmExpanded/install/action_interfaces/include/action_interfaces/action_interfaces/msg/detail/arm_command__functions.h\n'}
[4.511734] (action_interfaces) StdoutLine: {'line': b'-- Installing: /home/ibrahim/RobotArmExpanded/install/action_interfaces/include/action_interfaces/action_interfaces/msg/detail/arm_command__type_support.h\n'}
[4.511993] (action_interfaces) StdoutLine: {'line': b'-- Installing: /home/ibrahim/RobotArmExpanded/install/action_interfaces/include/action_interfaces/action_interfaces/msg/arm_state.h\n'}
[4.512259] (action_interfaces) StdoutLine: {'line': b'-- Up-to-date: /home/ibrahim/RobotArmExpanded/install/action_interfaces/include/action_interfaces/action_interfaces/action\n'}
[4.512449] (action_interfaces) StdoutLine: {'line': b'-- Up-to-date: /home/ibrahim/RobotArmExpanded/install/action_interfaces/include/action_interfaces/action_interfaces/action/detail\n'}
[4.512532] (action_interfaces) StdoutLine: {'line': b'-- Installing: /home/ibrahim/RobotArmExpanded/install/action_interfaces/include/action_interfaces/action_interfaces/action/detail/move_arm__functions.c\n'}
[4.513164] (action_interfaces) StdoutLine: {'line': b'-- Installing: /home/ibrahim/RobotArmExpanded/install/action_interfaces/include/action_interfaces/action_interfaces/action/detail/move_arm__functions.h\n'}
[4.513442] (action_interfaces) StdoutLine: {'line': b'-- Installing: /home/ibrahim/RobotArmExpanded/install/action_interfaces/include/action_interfaces/action_interfaces/action/detail/move_arm__type_support.h\n'}
[4.513662] (action_interfaces) StdoutLine: {'line': b'-- Installing: /home/ibrahim/RobotArmExpanded/install/action_interfaces/include/action_interfaces/action_interfaces/action/detail/move_arm__struct.h\n'}
[4.513899] (action_interfaces) StdoutLine: {'line': b'-- Installing: /home/ibrahim/RobotArmExpanded/install/action_interfaces/include/action_interfaces/action_interfaces/action/move_arm.h\n'}
[4.514639] (action_interfaces) StdoutLine: {'line': b'-- Up-to-date: /home/ibrahim/RobotArmExpanded/install/action_interfaces/share/action_interfaces/environment/library_path.sh\n'}
[4.514815] (action_interfaces) StdoutLine: {'line': b'-- Installing: /home/ibrahim/RobotArmExpanded/install/action_interfaces/share/action_interfaces/environment/library_path.dsv\n'}
[4.515434] (-) TimerEvent: {}
[4.516436] (action_interfaces) StdoutLine: {'line': b'-- Installing: /home/ibrahim/RobotArmExpanded/install/action_interfaces/lib/libaction_interfaces__rosidl_generator_c.so\n'}
[4.516982] (action_interfaces) StdoutLine: {'line': b'-- Set runtime path of "/home/ibrahim/RobotArmExpanded/install/action_interfaces/lib/libaction_interfaces__rosidl_generator_c.so" to ""\n'}
[4.517107] (action_interfaces) StdoutLine: {'line': b'-- Up-to-date: /home/ibrahim/RobotArmExpanded/install/action_interfaces/include/action_interfaces/action_interfaces\n'}
[4.517388] (action_interfaces) StdoutLine: {'line': b'-- Up-to-date: /home/ibrahim/RobotArmExpanded/install/action_interfaces/include/action_interfaces/action_interfaces/srv\n'}
[4.517552] (action_interfaces) StdoutLine: {'line': b'-- Up-to-date: /home/ibrahim/RobotArmExpanded/install/action_interfaces/include/action_interfaces/action_interfaces/srv/detail\n'}
[4.517732] (action_interfaces) StdoutLine: {'line': b'-- Installing: /home/ibrahim/RobotArmExpanded/install/action_interfaces/include/action_interfaces/action_interfaces/srv/detail/check_limits__rosidl_typesupport_fastrtps_c.h\n'}
[4.518283] (action_interfaces) StdoutLine: {'line': b'-- Up-to-date: /home/ibrahim/RobotArmExpanded/install/action_interfaces/include/action_interfaces/action_interfaces/msg\n'}
[4.518523] (action_interfaces) StdoutLine: {'line': b'-- Up-to-date: /home/ibrahim/RobotArmExpanded/install/action_interfaces/include/action_interfaces/action_interfaces/msg/rosidl_typesupport_fastrtps_c__visibility_control.h\n'}
[4.518582] (action_interfaces) StdoutLine: {'line': b'-- Up-to-date: /home/ibrahim/RobotArmExpanded/install/action_interfaces/include/action_interfaces/action_interfaces/msg/detail\n'}
[4.518617] (action_interfaces) StdoutLine: {'line': b'-- Installing: /home/ibrahim/RobotArmExpanded/install/action_interfaces/include/action_interfaces/action_interfaces/msg/detail/arm_command__rosidl_typesupport_fastrtps_c.h\n'}
[4.518799] (action_interfaces) StdoutLine: {'line': b'-- Installing: /home/ibrahim/RobotArmExpanded/install/action_interfaces/include/action_interfaces/action_interfaces/msg/detail/arm_state__rosidl_typesupport_fastrtps_c.h\n'}
[4.518930] (action_interfaces) StdoutLine: {'line': b'-- Up-to-date: /home/ibrahim/RobotArmExpanded/install/action_interfaces/include/action_interfaces/action_interfaces/action\n'}
[4.519119] (action_interfaces) StdoutLine: {'line': b'-- Up-to-date: /home/ibrahim/RobotArmExpanded/install/action_interfaces/include/action_interfaces/action_interfaces/action/detail\n'}
[4.519206] (action_interfaces) StdoutLine: {'line': b'-- Installing: /home/ibrahim/RobotArmExpanded/install/action_interfaces/include/action_interfaces/action_interfaces/action/detail/move_arm__rosidl_typesupport_fastrtps_c.h\n'}
[4.520025] (action_interfaces) StdoutLine: {'line': b'-- Installing: /home/ibrahim/RobotArmExpanded/install/action_interfaces/lib/libaction_interfaces__rosidl_typesupport_fastrtps_c.so\n'}
[4.520561] (action_interfaces) StdoutLine: {'line': b'-- Set runtime path of "/home/ibrahim/RobotArmExpanded/install/action_interfaces/lib/libaction_interfaces__rosidl_typesupport_fastrtps_c.so" to ""\n'}
[4.520714] (action_interfaces) StdoutLine: {'line': b'-- Up-to-date: /home/ibrahim/RobotArmExpanded/install/action_interfaces/include/action_interfaces/action_interfaces\n'}
[4.520954] (action_interfaces) StdoutLine: {'line': b'-- Up-to-date: /home/ibrahim/RobotArmExpanded/install/action_interfaces/include/action_interfaces/action_interfaces/srv\n'}
[4.521264] (action_interfaces) StdoutLine: {'line': b'-- Up-to-date: /home/ibrahim/RobotArmExpanded/install/action_interfaces/include/action_interfaces/action_interfaces/srv/detail\n'}
[4.521408] (action_interfaces) StdoutLine: {'line': b'-- Installing: /home/ibrahim/RobotArmExpanded/install/action_interfaces/include/action_interfaces/action_interfaces/srv/detail/check_limits__type_support.c\n'}
[4.521549] (action_interfaces) StdoutLine: {'line': b'-- Installing: /home/ibrahim/RobotArmExpanded/install/action_interfaces/include/action_interfaces/action_interfaces/srv/detail/check_limits__rosidl_typesupport_introspection_c.h\n'}
[4.521750] (action_interfaces) StdoutLine: {'line': b'-- Up-to-date: /home/ibrahim/RobotArmExpanded/install/action_interfaces/include/action_interfaces/action_interfaces/msg\n'}
[4.521918] (action_interfaces) StdoutLine: {'line': b'-- Up-to-date: /home/ibrahim/RobotArmExpanded/install/action_interfaces/include/action_interfaces/action_interfaces/msg/detail\n'}
[4.522145] (action_interfaces) StdoutLine: {'line': b'-- Installing: /home/ibrahim/RobotArmExpanded/install/action_interfaces/include/action_interfaces/action_interfaces/msg/detail/arm_command__rosidl_typesupport_introspection_c.h\n'}
[4.522273] (action_interfaces) StdoutLine: {'line': b'-- Installing: /home/ibrahim/RobotArmExpanded/install/action_interfaces/include/action_interfaces/action_interfaces/msg/detail/arm_command__type_support.c\n'}
[4.522410] (action_interfaces) StdoutLine: {'line': b'-- Installing: /home/ibrahim/RobotArmExpanded/install/action_interfaces/include/action_interfaces/action_interfaces/msg/detail/arm_state__rosidl_typesupport_introspection_c.h\n'}
[4.522594] (action_interfaces) StdoutLine: {'line': b'-- Installing: /home/ibrahim/RobotArmExpanded/install/action_interfaces/include/action_interfaces/action_interfaces/msg/detail/arm_state__type_support.c\n'}
[4.522790] (action_interfaces) StdoutLine: {'line': b'-- Up-to-date: /home/ibrahim/RobotArmExpanded/install/action_interfaces/include/action_interfaces/action_interfaces/msg/rosidl_typesupport_introspection_c__visibility_control.h\n'}
[4.523031] (action_interfaces) StdoutLine: {'line': b'-- Up-to-date: /home/ibrahim/RobotArmExpanded/install/action_interfaces/include/action_interfaces/action_interfaces/action\n'}
[4.523110] (action_interfaces) StdoutLine: {'line': b'-- Up-to-date: /home/ibrahim/RobotArmExpanded/install/action_interfaces/include/action_interfaces/action_interfaces/action/detail\n'}
[4.523151] (action_interfaces) StdoutLine: {'line': b'-- Installing: /home/ibrahim/RobotArmExpanded/install/action_interfaces/include/action_interfaces/action_interfaces/action/detail/move_arm__type_support.c\n'}
[4.523330] (action_interfaces) StdoutLine: {'line': b'-- Installing: /home/ibrahim/RobotArmExpanded/install/action_interfaces/include/action_interfaces/action_interfaces/action/detail/move_arm__rosidl_typesupport_introspection_c.h\n'}
[4.524579] (action_interfaces) StdoutLine: {'line': b'-- Installing: /home/ibrahim/RobotArmExpanded/install/action_interfaces/lib/libaction_interfaces__rosidl_typesupport_introspection_c.so\n'}
[4.525149] (action_interfaces) StdoutLine: {'line': b'-- Set runtime path of "/home/ibrahim/RobotArmExpanded/install/action_interfaces/lib/libaction_interfaces__rosidl_typesupport_introspection_c.so" to ""\n'}
[4.526399] (action_interfaces) StdoutLine: {'line': b'-- Installing: /home/ibrahim/RobotArmExpanded/install/action_interfaces/lib/libaction_interfaces__rosidl_typesupport_c.so\n'}
[4.526918] (action_interfaces) StdoutLine: {'line': b'-- Set runtime path of "/home/ibrahim/RobotArmExpanded/install/action_interfaces/lib/libaction_interfaces__rosidl_typesupport_c.so" to ""\n'}
[4.527016] (action_interfaces) StdoutLine: {'line': b'-- Up-to-date: /home/ibrahim/RobotArmExpanded/install/action_interfaces/include/action_interfaces/action_interfaces\n'}
[4.527284] (action_interfaces) StdoutLine: {'line': b'-- Up-to-date: /home/ibrahim/RobotArmExpanded/install/action_interfaces/include/action_interfaces/action_interfaces/srv\n'}
[4.527566] (action_interfaces) StdoutLine: {'line': b'-- Up-to-date: /home/ibrahim/RobotArmExpanded/install/action_interfaces/include/action_interfaces/action_interfaces/srv/detail\n'}
[4.527724] (action_interfaces) StdoutLine: {'line': b'-- Installing: /home/ibrahim/RobotArmExpanded/install/action_interfaces/include/action_interfaces/action_interfaces/srv/detail/check_limits__type_support.hpp\n'}
[4.527846] (action_interfaces) StdoutLine: {'line': b'-- Installing: /home/ibrahim/RobotArmExpanded/install/action_interfaces/include/action_interfaces/action_interfaces/srv/detail/check_limits__struct.hpp\n'}
[4.528040] (action_interfaces) StdoutLine: {'line': b'-- Installing: /home/ibrahim/RobotArmExpanded/install/action_interfaces/include/action_interfaces/action_interfaces/srv/detail/check_limits__traits.hpp\n'}
[4.528259] (action_interfaces) StdoutLine: {'line': b'-- Installing: /home/ibrahim/RobotArmExpanded/install/action_interfaces/include/action_interfaces/action_interfaces/srv/detail/check_limits__builder.hpp\n'}
[4.528486] (action_interfaces) StdoutLine: {'line': b'-- Installing: /home/ibrahim/RobotArmExpanded/install/action_interfaces/include/action_interfaces/action_interfaces/srv/check_limits.hpp\n'}
[4.528738] (action_interfaces) StdoutLine: {'line': b'-- Up-to-date: /home/ibrahim/RobotArmExpanded/install/action_interfaces/include/action_interfaces/action_interfaces/msg\n'}
[4.528825] (action_interfaces) StdoutLine: {'line': b'-- Installing: /home/ibrahim/RobotArmExpanded/install/action_interfaces/include/action_interfaces/action_interfaces/msg/arm_command.hpp\n'}
[4.528940] (action_interfaces) StdoutLine: {'line': b'-- Installing: /home/ibrahim/RobotArmExpanded/install/action_interfaces/include/action_interfaces/action_interfaces/msg/arm_state.hpp\n'}
[4.529118] (action_interfaces) StdoutLine: {'line': b'-- Up-to-date: /home/ibrahim/RobotArmExpanded/install/action_interfaces/include/action_interfaces/action_interfaces/msg/detail\n'}
[4.529239] (action_interfaces) StdoutLine: {'line': b'-- Installing: /home/ibrahim/RobotArmExpanded/install/action_interfaces/include/action_interfaces/action_interfaces/msg/detail/arm_command__struct.hpp\n'}
[4.529369] (action_interfaces) StdoutLine: {'line': b'-- Installing: /home/ibrahim/RobotArmExpanded/install/action_interfaces/include/action_interfaces/action_interfaces/msg/detail/arm_command__type_support.hpp\n'}
[4.529562] (action_interfaces) StdoutLine: {'line': b'-- Installing: /home/ibrahim/RobotArmExpanded/install/action_interfaces/include/action_interfaces/action_interfaces/msg/detail/arm_state__struct.hpp\n'}
[4.529778] (action_interfaces) StdoutLine: {'line': b'-- Installing: /home/ibrahim/RobotArmExpanded/install/action_interfaces/include/action_interfaces/action_interfaces/msg/detail/arm_command__traits.hpp\n'}
[4.529970] (action_interfaces) StdoutLine: {'line': b'-- Installing: /home/ibrahim/RobotArmExpanded/install/action_interfaces/include/action_interfaces/action_interfaces/msg/detail/arm_state__builder.hpp\n'}
[4.530198] (action_interfaces) StdoutLine: {'line': b'-- Installing: /home/ibrahim/RobotArmExpanded/install/action_interfaces/include/action_interfaces/action_interfaces/msg/detail/arm_state__type_support.hpp\n'}
[4.530372] (action_interfaces) StdoutLine: {'line': b'-- Installing: /home/ibrahim/RobotArmExpanded/install/action_interfaces/include/action_interfaces/action_interfaces/msg/detail/arm_command__builder.hpp\n'}
[4.530578] (action_interfaces) StdoutLine: {'line': b'-- Installing: /home/ibrahim/RobotArmExpanded/install/action_interfaces/include/action_interfaces/action_interfaces/msg/detail/arm_state__traits.hpp\n'}
[4.530795] (action_interfaces) StdoutLine: {'line': b'-- Up-to-date: /home/ibrahim/RobotArmExpanded/install/action_interfaces/include/action_interfaces/action_interfaces/msg/rosidl_generator_cpp__visibility_control.hpp\n'}
[4.530946] (action_interfaces) StdoutLine: {'line': b'-- Up-to-date: /home/ibrahim/RobotArmExpanded/install/action_interfaces/include/action_interfaces/action_interfaces/action\n'}
[4.531121] (action_interfaces) StdoutLine: {'line': b'-- Up-to-date: /home/ibrahim/RobotArmExpanded/install/action_interfaces/include/action_interfaces/action_interfaces/action/detail\n'}
[4.531299] (action_interfaces) StdoutLine: {'line': b'-- Installing: /home/ibrahim/RobotArmExpanded/install/action_interfaces/include/action_interfaces/action_interfaces/action/detail/move_arm__type_support.hpp\n'}
[4.531458] (action_interfaces) StdoutLine: {'line': b'-- Installing: /home/ibrahim/RobotArmExpanded/install/action_interfaces/include/action_interfaces/action_interfaces/action/detail/move_arm__struct.hpp\n'}
[4.531617] (action_interfaces) StdoutLine: {'line': b'-- Installing: /home/ibrahim/RobotArmExpanded/install/action_interfaces/include/action_interfaces/action_interfaces/action/detail/move_arm__traits.hpp\n'}
[4.531865] (action_interfaces) StdoutLine: {'line': b'-- Installing: /home/ibrahim/RobotArmExpanded/install/action_interfaces/include/action_interfaces/action_interfaces/action/detail/move_arm__builder.hpp\n'}
[4.532099] (action_interfaces) StdoutLine: {'line': b'-- Installing: /home/ibrahim/RobotArmExpanded/install/action_interfaces/include/action_interfaces/action_interfaces/action/move_arm.hpp\n'}
[4.532276] (action_interfaces) StdoutLine: {'line': b'-- Up-to-date: /home/ibrahim/RobotArmExpanded/install/action_interfaces/include/action_interfaces/action_interfaces\n'}
[4.532602] (action_interfaces) StdoutLine: {'line': b'-- Up-to-date: /home/ibrahim/RobotArmExpanded/install/action_interfaces/include/action_interfaces/action_interfaces/srv\n'}
[4.532886] (action_interfaces) StdoutLine: {'line': b'-- Up-to-date: /home/ibrahim/RobotArmExpanded/install/action_interfaces/include/action_interfaces/action_interfaces/srv/detail\n'}
[4.533062] (action_interfaces) StdoutLine: {'line': b'-- Up-to-date: /home/ibrahim/RobotArmExpanded/install/action_interfaces/include/action_interfaces/action_interfaces/srv/detail/dds_fastrtps\n'}
[4.533125] (action_interfaces) StdoutLine: {'line': b'-- Installing: /home/ibrahim/RobotArmExpanded/install/action_interfaces/include/action_interfaces/action_interfaces/srv/detail/check_limits__rosidl_typesupport_fastrtps_cpp.hpp\n'}
[4.533258] (action_interfaces) StdoutLine: {'line': b'-- Up-to-date: /home/ibrahim/RobotArmExpanded/install/action_interfaces/include/action_interfaces/action_interfaces/msg\n'}
[4.533448] (action_interfaces) StdoutLine: {'line': b'-- Up-to-date: /home/ibrahim/RobotArmExpanded/install/action_interfaces/include/action_interfaces/action_interfaces/msg/rosidl_typesupport_fastrtps_cpp__visibility_control.h\n'}
[4.533507] (action_interfaces) StdoutLine: {'line': b'-- Up-to-date: /home/ibrahim/RobotArmExpanded/install/action_interfaces/include/action_interfaces/action_interfaces/msg/detail\n'}
[4.533660] (action_interfaces) StdoutLine: {'line': b'-- Installing: /home/ibrahim/RobotArmExpanded/install/action_interfaces/include/action_interfaces/action_interfaces/msg/detail/arm_state__rosidl_typesupport_fastrtps_cpp.hpp\n'}
[4.533890] (action_interfaces) StdoutLine: {'line': b'-- Installing: /home/ibrahim/RobotArmExpanded/install/action_interfaces/include/action_interfaces/action_interfaces/msg/detail/arm_command__rosidl_typesupport_fastrtps_cpp.hpp\n'}
[4.533999] (action_interfaces) StdoutLine: {'line': b'-- Up-to-date: /home/ibrahim/RobotArmExpanded/install/action_interfaces/include/action_interfaces/action_interfaces/msg/detail/dds_fastrtps\n'}
[4.534082] (action_interfaces) StdoutLine: {'line': b'-- Up-to-date: /home/ibrahim/RobotArmExpanded/install/action_interfaces/include/action_interfaces/action_interfaces/action\n'}
[4.534182] (action_interfaces) StdoutLine: {'line': b'-- Up-to-date: /home/ibrahim/RobotArmExpanded/install/action_interfaces/include/action_interfaces/action_interfaces/action/detail\n'}
[4.534256] (action_interfaces) StdoutLine: {'line': b'-- Installing: /home/ibrahim/RobotArmExpanded/install/action_interfaces/include/action_interfaces/action_interfaces/action/detail/move_arm__rosidl_typesupport_fastrtps_cpp.hpp\n'}
[4.534437] (action_interfaces) StdoutLine: {'line': b'-- Up-to-date: /home/ibrahim/RobotArmExpanded/install/action_interfaces/include/action_interfaces/action_interfaces/action/detail/dds_fastrtps\n'}
[4.535501] (action_interfaces) StdoutLine: {'line': b'-- Installing: /home/ibrahim/RobotArmExpanded/install/action_interfaces/lib/libaction_interfaces__rosidl_typesupport_fastrtps_cpp.so\n'}
[4.536269] (action_interfaces) StdoutLine: {'line': b'-- Set runtime path of "/home/ibrahim/RobotArmExpanded/install/action_interfaces/lib/libaction_interfaces__rosidl_typesupport_fastrtps_cpp.so" to ""\n'}
[4.536351] (action_interfaces) StdoutLine: {'line': b'-- Up-to-date: /home/ibrahim/RobotArmExpanded/install/action_interfaces/include/action_interfaces/action_interfaces\n'}
[4.536689] (action_interfaces) StdoutLine: {'line': b'-- Up-to-date: /home/ibrahim/RobotArmExpanded/install/action_interfaces/include/action_interfaces/action_interfaces/srv\n'}
[4.536968] (action_interfaces) StdoutLine: {'line': b'-- Up-to-date: /home/ibrahim/RobotArmExpanded/install/action_interfaces/include/action_interfaces/action_interfaces/srv/detail\n'}
[4.537101] (action_interfaces) StdoutLine: {'line': b'-- Installing: /home/ibrahim/RobotArmExpanded/install/action_interfaces/include/action_interfaces/action_interfaces/srv/detail/check_limits__rosidl_typesupport_introspection_cpp.hpp\n'}
[4.537271] (action_interfaces) StdoutLine: {'line': b'-- Installing: /home/ibrahim/RobotArmExpanded/install/action_interfaces/include/action_interfaces/action_interfaces/srv/detail/check_limits__type_support.cpp\n'}
[4.537498] (action_interfaces) StdoutLine: {'line': b'-- Up-to-date: /home/ibrahim/RobotArmExpanded/install/action_interfaces/include/action_interfaces/action_interfaces/msg\n'}
[4.537761] (action_interfaces) StdoutLine: {'line': b'-- Up-to-date: /home/ibrahim/RobotArmExpanded/install/action_interfaces/include/action_interfaces/action_interfaces/msg/detail\n'}
[4.537887] (action_interfaces) StdoutLine: {'line': b'-- Installing: /home/ibrahim/RobotArmExpanded/install/action_interfaces/include/action_interfaces/action_interfaces/msg/detail/arm_state__type_support.cpp\n'}
[4.538125] (action_interfaces) StdoutLine: {'line': b'-- Installing: /home/ibrahim/RobotArmExpanded/install/action_interfaces/include/action_interfaces/action_interfaces/msg/detail/arm_command__rosidl_typesupport_introspection_cpp.hpp\n'}
[4.538312] (action_interfaces) StdoutLine: {'line': b'-- Installing: /home/ibrahim/RobotArmExpanded/install/action_interfaces/include/action_interfaces/action_interfaces/msg/detail/arm_state__rosidl_typesupport_introspection_cpp.hpp\n'}
[4.538505] (action_interfaces) StdoutLine: {'line': b'-- Installing: /home/ibrahim/RobotArmExpanded/install/action_interfaces/include/action_interfaces/action_interfaces/msg/detail/arm_command__type_support.cpp\n'}
[4.538707] (action_interfaces) StdoutLine: {'line': b'-- Up-to-date: /home/ibrahim/RobotArmExpanded/install/action_interfaces/include/action_interfaces/action_interfaces/action\n'}
[4.539016] (action_interfaces) StdoutLine: {'line': b'-- Up-to-date: /home/ibrahim/RobotArmExpanded/install/action_interfaces/include/action_interfaces/action_interfaces/action/detail\n'}
[4.539211] (action_interfaces) StdoutLine: {'line': b'-- Installing: /home/ibrahim/RobotArmExpanded/install/action_interfaces/include/action_interfaces/action_interfaces/action/detail/move_arm__rosidl_typesupport_introspection_cpp.hpp\n'}
[4.539287] (action_interfaces) StdoutLine: {'line': b'-- Installing: /home/ibrahim/RobotArmExpanded/install/action_interfaces/include/action_interfaces/action_interfaces/action/detail/move_arm__type_support.cpp\n'}
[4.540498] (action_interfaces) StdoutLine: {'line': b'-- Installing: /home/ibrahim/RobotArmExpanded/install/action_interfaces/lib/libaction_interfaces__rosidl_typesupport_introspection_cpp.so\n'}
[4.541081] (action_interfaces) StdoutLine: {'line': b'-- Set runtime path of "/home/ibrahim/RobotArmExpanded/install/action_interfaces/lib/libaction_interfaces__rosidl_typesupport_introspection_cpp.so" to ""\n'}
[4.542100] (action_interfaces) StdoutLine: {'line': b'-- Installing: /home/ibrahim/RobotArmExpanded/install/action_interfaces/lib/libaction_interfaces__rosidl_typesupport_cpp.so\n'}
[4.542787] (action_interfaces) StdoutLine: {'line': b'-- Set runtime path of "/home/ibrahim/RobotArmExpanded/install/action_interfaces/lib/libaction_interfaces__rosidl_typesupport_cpp.so" to ""\n'}
[4.542844] (action_interfaces) StdoutLine: {'line': b'-- Up-to-date: /home/ibrahim/RobotArmExpanded/install/action_interfaces/share/action_interfaces/environment/pythonpath.sh\n'}
[4.542948] (action_interfaces) StdoutLine: {'line': b'-- Installing: /home/ibrahim/RobotArmExpanded/install/action_interfaces/share/action_interfaces/environment/pythonpath.dsv\n'}
[4.543115] (action_interfaces) StdoutLine: {'line': b'-- Up-to-date: /home/ibrahim/RobotArmExpanded/install/action_interfaces/local/lib/python3.10/dist-packages/action_interfaces-0.0.0-py3.10.egg-info\n'}
[4.543230] (action_interfaces) StdoutLine: {'line': b'-- Installing: /home/ibrahim/RobotArmExpanded/install/action_interfaces/local/lib/python3.10/dist-packages/action_interfaces-0.0.0-py3.10.egg-info/top_level.txt\n'}
[4.543433] (action_interfaces) StdoutLine: {'line': b'-- Installing: /home/ibrahim/RobotArmExpanded/install/action_interfaces/local/lib/python3.10/dist-packages/action_interfaces-0.0.0-py3.10.egg-info/PKG-INFO\n'}
[4.543626] (action_interfaces) StdoutLine: {'line': b'-- Installing: /home/ibrahim/RobotArmExpanded/install/action_interfaces/local/lib/python3.10/dist-packages/action_interfaces-0.0.0-py3.10.egg-info/dependency_links.txt\n'}
[4.543828] (action_interfaces) StdoutLine: {'line': b'-- Installing: /home/ibrahim/RobotArmExpanded/install/action_interfaces/local/lib/python3.10/dist-packages/action_interfaces-0.0.0-py3.10.egg-info/SOURCES.txt\n'}
[4.544060] (action_interfaces) StdoutLine: {'line': b'-- Up-to-date: /home/ibrahim/RobotArmExpanded/install/action_interfaces/local/lib/python3.10/dist-packages/action_interfaces\n'}
[4.544156] (action_interfaces) StdoutLine: {'line': b'-- Installing: /home/ibrahim/RobotArmExpanded/install/action_interfaces/local/lib/python3.10/dist-packages/action_interfaces/_action_interfaces_s.ep.rosidl_typesupport_introspection_c.c\n'}
[4.544753] (action_interfaces) StdoutLine: {'line': b'-- Installing: /home/ibrahim/RobotArmExpanded/install/action_interfaces/local/lib/python3.10/dist-packages/action_interfaces/_action_interfaces_s.ep.rosidl_typesupport_c.c\n'}
[4.545051] (action_interfaces) StdoutLine: {'line': b'-- Installing: /home/ibrahim/RobotArmExpanded/install/action_interfaces/local/lib/python3.10/dist-packages/action_interfaces/action_interfaces_s__rosidl_typesupport_fastrtps_c.cpython-310-x86_64-linux-gnu.so\n'}
[4.545382] (action_interfaces) StdoutLine: {'line': b'-- Up-to-date: /home/ibrahim/RobotArmExpanded/install/action_interfaces/local/lib/python3.10/dist-packages/action_interfaces/srv\n'}
[4.545510] (action_interfaces) StdoutLine: {'line': b'-- Installing: /home/ibrahim/RobotArmExpanded/install/action_interfaces/local/lib/python3.10/dist-packages/action_interfaces/srv/_check_limits.py\n'}
[4.545928] (action_interfaces) StdoutLine: {'line': b'-- Installing: /home/ibrahim/RobotArmExpanded/install/action_interfaces/local/lib/python3.10/dist-packages/action_interfaces/srv/__init__.py\n'}
[4.546159] (action_interfaces) StdoutLine: {'line': b'-- Installing: /home/ibrahim/RobotArmExpanded/install/action_interfaces/local/lib/python3.10/dist-packages/action_interfaces/srv/_check_limits_s.c\n'}
[4.546355] (action_interfaces) StdoutLine: {'line': b'-- Installing: /home/ibrahim/RobotArmExpanded/install/action_interfaces/local/lib/python3.10/dist-packages/action_interfaces/_action_interfaces_s.ep.rosidl_typesupport_fastrtps_c.c\n'}
[4.546723] (action_interfaces) StdoutLine: {'line': b'-- Installing: /home/ibrahim/RobotArmExpanded/install/action_interfaces/local/lib/python3.10/dist-packages/action_interfaces/libaction_interfaces__rosidl_generator_py.so\n'}
[4.546997] (action_interfaces) StdoutLine: {'line': b'-- Up-to-date: /home/ibrahim/RobotArmExpanded/install/action_interfaces/local/lib/python3.10/dist-packages/action_interfaces/msg\n'}
[4.547124] (action_interfaces) StdoutLine: {'line': b'-- Installing: /home/ibrahim/RobotArmExpanded/install/action_interfaces/local/lib/python3.10/dist-packages/action_interfaces/msg/_arm_state_s.c\n'}
[4.547503] (action_interfaces) StdoutLine: {'line': b'-- Installing: /home/ibrahim/RobotArmExpanded/install/action_interfaces/local/lib/python3.10/dist-packages/action_interfaces/msg/_arm_state.py\n'}
[4.547687] (action_interfaces) StdoutLine: {'line': b'-- Installing: /home/ibrahim/RobotArmExpanded/install/action_interfaces/local/lib/python3.10/dist-packages/action_interfaces/msg/_arm_command_s.c\n'}
[4.547882] (action_interfaces) StdoutLine: {'line': b'-- Installing: /home/ibrahim/RobotArmExpanded/install/action_interfaces/local/lib/python3.10/dist-packages/action_interfaces/msg/__init__.py\n'}
[4.548063] (action_interfaces) StdoutLine: {'line': b'-- Installing: /home/ibrahim/RobotArmExpanded/install/action_interfaces/local/lib/python3.10/dist-packages/action_interfaces/msg/_arm_command.py\n'}
[4.548260] (action_interfaces) StdoutLine: {'line': b'-- Installing: /home/ibrahim/RobotArmExpanded/install/action_interfaces/local/lib/python3.10/dist-packages/action_interfaces/action_interfaces_s__rosidl_typesupport_introspection_c.cpython-310-x86_64-linux-gnu.so\n'}
[4.548526] (action_interfaces) StdoutLine: {'line': b'-- Up-to-date: /home/ibrahim/RobotArmExpanded/install/action_interfaces/local/lib/python3.10/dist-packages/action_interfaces/action\n'}
[4.548680] (action_interfaces) StdoutLine: {'line': b'-- Installing: /home/ibrahim/RobotArmExpanded/install/action_interfaces/local/lib/python3.10/dist-packages/action_interfaces/action/_move_arm.py\n'}
[4.549144] (action_interfaces) StdoutLine: {'line': b'-- Installing: /home/ibrahim/RobotArmExpanded/install/action_interfaces/local/lib/python3.10/dist-packages/action_interfaces/action/_move_arm_s.c\n'}
[4.549424] (action_interfaces) StdoutLine: {'line': b'-- Installing: /home/ibrahim/RobotArmExpanded/install/action_interfaces/local/lib/python3.10/dist-packages/action_interfaces/action/__init__.py\n'}
[4.549686] (action_interfaces) StdoutLine: {'line': b'-- Installing: /home/ibrahim/RobotArmExpanded/install/action_interfaces/local/lib/python3.10/dist-packages/action_interfaces/__init__.py\n'}
[4.549915] (action_interfaces) StdoutLine: {'line': b'-- Installing: /home/ibrahim/RobotArmExpanded/install/action_interfaces/local/lib/python3.10/dist-packages/action_interfaces/action_interfaces_s__rosidl_typesupport_c.cpython-310-x86_64-linux-gnu.so\n'}
[4.590249] (action_interfaces) StdoutLine: {'line': b"Listing '/home/ibrahim/RobotArmExpanded/install/action_interfaces/local/lib/python3.10/dist-packages/action_interfaces'...\n"}
[4.590406] (action_interfaces) StdoutLine: {'line': b"Compiling '/home/ibrahim/RobotArmExpanded/install/action_interfaces/local/lib/python3.10/dist-packages/action_interfaces/__init__.py'...\n"}
[4.590442] (action_interfaces) StdoutLine: {'line': b"Listing '/home/ibrahim/RobotArmExpanded/install/action_interfaces/local/lib/python3.10/dist-packages/action_interfaces/action'...\n"}
[4.590471] (action_interfaces) StdoutLine: {'line': b"Compiling '/home/ibrahim/RobotArmExpanded/install/action_interfaces/local/lib/python3.10/dist-packages/action_interfaces/action/__init__.py'...\n"}
[4.590497] (action_interfaces) StdoutLine: {'line': b"Compiling '/home/ibrahim/RobotArmExpanded/install/action_interfaces/local/lib/python3.10/dist-packages/action_interfaces/action/_move_arm.py'...\n"}
[4.590521] (action_interfaces) StdoutLine: {'line': b"Listing '/home/ibrahim/RobotArmExpanded/install/action_interfaces/local/lib/python3.10/dist-packages/action_interfaces/msg'...\n"}
[4.590546] (action_interfaces) StdoutLine: {'line': b"Compiling '/home/ibrahim/RobotArmExpanded/install/action_interfaces/local/lib/python3.10/dist-packages/action_interfaces/msg/__init__.py'...\n"}
[4.590571] (action_interfaces) StdoutLine: {'line': b"Compiling '/home/ibrahim/RobotArmExpanded/install/action_interfaces/local/lib/python3.10/dist-packages/action_interfaces/msg/_arm_command.py'...\n"}
[4.590595] (action_interfaces) StdoutLine: {'line': b"Compiling '/home/ibrahim/RobotArmExpanded/install/action_interfaces/local/lib/python3.10/dist-packages/action_interfaces/msg/_arm_state.py'...\n"}
[4.590628] (action_interfaces) StdoutLine: {'line': b"Listing '/home/ibrahim/RobotArmExpanded/install/action_interfaces/local/lib/python3.10/dist-packages/action_interfaces/srv'...\n"}
[4.590680] (action_interfaces) StdoutLine: {'line': b"Compiling '/home/ibrahim/RobotArmExpanded/install/action_interfaces/local/lib/python3.10/dist-packages/action_interfaces/srv/__init__.py'...\n"}
[4.590719] (action_interfaces) StdoutLine: {'line': b"Compiling '/home/ibrahim/RobotArmExpanded/install/action_interfaces/local/lib/python3.10/dist-packages/action_interfaces/srv/_check_limits.py'...\n"}
[4.594307] (action_interfaces) StdoutLine: {'line': b'-- Installing: /home/ibrahim/RobotArmExpanded/install/action_interfaces/local/lib/python3.10/dist-packages/action_interfaces/action_interfaces_s__rosidl_typesupport_fastrtps_c.cpython-310-x86_64-linux-gnu.so\n'}
[4.594852] (action_interfaces) StdoutLine: {'line': b'-- Set runtime path of "/home/ibrahim/RobotArmExpanded/install/action_interfaces/local/lib/python3.10/dist-packages/action_interfaces/action_interfaces_s__rosidl_typesupport_fastrtps_c.cpython-310-x86_64-linux-gnu.so" to ""\n'}
[4.595176] (action_interfaces) StdoutLine: {'line': b'-- Installing: /home/ibrahim/RobotArmExpanded/install/action_interfaces/local/lib/python3.10/dist-packages/action_interfaces/action_interfaces_s__rosidl_typesupport_introspection_c.cpython-310-x86_64-linux-gnu.so\n'}
[4.595675] (action_interfaces) StdoutLine: {'line': b'-- Set runtime path of "/home/ibrahim/RobotArmExpanded/install/action_interfaces/local/lib/python3.10/dist-packages/action_interfaces/action_interfaces_s__rosidl_typesupport_introspection_c.cpython-310-x86_64-linux-gnu.so" to ""\n'}
[4.595861] (action_interfaces) StdoutLine: {'line': b'-- Installing: /home/ibrahim/RobotArmExpanded/install/action_interfaces/local/lib/python3.10/dist-packages/action_interfaces/action_interfaces_s__rosidl_typesupport_c.cpython-310-x86_64-linux-gnu.so\n'}
[4.596284] (action_interfaces) StdoutLine: {'line': b'-- Set runtime path of "/home/ibrahim/RobotArmExpanded/install/action_interfaces/local/lib/python3.10/dist-packages/action_interfaces/action_interfaces_s__rosidl_typesupport_c.cpython-310-x86_64-linux-gnu.so" to ""\n'}
[4.597050] (action_interfaces) StdoutLine: {'line': b'-- Installing: /home/ibrahim/RobotArmExpanded/install/action_interfaces/lib/libaction_interfaces__rosidl_generator_py.so\n'}
[4.597777] (action_interfaces) StdoutLine: {'line': b'-- Set runtime path of "/home/ibrahim/RobotArmExpanded/install/action_interfaces/lib/libaction_interfaces__rosidl_generator_py.so" to ""\n'}
[4.597955] (action_interfaces) StdoutLine: {'line': b'-- Up-to-date: /home/ibrahim/RobotArmExpanded/install/action_interfaces/share/ament_index/resource_index/rust_packages/action_interfaces\n'}
[4.598013] (action_interfaces) StdoutLine: {'line': b'-- Up-to-date: /home/ibrahim/RobotArmExpanded/install/action_interfaces/share/action_interfaces/rust\n'}
[4.598247] (action_interfaces) StdoutLine: {'line': b'-- Up-to-date: /home/ibrahim/RobotArmExpanded/install/action_interfaces/share/action_interfaces/rust/src\n'}
[4.598364] (action_interfaces) StdoutLine: {'line': b'-- Installing: /home/ibrahim/RobotArmExpanded/install/action_interfaces/share/action_interfaces/rust/src/action.rs\n'}
[4.598930] (action_interfaces) StdoutLine: {'line': b'-- Installing: /home/ibrahim/RobotArmExpanded/install/action_interfaces/share/action_interfaces/rust/src/msg.rs\n'}
[4.599223] (action_interfaces) StdoutLine: {'line': b'-- Installing: /home/ibrahim/RobotArmExpanded/install/action_interfaces/share/action_interfaces/rust/src/lib.rs\n'}
[4.599519] (action_interfaces) StdoutLine: {'line': b'-- Up-to-date: /home/ibrahim/RobotArmExpanded/install/action_interfaces/share/action_interfaces/rust/src/srv\n'}
[4.599826] (action_interfaces) StdoutLine: {'line': b'-- Installing: /home/ibrahim/RobotArmExpanded/install/action_interfaces/share/action_interfaces/rust/src/srv/rmw.rs\n'}
[4.600229] (action_interfaces) StdoutLine: {'line': b'-- Up-to-date: /home/ibrahim/RobotArmExpanded/install/action_interfaces/share/action_interfaces/rust/src/msg\n'}
[4.600484] (action_interfaces) StdoutLine: {'line': b'-- Installing: /home/ibrahim/RobotArmExpanded/install/action_interfaces/share/action_interfaces/rust/src/msg/rmw.rs\n'}
[4.600888] (action_interfaces) StdoutLine: {'line': b'-- Up-to-date: /home/ibrahim/RobotArmExpanded/install/action_interfaces/share/action_interfaces/rust/src/action\n'}
[4.601116] (action_interfaces) StdoutLine: {'line': b'-- Installing: /home/ibrahim/RobotArmExpanded/install/action_interfaces/share/action_interfaces/rust/src/action/rmw.rs\n'}
[4.601544] (action_interfaces) StdoutLine: {'line': b'-- Installing: /home/ibrahim/RobotArmExpanded/install/action_interfaces/share/action_interfaces/rust/src/srv.rs\n'}
[4.601728] (action_interfaces) StdoutLine: {'line': b'-- Installing: /home/ibrahim/RobotArmExpanded/install/action_interfaces/share/action_interfaces/rust/build.rs\n'}
[4.602199] (action_interfaces) StdoutLine: {'line': b'-- Installing: /home/ibrahim/RobotArmExpanded/install/action_interfaces/share/action_interfaces/rust/Cargo.toml\n'}
[4.602497] (action_interfaces) StdoutLine: {'line': b'-- Up-to-date: /home/ibrahim/RobotArmExpanded/install/action_interfaces/share/action_interfaces/msg/ArmState.idl\n'}
[4.602622] (action_interfaces) StdoutLine: {'line': b'-- Up-to-date: /home/ibrahim/RobotArmExpanded/install/action_interfaces/share/action_interfaces/msg/ArmCommand.idl\n'}
[4.602778] (action_interfaces) StdoutLine: {'line': b'-- Up-to-date: /home/ibrahim/RobotArmExpanded/install/action_interfaces/share/action_interfaces/srv/CheckLimits.idl\n'}
[4.602834] (action_interfaces) StdoutLine: {'line': b'-- Installing: /home/ibrahim/RobotArmExpanded/install/action_interfaces/share/action_interfaces/action/MoveArm.idl\n'}
[4.603252] (action_interfaces) StdoutLine: {'line': b'-- Up-to-date: /home/ibrahim/RobotArmExpanded/install/action_interfaces/share/action_interfaces/msg/ArmState.msg\n'}
[4.603377] (action_interfaces) StdoutLine: {'line': b'-- Up-to-date: /home/ibrahim/RobotArmExpanded/install/action_interfaces/share/action_interfaces/msg/ArmCommand.msg\n'}
[4.603582] (action_interfaces) StdoutLine: {'line': b'-- Up-to-date: /home/ibrahim/RobotArmExpanded/install/action_interfaces/share/action_interfaces/srv/CheckLimits.srv\n'}
[4.603637] (action_interfaces) StdoutLine: {'line': b'-- Up-to-date: /home/ibrahim/RobotArmExpanded/install/action_interfaces/share/action_interfaces/srv/CheckLimits_Request.msg\n'}
[4.603676] (action_interfaces) StdoutLine: {'line': b'-- Up-to-date: /home/ibrahim/RobotArmExpanded/install/action_interfaces/share/action_interfaces/srv/CheckLimits_Response.msg\n'}
[4.603706] (action_interfaces) StdoutLine: {'line': b'-- Installing: /home/ibrahim/RobotArmExpanded/install/action_interfaces/share/action_interfaces/action/MoveArm.action\n'}
[4.603821] (action_interfaces) StdoutLine: {'line': b'-- Up-to-date: /home/ibrahim/RobotArmExpanded/install/action_interfaces/share/ament_index/resource_index/package_run_dependencies/action_interfaces\n'}
[4.603945] (action_interfaces) StdoutLine: {'line': b'-- Up-to-date: /home/ibrahim/RobotArmExpanded/install/action_interfaces/share/ament_index/resource_index/parent_prefix_path/action_interfaces\n'}
[4.603984] (action_interfaces) StdoutLine: {'line': b'-- Up-to-date: /home/ibrahim/RobotArmExpanded/install/action_interfaces/share/action_interfaces/environment/ament_prefix_path.sh\n'}
[4.604088] (action_interfaces) StdoutLine: {'line': b'-- Installing: /home/ibrahim/RobotArmExpanded/install/action_interfaces/share/action_interfaces/environment/ament_prefix_path.dsv\n'}
[4.604222] (action_interfaces) StdoutLine: {'line': b'-- Up-to-date: /home/ibrahim/RobotArmExpanded/install/action_interfaces/share/action_interfaces/environment/path.sh\n'}
[4.604340] (action_interfaces) StdoutLine: {'line': b'-- Installing: /home/ibrahim/RobotArmExpanded/install/action_interfaces/share/action_interfaces/environment/path.dsv\n'}
[4.604488] (action_interfaces) StdoutLine: {'line': b'-- Up-to-date: /home/ibrahim/RobotArmExpanded/install/action_interfaces/share/action_interfaces/local_setup.bash\n'}
[4.604744] (action_interfaces) StdoutLine: {'line': b'-- Up-to-date: /home/ibrahim/RobotArmExpanded/install/action_interfaces/share/action_interfaces/local_setup.sh\n'}
[4.604840] (action_interfaces) StdoutLine: {'line': b'-- Up-to-date: /home/ibrahim/RobotArmExpanded/install/action_interfaces/share/action_interfaces/local_setup.zsh\n'}
[4.604881] (action_interfaces) StdoutLine: {'line': b'-- Installing: /home/ibrahim/RobotArmExpanded/install/action_interfaces/share/action_interfaces/local_setup.dsv\n'}
[4.605169] (action_interfaces) StdoutLine: {'line': b'-- Installing: /home/ibrahim/RobotArmExpanded/install/action_interfaces/share/action_interfaces/package.dsv\n'}
[4.605423] (action_interfaces) StdoutLine: {'line': b'-- Up-to-date: /home/ibrahim/RobotArmExpanded/install/action_interfaces/share/ament_index/resource_index/packages/action_interfaces\n'}
[4.605831] (action_interfaces) StdoutLine: {'line': b'-- Up-to-date: /home/ibrahim/RobotArmExpanded/install/action_interfaces/share/action_interfaces/cmake/export_action_interfaces__rosidl_generator_cExport.cmake\n'}
[4.605955] (action_interfaces) StdoutLine: {'line': b'-- Up-to-date: /home/ibrahim/RobotArmExpanded/install/action_interfaces/share/action_interfaces/cmake/export_action_interfaces__rosidl_generator_cExport-noconfig.cmake\n'}
[4.606379] (action_interfaces) StdoutLine: {'line': b'-- Up-to-date: /home/ibrahim/RobotArmExpanded/install/action_interfaces/share/action_interfaces/cmake/export_action_interfaces__rosidl_typesupport_fastrtps_cExport.cmake\n'}
[4.606550] (action_interfaces) StdoutLine: {'line': b'-- Up-to-date: /home/ibrahim/RobotArmExpanded/install/action_interfaces/share/action_interfaces/cmake/export_action_interfaces__rosidl_typesupport_fastrtps_cExport-noconfig.cmake\n'}
[4.606756] (action_interfaces) StdoutLine: {'line': b'-- Up-to-date: /home/ibrahim/RobotArmExpanded/install/action_interfaces/share/action_interfaces/cmake/action_interfaces__rosidl_typesupport_introspection_cExport.cmake\n'}
[4.606895] (action_interfaces) StdoutLine: {'line': b'-- Up-to-date: /home/ibrahim/RobotArmExpanded/install/action_interfaces/share/action_interfaces/cmake/action_interfaces__rosidl_typesupport_introspection_cExport-noconfig.cmake\n'}
[4.607161] (action_interfaces) StdoutLine: {'line': b'-- Up-to-date: /home/ibrahim/RobotArmExpanded/install/action_interfaces/share/action_interfaces/cmake/action_interfaces__rosidl_typesupport_cExport.cmake\n'}
[4.607323] (action_interfaces) StdoutLine: {'line': b'-- Up-to-date: /home/ibrahim/RobotArmExpanded/install/action_interfaces/share/action_interfaces/cmake/action_interfaces__rosidl_typesupport_cExport-noconfig.cmake\n'}
[4.607588] (action_interfaces) StdoutLine: {'line': b'-- Up-to-date: /home/ibrahim/RobotArmExpanded/install/action_interfaces/share/action_interfaces/cmake/export_action_interfaces__rosidl_generator_cppExport.cmake\n'}
[4.607914] (action_interfaces) StdoutLine: {'line': b'-- Up-to-date: /home/ibrahim/RobotArmExpanded/install/action_interfaces/share/action_interfaces/cmake/export_action_interfaces__rosidl_typesupport_fastrtps_cppExport.cmake\n'}
[4.608066] (action_interfaces) StdoutLine: {'line': b'-- Up-to-date: /home/ibrahim/RobotArmExpanded/install/action_interfaces/share/action_interfaces/cmake/export_action_interfaces__rosidl_typesupport_fastrtps_cppExport-noconfig.cmake\n'}
[4.608321] (action_interfaces) StdoutLine: {'line': b'-- Up-to-date: /home/ibrahim/RobotArmExpanded/install/action_interfaces/share/action_interfaces/cmake/action_interfaces__rosidl_typesupport_introspection_cppExport.cmake\n'}
[4.608486] (action_interfaces) StdoutLine: {'line': b'-- Up-to-date: /home/ibrahim/RobotArmExpanded/install/action_interfaces/share/action_interfaces/cmake/action_interfaces__rosidl_typesupport_introspection_cppExport-noconfig.cmake\n'}
[4.608777] (action_interfaces) StdoutLine: {'line': b'-- Up-to-date: /home/ibrahim/RobotArmExpanded/install/action_interfaces/share/action_interfaces/cmake/action_interfaces__rosidl_typesupport_cppExport.cmake\n'}
[4.608855] (action_interfaces) StdoutLine: {'line': b'-- Up-to-date: /home/ibrahim/RobotArmExpanded/install/action_interfaces/share/action_interfaces/cmake/action_interfaces__rosidl_typesupport_cppExport-noconfig.cmake\n'}
[4.609192] (action_interfaces) StdoutLine: {'line': b'-- Up-to-date: /home/ibrahim/RobotArmExpanded/install/action_interfaces/share/action_interfaces/cmake/export_action_interfaces__rosidl_generator_pyExport.cmake\n'}
[4.609316] (action_interfaces) StdoutLine: {'line': b'-- Up-to-date: /home/ibrahim/RobotArmExpanded/install/action_interfaces/share/action_interfaces/cmake/export_action_interfaces__rosidl_generator_pyExport-noconfig.cmake\n'}
[4.609510] (action_interfaces) StdoutLine: {'line': b'-- Up-to-date: /home/ibrahim/RobotArmExpanded/install/action_interfaces/share/action_interfaces/cmake/rosidl_cmake-extras.cmake\n'}
[4.609667] (action_interfaces) StdoutLine: {'line': b'-- Up-to-date: /home/ibrahim/RobotArmExpanded/install/action_interfaces/share/action_interfaces/cmake/ament_cmake_export_dependencies-extras.cmake\n'}
[4.609792] (action_interfaces) StdoutLine: {'line': b'-- Up-to-date: /home/ibrahim/RobotArmExpanded/install/action_interfaces/share/action_interfaces/cmake/ament_cmake_export_include_directories-extras.cmake\n'}
[4.609829] (action_interfaces) StdoutLine: {'line': b'-- Up-to-date: /home/ibrahim/RobotArmExpanded/install/action_interfaces/share/action_interfaces/cmake/ament_cmake_export_libraries-extras.cmake\n'}
[4.609863] (action_interfaces) StdoutLine: {'line': b'-- Up-to-date: /home/ibrahim/RobotArmExpanded/install/action_interfaces/share/action_interfaces/cmake/ament_cmake_export_targets-extras.cmake\n'}
[4.610027] (action_interfaces) StdoutLine: {'line': b'-- Up-to-date: /home/ibrahim/RobotArmExpanded/install/action_interfaces/share/action_interfaces/cmake/rosidl_cmake_export_typesupport_targets-extras.cmake\n'}
[4.610136] (action_interfaces) StdoutLine: {'line': b'-- Up-to-date: /home/ibrahim/RobotArmExpanded/install/action_interfaces/share/action_interfaces/cmake/rosidl_cmake_export_typesupport_libraries-extras.cmake\n'}
[4.610308] (action_interfaces) StdoutLine: {'line': b'-- Up-to-date: /home/ibrahim/RobotArmExpanded/install/action_interfaces/share/action_interfaces/cmake/action_interfacesConfig.cmake\n'}
[4.610348] (action_interfaces) StdoutLine: {'line': b'-- Up-to-date: /home/ibrahim/RobotArmExpanded/install/action_interfaces/share/action_interfaces/cmake/action_interfacesConfig-version.cmake\n'}
[4.610385] (action_interfaces) StdoutLine: {'line': b'-- Up-to-date: /home/ibrahim/RobotArmExpanded/install/action_interfaces/share/action_interfaces/package.xml\n'}
[4.613395] (action_interfaces) CommandEnded: {'returncode': 0}
[4.615525] (-) TimerEvent: {}
[4.643101] (action_interfaces) JobEnded: {'identifier': 'action_interfaces', 'rc': 0}
[4.644123] (main_arm_package) JobStarted: {'identifier': 'main_arm_package'}
[4.715715] (-) TimerEvent: {}
[4.722437] (main_arm_package) JobProgress: {'identifier': 'main_arm_package', 'progress': 'cmake'}
[4.723640] (main_arm_package) JobProgress: {'identifier': 'main_arm_package', 'progress': 'build'}
[4.723952] (main_arm_package) Command: {'cmd': ['/usr/bin/cmake', '--build', '/home/ibrahim/RobotArmExpanded/build/main_arm_package', '--', '-j16', '-l16'], 'cwd': '/home/ibrahim/RobotArmExpanded/build/main_arm_package', 'env': OrderedDict([('PYTHON_BASIC_REPL', '1'), ('LESSOPEN', '| /usr/bin/lesspipe %s'), ('USER', 'ibrahim'), ('GIT_ASKPASS', '/home/ibrahim/.vscode-server/bin/0958016b2af9f09bb4257e0df4a95e2f90590f9f/extensions/git/dist/askpass.sh'), ('SHLVL', '1'), ('LD_LIBRARY_PATH', '/home/ibrahim/RobotArmExpanded/install/action_interfaces/lib:/home/ibrahim/RobotArm/install/action_interfaces/lib:/home/ibrahim/RobotNav/install/action_interfaces/lib:/home/ibrahim/ros2_ws/install/action_interfaces/lib:/usr/lib/x86_64-linux-gnu/gazebo-11/plugins:/opt/ros/humble/opt/rviz_ogre_vendor/lib:/opt/ros/humble/lib/x86_64-linux-gnu:/opt/ros/humble/lib'), ('HOME', '/home/ibrahim'), ('OLDPWD', '/home/ibrahim/RobotArmExpanded'), ('TERM_PROGRAM_VERSION', '1.120.0'), ('VSCODE_IPC_HOOK_CLI', '/run/user/1000/vscode-ipc-32817913-6766-4ff9-82d5-536fa367fc96.sock'), ('ROS_PYTHON_VERSION', '3'), ('VSCODE_GIT_ASKPASS_MAIN', '/home/ibrahim/.vscode-server/bin/0958016b2af9f09bb4257e0df4a95e2f90590f9f/extensions/git/dist/askpass-main.js'), ('VSCODE_GIT_ASKPASS_NODE', '/home/ibrahim/.vscode-server/bin/0958016b2af9f09bb4257e0df4a95e2f90590f9f/node'), ('PYDEVD_DISABLE_FILE_VALIDATION', '1'), ('BUNDLED_DEBUGPY_PATH', '/home/ibrahim/.vscode-server/extensions/ms-python.debugpy-2026.6.0-linux-x64/bundled/libs/debugpy'), ('VSCODE_PYTHON_AUTOACTIVATE_GUARD', '1'), ('DBUS_SESSION_BUS_ADDRESS', 'unix:path=/run/user/1000/bus'), ('COLORTERM', 'truecolor'), ('WSL_DISTRO_NAME', 'Ubuntu-22.04'), ('WAYLAND_DISPLAY', 'wayland-0'), ('COLCON_PREFIX_PATH', '/home/ibrahim/RobotArmExpanded/install:/home/ibrahim/RobotArm/install:/home/ibrahim/TF2Sample/install:/home/ibrahim/RobotNav/install:/home/ibrahim/RobotMonitor/install:/home/ibrahim/ros2_ws/install'), ('ROS_DISTRO', 'humble'), ('LOGNAME', 'ibrahim'), ('NAME', 'Ibrahim-laptop'), ('WSL_INTEROP', '/run/WSL/430_interop'), ('PULSE_SERVER', 'unix:/mnt/wslg/PulseServer'), ('_', '/usr/bin/colcon'), ('ROS_VERSION', '2'), ('CLAUDE_CODE_SSE_PORT', '51143'), ('TERM', 'xterm-256color'), ('ROS_LOCALHOST_ONLY', '0'), ('PATH', '/home/ibrahim/.vscode-server/data/User/globalStorage/github.copilot-chat/debugCommand:/home/ibrahim/.vscode-server/data/User/globalStorage/github.copilot-chat/copilotCli:/home/ibrahim/.vscode-server/bin/0958016b2af9f09bb4257e0df4a95e2f90590f9f/bin/remote-cli:/opt/ros/humble/bin:/usr/local/sbin:/usr/local/bin:/usr/sbin:/usr/bin:/sbin:/bin:/usr/games:/usr/local/games:/usr/lib/wsl/lib:/mnt/c/Users/zanto/AppData/Local/Programs/Microsoft VS Code:/mnt/c/Windows/system32:/mnt/c/Windows:/mnt/c/Windows/System32/Wbem:/mnt/c/Windows/System32/WindowsPowerShell/v1.0/:/mnt/c/Windows/System32/OpenSSH/:/mnt/c/Program Files (x86)/NVIDIA Corporation/PhysX/Common:/mnt/c/Program Files/NVIDIA Corporation/NVIDIA App/NvDLISR:/mnt/c/Program Files/dotnet/:/mnt/c/Program Files/nodejs/:/mnt/c/Program Files/Git/cmd:/mnt/c/Program Files/PostgreSQL/18/bin:/mnt/c/Users/zanto/.local/bin:/mnt/c/Program Files/Docker/Docker/resources/bin:/mnt/c/Program Files/GitHub CLI/:/mnt/c/Users/zanto/AppData/Local/Programs/Python/Python312/Scripts/:/mnt/c/Users/zanto/AppData/Local/Programs/Python/Python312/:/mnt/c/Users/zanto/AppData/Local/Programs/Python/Python314/Scripts/:/mnt/c/Users/zanto/AppData/Local/Programs/Python/Python314/:/mnt/c/Users/zanto/AppData/Local/Microsoft/WindowsApps:/mnt/c/Users/zanto/AppData/Local/Programs/Microsoft VS Code/bin:/mnt/c/Users/zanto/AppData/Local/Programs/Ollama:/mnt/c/Users/zanto/AppData/Roaming/npm:/mnt/c/msys64/ucrt64/bin:/snap/bin:/home/ibrahim/.vscode-server/extensions/ms-python.debugpy-2026.6.0-linux-x64/bundled/scripts/noConfigScripts'), ('XDG_RUNTIME_DIR', '/run/user/1000/'), ('DISPLAY', ':0'), ('VSCODE_DEBUGPY_ADAPTER_ENDPOINTS', '/home/ibrahim/.vscode-server/extensions/ms-python.debugpy-2026.6.0-linux-x64/.noConfigDebugAdapterEndpoints/endpoint-8cc6ed390c99180e.txt'), ('LANG', 'C.UTF-8'), ('PYTHONSTARTUP', '/home/ibrahim/.vscode-server/data/User/workspaceStorage/e80122f58dd8365232b0ea725993d05e/ms-python.python/pythonrc.py'), ('LS_COLORS', 'rs=0:di=01;34:ln=01;36:mh=00:pi=40;33:so=01;35:do=01;35:bd=40;33;01:cd=40;33;01:or=40;31;01:mi=00:su=37;41:sg=30;43:ca=30;41:tw=30;42:ow=34;42:st=37;44:ex=01;32:*.tar=01;31:*.tgz=01;31:*.arc=01;31:*.arj=01;31:*.taz=01;31:*.lha=01;31:*.lz4=01;31:*.lzh=01;31:*.lzma=01;31:*.tlz=01;31:*.txz=01;31:*.tzo=01;31:*.t7z=01;31:*.zip=01;31:*.z=01;31:*.dz=01;31:*.gz=01;31:*.lrz=01;31:*.lz=01;31:*.lzo=01;31:*.xz=01;31:*.zst=01;31:*.tzst=01;31:*.bz2=01;31:*.bz=01;31:*.tbz=01;31:*.tbz2=01;31:*.tz=01;31:*.deb=01;31:*.rpm=01;31:*.jar=01;31:*.war=01;31:*.ear=01;31:*.sar=01;31:*.rar=01;31:*.alz=01;31:*.ace=01;31:*.zoo=01;31:*.cpio=01;31:*.7z=01;31:*.rz=01;31:*.cab=01;31:*.wim=01;31:*.swm=01;31:*.dwm=01;31:*.esd=01;31:*.jpg=01;35:*.jpeg=01;35:*.mjpg=01;35:*.mjpeg=01;35:*.gif=01;35:*.bmp=01;35:*.pbm=01;35:*.pgm=01;35:*.ppm=01;35:*.tga=01;35:*.xbm=01;35:*.xpm=01;35:*.tif=01;35:*.tiff=01;35:*.png=01;35:*.svg=01;35:*.svgz=01;35:*.mng=01;35:*.pcx=01;35:*.mov=01;35:*.mpg=01;35:*.mpeg=01;35:*.m2v=01;35:*.mkv=01;35:*.webm=01;35:*.webp=01;35:*.ogm=01;35:*.mp4=01;35:*.m4v=01;35:*.mp4v=01;35:*.vob=01;35:*.qt=01;35:*.nuv=01;35:*.wmv=01;35:*.asf=01;35:*.rm=01;35:*.rmvb=01;35:*.flc=01;35:*.avi=01;35:*.fli=01;35:*.flv=01;35:*.gl=01;35:*.dl=01;35:*.xcf=01;35:*.xwd=01;35:*.yuv=01;35:*.cgm=01;35:*.emf=01;35:*.ogv=01;35:*.ogx=01;35:*.aac=00;36:*.au=00;36:*.flac=00;36:*.m4a=00;36:*.mid=00;36:*.midi=00;36:*.mka=00;36:*.mp3=00;36:*.mpc=00;36:*.ogg=00;36:*.ra=00;36:*.wav=00;36:*.oga=00;36:*.opus=00;36:*.spx=00;36:*.xspf=00;36:'), ('VSCODE_GIT_IPC_HANDLE', '/run/user/1000/vscode-git-fffe7d841c.sock'), ('TERM_PROGRAM', 'vscode'), ('ROS_DOMAIN_ID', '10'), ('AMENT_PREFIX_PATH', '/home/ibrahim/RobotArmExpanded/install/main_arm_package:/home/ibrahim/RobotArmExpanded/install/action_interfaces:/home/ibrahim/RobotArm/install/main_arm_package:/home/ibrahim/RobotArm/install/action_interfaces:/home/ibrahim/TF2Sample/install/tf2sim:/home/ibrahim/RobotNav/install/main_robot_nodes:/home/ibrahim/RobotNav/install/action_interfaces:/home/ibrahim/RobotMonitor/install/Robot3Node_Package:/home/ibrahim/ros2_ws/install/my_first_package:/home/ibrahim/ros2_ws/install/action_interfaces:/opt/ros/humble'), ('SHELL', '/bin/bash'), ('LESSCLOSE', '/usr/bin/lesspipe %s %s'), ('VSCODE_GIT_ASKPASS_EXTRA_ARGS', ''), ('PWD', '/home/ibrahim/RobotArmExpanded/build/main_arm_package'), ('XDG_DATA_DIRS', '/usr/local/share:/usr/share:/var/lib/snapd/desktop'), ('PYTHONPATH', '/home/ibrahim/RobotArmExpanded/install/action_interfaces/local/lib/python3.10/dist-packages:/home/ibrahim/RobotArm/install/action_interfaces/local/lib/python3.10/dist-packages:/home/ibrahim/RobotNav/install/action_interfaces/local/lib/python3.10/dist-packages:/home/ibrahim/ros2_ws/install/action_interfaces/local/lib/python3.10/dist-packages:/opt/ros/humble/lib/python3.10/site-packages:/opt/ros/humble/local/lib/python3.10/dist-packages'), ('COLCON', '1'), ('WSL2_GUI_APPS_ENABLED', '1'), ('HOSTTYPE', 'x86_64'), ('CMAKE_PREFIX_PATH', '/home/ibrahim/RobotArmExpanded/install/action_interfaces:/home/ibrahim/RobotArmExpanded/install/main_arm_package:/home/ibrahim/TF2Sample/install/tf2sim:/home/ibrahim/RobotNav/install/main_robot_nodes:/home/ibrahim/RobotNav/install/action_interfaces:/home/ibrahim/RobotMonitor/install/Robot3Node_Package:/home/ibrahim/ros2_ws/install/my_first_package:/home/ibrahim/ros2_ws/install/action_interfaces:/home/ibrahim/RobotArm/install/main_arm_package:/home/ibrahim/RobotArm/install/action_interfaces:/opt/ros/humble'), ('WSLENV', 'VSCODE_WSL_EXT_LOCATION/up')]), 'shell': False}
[4.795539] (main_arm_package) StdoutLine: {'line': b'\x1b[35m\x1b[1mConsolidate compiler generated dependencies of target ArmMover\x1b[0m\n'}
[4.815826] (-) TimerEvent: {}
[4.824733] (main_arm_package) StdoutLine: {'line': b'[ 25%] \x1b[32mBuilding CXX object CMakeFiles/ArmMonitor.dir/src/ArmMonitor.cpp.o\x1b[0m\n'}
[4.824955] (main_arm_package) StdoutLine: {'line': b'[ 25%] \x1b[32mBuilding CXX object CMakeFiles/ArmClient.dir/src/ArmClient.cpp.o\x1b[0m\n'}
[4.825048] (main_arm_package) StdoutLine: {'line': b'[ 37%] \x1b[32mBuilding CXX object CMakeFiles/ArmMover.dir/src/ArmMover.cpp.o\x1b[0m\n'}
[4.830631] (main_arm_package) StdoutLine: {'line': b'[ 50%] \x1b[32mBuilding CXX object CMakeFiles/ArmController.dir/src/ArmController.cpp.o\x1b[0m\n'}
[4.915942] (-) TimerEvent: {}
[5.016236] (-) TimerEvent: {}
[5.116601] (-) TimerEvent: {}
[5.216947] (-) TimerEvent: {}
[5.317314] (-) TimerEvent: {}
[5.417757] (-) TimerEvent: {}
[5.518366] (-) TimerEvent: {}
[5.618753] (-) TimerEvent: {}
[5.719167] (-) TimerEvent: {}
[5.819588] (-) TimerEvent: {}
[5.919966] (-) TimerEvent: {}
[6.020328] (-) TimerEvent: {}
[6.120701] (-) TimerEvent: {}
[6.221031] (-) TimerEvent: {}
[6.321400] (-) TimerEvent: {}
[6.421834] (-) TimerEvent: {}
[6.522272] (-) TimerEvent: {}
[6.622638] (-) TimerEvent: {}
[6.722996] (-) TimerEvent: {}
[6.823424] (-) TimerEvent: {}
[6.923759] (-) TimerEvent: {}
[7.024126] (-) TimerEvent: {}
[7.124531] (-) TimerEvent: {}
[7.224908] (-) TimerEvent: {}
[7.325287] (-) TimerEvent: {}
[7.425657] (-) TimerEvent: {}
[7.526022] (-) TimerEvent: {}
[7.626386] (-) TimerEvent: {}
[7.726759] (-) TimerEvent: {}
[7.827071] (-) TimerEvent: {}
[7.927400] (-) TimerEvent: {}
[8.027777] (-) TimerEvent: {}
[8.128131] (-) TimerEvent: {}
[8.228577] (-) TimerEvent: {}
[8.328994] (-) TimerEvent: {}
[8.429385] (-) TimerEvent: {}
[8.529723] (-) TimerEvent: {}
[8.595542] (main_arm_package) StdoutLine: {'line': b'[ 62%] \x1b[32m\x1b[1mLinking CXX executable ArmClient\x1b[0m\n'}
[8.629832] (-) TimerEvent: {}
[8.730216] (-) TimerEvent: {}
[8.830518] (-) TimerEvent: {}
[8.858919] (main_arm_package) StdoutLine: {'line': b'[ 62%] Built target ArmClient\n'}
[8.930633] (-) TimerEvent: {}
[9.030947] (-) TimerEvent: {}
[9.131290] (-) TimerEvent: {}
[9.231706] (-) TimerEvent: {}
[9.332075] (-) TimerEvent: {}
[9.432438] (-) TimerEvent: {}
[9.532796] (-) TimerEvent: {}
[9.633181] (-) TimerEvent: {}
[9.733509] (-) TimerEvent: {}
[9.833925] (-) TimerEvent: {}
[9.934338] (-) TimerEvent: {}
[10.034644] (-) TimerEvent: {}
[10.134963] (-) TimerEvent: {}
[10.235272] (-) TimerEvent: {}
[10.335668] (-) TimerEvent: {}
[10.436013] (-) TimerEvent: {}
[10.536419] (-) TimerEvent: {}
[10.636819] (-) TimerEvent: {}
[10.737196] (-) TimerEvent: {}
[10.837541] (-) TimerEvent: {}
[10.937902] (-) TimerEvent: {}
[11.038288] (-) TimerEvent: {}
[11.138646] (-) TimerEvent: {}
[11.239083] (-) TimerEvent: {}
[11.339536] (-) TimerEvent: {}
[11.439887] (-) TimerEvent: {}
[11.540247] (-) TimerEvent: {}
[11.640585] (-) TimerEvent: {}
[11.741006] (-) TimerEvent: {}
[11.841493] (-) TimerEvent: {}
[11.941985] (-) TimerEvent: {}
[12.042370] (-) TimerEvent: {}
[12.142738] (-) TimerEvent: {}
[12.243118] (-) TimerEvent: {}
[12.343465] (-) TimerEvent: {}
[12.368688] (main_arm_package) StdoutLine: {'line': b'[ 75%] \x1b[32m\x1b[1mLinking CXX executable ArmMonitor\x1b[0m\n'}
[12.431740] (main_arm_package) StdoutLine: {'line': b'[ 87%] \x1b[32m\x1b[1mLinking CXX executable ArmController\x1b[0m\n'}
[12.443539] (-) TimerEvent: {}
[12.543959] (-) TimerEvent: {}
[12.644502] (-) TimerEvent: {}
[12.744871] (-) TimerEvent: {}
[12.827493] (main_arm_package) StdoutLine: {'line': b'[ 87%] Built target ArmMonitor\n'}
[12.845001] (-) TimerEvent: {}
[12.912022] (main_arm_package) StdoutLine: {'line': b'[ 87%] Built target ArmController\n'}
[12.945139] (-) TimerEvent: {}
[13.045484] (-) TimerEvent: {}
[13.145828] (-) TimerEvent: {}
[13.246263] (-) TimerEvent: {}
[13.346647] (-) TimerEvent: {}
[13.446982] (-) TimerEvent: {}
[13.530153] (main_arm_package) StdoutLine: {'line': b'[100%] \x1b[32m\x1b[1mLinking CXX executable ArmMover\x1b[0m\n'}
[13.547066] (-) TimerEvent: {}
[13.647450] (-) TimerEvent: {}
[13.747826] (-) TimerEvent: {}
[13.848154] (-) TimerEvent: {}
[13.948518] (-) TimerEvent: {}
[13.980665] (main_arm_package) StdoutLine: {'line': b'[100%] Built target ArmMover\n'}
[13.994323] (main_arm_package) CommandEnded: {'returncode': 0}
[13.995385] (main_arm_package) JobProgress: {'identifier': 'main_arm_package', 'progress': 'install'}
[13.996166] (main_arm_package) Command: {'cmd': ['/usr/bin/cmake', '--install', '/home/ibrahim/RobotArmExpanded/build/main_arm_package'], 'cwd': '/home/ibrahim/RobotArmExpanded/build/main_arm_package', 'env': OrderedDict([('PYTHON_BASIC_REPL', '1'), ('LESSOPEN', '| /usr/bin/lesspipe %s'), ('USER', 'ibrahim'), ('GIT_ASKPASS', '/home/ibrahim/.vscode-server/bin/0958016b2af9f09bb4257e0df4a95e2f90590f9f/extensions/git/dist/askpass.sh'), ('SHLVL', '1'), ('LD_LIBRARY_PATH', '/home/ibrahim/RobotArmExpanded/install/action_interfaces/lib:/home/ibrahim/RobotArm/install/action_interfaces/lib:/home/ibrahim/RobotNav/install/action_interfaces/lib:/home/ibrahim/ros2_ws/install/action_interfaces/lib:/usr/lib/x86_64-linux-gnu/gazebo-11/plugins:/opt/ros/humble/opt/rviz_ogre_vendor/lib:/opt/ros/humble/lib/x86_64-linux-gnu:/opt/ros/humble/lib'), ('HOME', '/home/ibrahim'), ('OLDPWD', '/home/ibrahim/RobotArmExpanded'), ('TERM_PROGRAM_VERSION', '1.120.0'), ('VSCODE_IPC_HOOK_CLI', '/run/user/1000/vscode-ipc-32817913-6766-4ff9-82d5-536fa367fc96.sock'), ('ROS_PYTHON_VERSION', '3'), ('VSCODE_GIT_ASKPASS_MAIN', '/home/ibrahim/.vscode-server/bin/0958016b2af9f09bb4257e0df4a95e2f90590f9f/extensions/git/dist/askpass-main.js'), ('VSCODE_GIT_ASKPASS_NODE', '/home/ibrahim/.vscode-server/bin/0958016b2af9f09bb4257e0df4a95e2f90590f9f/node'), ('PYDEVD_DISABLE_FILE_VALIDATION', '1'), ('BUNDLED_DEBUGPY_PATH', '/home/ibrahim/.vscode-server/extensions/ms-python.debugpy-2026.6.0-linux-x64/bundled/libs/debugpy'), ('VSCODE_PYTHON_AUTOACTIVATE_GUARD', '1'), ('DBUS_SESSION_BUS_ADDRESS', 'unix:path=/run/user/1000/bus'), ('COLORTERM', 'truecolor'), ('WSL_DISTRO_NAME', 'Ubuntu-22.04'), ('WAYLAND_DISPLAY', 'wayland-0'), ('COLCON_PREFIX_PATH', '/home/ibrahim/RobotArmExpanded/install:/home/ibrahim/RobotArm/install:/home/ibrahim/TF2Sample/install:/home/ibrahim/RobotNav/install:/home/ibrahim/RobotMonitor/install:/home/ibrahim/ros2_ws/install'), ('ROS_DISTRO', 'humble'), ('LOGNAME', 'ibrahim'), ('NAME', 'Ibrahim-laptop'), ('WSL_INTEROP', '/run/WSL/430_interop'), ('PULSE_SERVER', 'unix:/mnt/wslg/PulseServer'), ('_', '/usr/bin/colcon'), ('ROS_VERSION', '2'), ('CLAUDE_CODE_SSE_PORT', '51143'), ('TERM', 'xterm-256color'), ('ROS_LOCALHOST_ONLY', '0'), ('PATH', '/home/ibrahim/.vscode-server/data/User/globalStorage/github.copilot-chat/debugCommand:/home/ibrahim/.vscode-server/data/User/globalStorage/github.copilot-chat/copilotCli:/home/ibrahim/.vscode-server/bin/0958016b2af9f09bb4257e0df4a95e2f90590f9f/bin/remote-cli:/opt/ros/humble/bin:/usr/local/sbin:/usr/local/bin:/usr/sbin:/usr/bin:/sbin:/bin:/usr/games:/usr/local/games:/usr/lib/wsl/lib:/mnt/c/Users/zanto/AppData/Local/Programs/Microsoft VS Code:/mnt/c/Windows/system32:/mnt/c/Windows:/mnt/c/Windows/System32/Wbem:/mnt/c/Windows/System32/WindowsPowerShell/v1.0/:/mnt/c/Windows/System32/OpenSSH/:/mnt/c/Program Files (x86)/NVIDIA Corporation/PhysX/Common:/mnt/c/Program Files/NVIDIA Corporation/NVIDIA App/NvDLISR:/mnt/c/Program Files/dotnet/:/mnt/c/Program Files/nodejs/:/mnt/c/Program Files/Git/cmd:/mnt/c/Program Files/PostgreSQL/18/bin:/mnt/c/Users/zanto/.local/bin:/mnt/c/Program Files/Docker/Docker/resources/bin:/mnt/c/Program Files/GitHub CLI/:/mnt/c/Users/zanto/AppData/Local/Programs/Python/Python312/Scripts/:/mnt/c/Users/zanto/AppData/Local/Programs/Python/Python312/:/mnt/c/Users/zanto/AppData/Local/Programs/Python/Python314/Scripts/:/mnt/c/Users/zanto/AppData/Local/Programs/Python/Python314/:/mnt/c/Users/zanto/AppData/Local/Microsoft/WindowsApps:/mnt/c/Users/zanto/AppData/Local/Programs/Microsoft VS Code/bin:/mnt/c/Users/zanto/AppData/Local/Programs/Ollama:/mnt/c/Users/zanto/AppData/Roaming/npm:/mnt/c/msys64/ucrt64/bin:/snap/bin:/home/ibrahim/.vscode-server/extensions/ms-python.debugpy-2026.6.0-linux-x64/bundled/scripts/noConfigScripts'), ('XDG_RUNTIME_DIR', '/run/user/1000/'), ('DISPLAY', ':0'), ('VSCODE_DEBUGPY_ADAPTER_ENDPOINTS', '/home/ibrahim/.vscode-server/extensions/ms-python.debugpy-2026.6.0-linux-x64/.noConfigDebugAdapterEndpoints/endpoint-8cc6ed390c99180e.txt'), ('LANG', 'C.UTF-8'), ('PYTHONSTARTUP', '/home/ibrahim/.vscode-server/data/User/workspaceStorage/e80122f58dd8365232b0ea725993d05e/ms-python.python/pythonrc.py'), ('LS_COLORS', 'rs=0:di=01;34:ln=01;36:mh=00:pi=40;33:so=01;35:do=01;35:bd=40;33;01:cd=40;33;01:or=40;31;01:mi=00:su=37;41:sg=30;43:ca=30;41:tw=30;42:ow=34;42:st=37;44:ex=01;32:*.tar=01;31:*.tgz=01;31:*.arc=01;31:*.arj=01;31:*.taz=01;31:*.lha=01;31:*.lz4=01;31:*.lzh=01;31:*.lzma=01;31:*.tlz=01;31:*.txz=01;31:*.tzo=01;31:*.t7z=01;31:*.zip=01;31:*.z=01;31:*.dz=01;31:*.gz=01;31:*.lrz=01;31:*.lz=01;31:*.lzo=01;31:*.xz=01;31:*.zst=01;31:*.tzst=01;31:*.bz2=01;31:*.bz=01;31:*.tbz=01;31:*.tbz2=01;31:*.tz=01;31:*.deb=01;31:*.rpm=01;31:*.jar=01;31:*.war=01;31:*.ear=01;31:*.sar=01;31:*.rar=01;31:*.alz=01;31:*.ace=01;31:*.zoo=01;31:*.cpio=01;31:*.7z=01;31:*.rz=01;31:*.cab=01;31:*.wim=01;31:*.swm=01;31:*.dwm=01;31:*.esd=01;31:*.jpg=01;35:*.jpeg=01;35:*.mjpg=01;35:*.mjpeg=01;35:*.gif=01;35:*.bmp=01;35:*.pbm=01;35:*.pgm=01;35:*.ppm=01;35:*.tga=01;35:*.xbm=01;35:*.xpm=01;35:*.tif=01;35:*.tiff=01;35:*.png=01;35:*.svg=01;35:*.svgz=01;35:*.mng=01;35:*.pcx=01;35:*.mov=01;35:*.mpg=01;35:*.mpeg=01;35:*.m2v=01;35:*.mkv=01;35:*.webm=01;35:*.webp=01;35:*.ogm=01;35:*.mp4=01;35:*.m4v=01;35:*.mp4v=01;35:*.vob=01;35:*.qt=01;35:*.nuv=01;35:*.wmv=01;35:*.asf=01;35:*.rm=01;35:*.rmvb=01;35:*.flc=01;35:*.avi=01;35:*.fli=01;35:*.flv=01;35:*.gl=01;35:*.dl=01;35:*.xcf=01;35:*.xwd=01;35:*.yuv=01;35:*.cgm=01;35:*.emf=01;35:*.ogv=01;35:*.ogx=01;35:*.aac=00;36:*.au=00;36:*.flac=00;36:*.m4a=00;36:*.mid=00;36:*.midi=00;36:*.mka=00;36:*.mp3=00;36:*.mpc=00;36:*.ogg=00;36:*.ra=00;36:*.wav=00;36:*.oga=00;36:*.opus=00;36:*.spx=00;36:*.xspf=00;36:'), ('VSCODE_GIT_IPC_HANDLE', '/run/user/1000/vscode-git-fffe7d841c.sock'), ('TERM_PROGRAM', 'vscode'), ('ROS_DOMAIN_ID', '10'), ('AMENT_PREFIX_PATH', '/home/ibrahim/RobotArmExpanded/install/main_arm_package:/home/ibrahim/RobotArmExpanded/install/action_interfaces:/home/ibrahim/RobotArm/install/main_arm_package:/home/ibrahim/RobotArm/install/action_interfaces:/home/ibrahim/TF2Sample/install/tf2sim:/home/ibrahim/RobotNav/install/main_robot_nodes:/home/ibrahim/RobotNav/install/action_interfaces:/home/ibrahim/RobotMonitor/install/Robot3Node_Package:/home/ibrahim/ros2_ws/install/my_first_package:/home/ibrahim/ros2_ws/install/action_interfaces:/opt/ros/humble'), ('SHELL', '/bin/bash'), ('LESSCLOSE', '/usr/bin/lesspipe %s %s'), ('VSCODE_GIT_ASKPASS_EXTRA_ARGS', ''), ('PWD', '/home/ibrahim/RobotArmExpanded/build/main_arm_package'), ('XDG_DATA_DIRS', '/usr/local/share:/usr/share:/var/lib/snapd/desktop'), ('PYTHONPATH', '/home/ibrahim/RobotArmExpanded/install/action_interfaces/local/lib/python3.10/dist-packages:/home/ibrahim/RobotArm/install/action_interfaces/local/lib/python3.10/dist-packages:/home/ibrahim/RobotNav/install/action_interfaces/local/lib/python3.10/dist-packages:/home/ibrahim/ros2_ws/install/action_interfaces/local/lib/python3.10/dist-packages:/opt/ros/humble/lib/python3.10/site-packages:/opt/ros/humble/local/lib/python3.10/dist-packages'), ('COLCON', '1'), ('WSL2_GUI_APPS_ENABLED', '1'), ('HOSTTYPE', 'x86_64'), ('CMAKE_PREFIX_PATH', '/home/ibrahim/RobotArmExpanded/install/action_interfaces:/home/ibrahim/RobotArmExpanded/install/main_arm_package:/home/ibrahim/TF2Sample/install/tf2sim:/home/ibrahim/RobotNav/install/main_robot_nodes:/home/ibrahim/RobotNav/install/action_interfaces:/home/ibrahim/RobotMonitor/install/Robot3Node_Package:/home/ibrahim/ros2_ws/install/my_first_package:/home/ibrahim/ros2_ws/install/action_interfaces:/home/ibrahim/RobotArm/install/main_arm_package:/home/ibrahim/RobotArm/install/action_interfaces:/opt/ros/humble'), ('WSLENV', 'VSCODE_WSL_EXT_LOCATION/up')]), 'shell': False}
[14.003907] (main_arm_package) StdoutLine: {'line': b'-- Install configuration: ""\n'}
[14.005062] (main_arm_package) StdoutLine: {'line': b'-- Installing: /home/ibrahim/RobotArmExpanded/install/main_arm_package/lib/main_arm_package/ArmController\n'}
[14.010541] (main_arm_package) StdoutLine: {'line': b'-- Set runtime path of "/home/ibrahim/RobotArmExpanded/install/main_arm_package/lib/main_arm_package/ArmController" to ""\n'}
[14.011444] (main_arm_package) StdoutLine: {'line': b'-- Installing: /home/ibrahim/RobotArmExpanded/install/main_arm_package/lib/main_arm_package/ArmMonitor\n'}
[14.016516] (main_arm_package) StdoutLine: {'line': b'-- Set runtime path of "/home/ibrahim/RobotArmExpanded/install/main_arm_package/lib/main_arm_package/ArmMonitor" to ""\n'}
[14.017598] (main_arm_package) StdoutLine: {'line': b'-- Installing: /home/ibrahim/RobotArmExpanded/install/main_arm_package/lib/main_arm_package/ArmMover\n'}
[14.023638] (main_arm_package) StdoutLine: {'line': b'-- Set runtime path of "/home/ibrahim/RobotArmExpanded/install/main_arm_package/lib/main_arm_package/ArmMover" to ""\n'}
[14.024771] (main_arm_package) StdoutLine: {'line': b'-- Installing: /home/ibrahim/RobotArmExpanded/install/main_arm_package/lib/main_arm_package/ArmClient\n'}
[14.026323] (main_arm_package) StdoutLine: {'line': b'-- Set runtime path of "/home/ibrahim/RobotArmExpanded/install/main_arm_package/lib/main_arm_package/ArmClient" to ""\n'}
[14.026690] (main_arm_package) StdoutLine: {'line': b'-- Up-to-date: /home/ibrahim/RobotArmExpanded/install/main_arm_package/share/main_arm_package/launch\n'}
[14.026912] (main_arm_package) StdoutLine: {'line': b'-- Up-to-date: /home/ibrahim/RobotArmExpanded/install/main_arm_package/share/main_arm_package/launch/display.launch.py\n'}
[14.027125] (main_arm_package) StdoutLine: {'line': b'-- Up-to-date: /home/ibrahim/RobotArmExpanded/install/main_arm_package/share/main_arm_package/launch/launch.py\n'}
[14.027197] (main_arm_package) StdoutLine: {'line': b'-- Up-to-date: /home/ibrahim/RobotArmExpanded/install/main_arm_package/share/main_arm_package/urdf\n'}
[14.027345] (main_arm_package) StdoutLine: {'line': b'-- Up-to-date: /home/ibrahim/RobotArmExpanded/install/main_arm_package/share/main_arm_package/urdf/arm.urdf\n'}
[14.027634] (main_arm_package) StdoutLine: {'line': b'-- Up-to-date: /home/ibrahim/RobotArmExpanded/install/main_arm_package/share/main_arm_package/rviz\n'}
[14.027695] (main_arm_package) StdoutLine: {'line': b'-- Up-to-date: /home/ibrahim/RobotArmExpanded/install/main_arm_package/share/main_arm_package/rviz/arm.rviz\n'}
[14.027735] (main_arm_package) StdoutLine: {'line': b'-- Up-to-date: /home/ibrahim/RobotArmExpanded/install/main_arm_package/share/ament_index/resource_index/package_run_dependencies/main_arm_package\n'}
[14.027773] (main_arm_package) StdoutLine: {'line': b'-- Up-to-date: /home/ibrahim/RobotArmExpanded/install/main_arm_package/share/ament_index/resource_index/parent_prefix_path/main_arm_package\n'}
[14.027806] (main_arm_package) StdoutLine: {'line': b'-- Up-to-date: /home/ibrahim/RobotArmExpanded/install/main_arm_package/share/main_arm_package/environment/ament_prefix_path.sh\n'}
[14.027836] (main_arm_package) StdoutLine: {'line': b'-- Up-to-date: /home/ibrahim/RobotArmExpanded/install/main_arm_package/share/main_arm_package/environment/ament_prefix_path.dsv\n'}
[14.027867] (main_arm_package) StdoutLine: {'line': b'-- Up-to-date: /home/ibrahim/RobotArmExpanded/install/main_arm_package/share/main_arm_package/environment/path.sh\n'}
[14.027893] (main_arm_package) StdoutLine: {'line': b'-- Up-to-date: /home/ibrahim/RobotArmExpanded/install/main_arm_package/share/main_arm_package/environment/path.dsv\n'}
[14.027923] (main_arm_package) StdoutLine: {'line': b'-- Up-to-date: /home/ibrahim/RobotArmExpanded/install/main_arm_package/share/main_arm_package/local_setup.bash\n'}
[14.027955] (main_arm_package) StdoutLine: {'line': b'-- Up-to-date: /home/ibrahim/RobotArmExpanded/install/main_arm_package/share/main_arm_package/local_setup.sh\n'}
[14.027987] (main_arm_package) StdoutLine: {'line': b'-- Up-to-date: /home/ibrahim/RobotArmExpanded/install/main_arm_package/share/main_arm_package/local_setup.zsh\n'}
[14.028017] (main_arm_package) StdoutLine: {'line': b'-- Up-to-date: /home/ibrahim/RobotArmExpanded/install/main_arm_package/share/main_arm_package/local_setup.dsv\n'}
[14.028043] (main_arm_package) StdoutLine: {'line': b'-- Installing: /home/ibrahim/RobotArmExpanded/install/main_arm_package/share/main_arm_package/package.dsv\n'}
[14.028143] (main_arm_package) StdoutLine: {'line': b'-- Up-to-date: /home/ibrahim/RobotArmExpanded/install/main_arm_package/share/ament_index/resource_index/packages/main_arm_package\n'}
[14.028326] (main_arm_package) StdoutLine: {'line': b'-- Up-to-date: /home/ibrahim/RobotArmExpanded/install/main_arm_package/share/main_arm_package/cmake/main_arm_packageConfig.cmake\n'}
[14.028479] (main_arm_package) StdoutLine: {'line': b'-- Up-to-date: /home/ibrahim/RobotArmExpanded/install/main_arm_package/share/main_arm_package/cmake/main_arm_packageConfig-version.cmake\n'}
[14.028549] (main_arm_package) StdoutLine: {'line': b'-- Up-to-date: /home/ibrahim/RobotArmExpanded/install/main_arm_package/share/main_arm_package/package.xml\n'}
[14.030618] (main_arm_package) CommandEnded: {'returncode': 0}
[14.042167] (main_arm_package) JobEnded: {'identifier': 'main_arm_package', 'rc': 0}
[14.043116] (-) EventReactorShutdown: {}
