[0.000000] (-) TimerEvent: {}
[0.000494] (action_interfaces) JobQueued: {'identifier': 'action_interfaces', 'dependencies': OrderedDict()}
[0.000550] (main_arm_package) JobQueued: {'identifier': 'main_arm_package', 'dependencies': OrderedDict([('action_interfaces', '/home/ibrahim/RobotArm/install/action_interfaces')])}
[0.000604] (action_interfaces) JobStarted: {'identifier': 'action_interfaces'}
[0.012643] (action_interfaces) JobProgress: {'identifier': 'action_interfaces', 'progress': 'cmake'}
[0.015077] (action_interfaces) Command: {'cmd': ['/usr/bin/cmake', '/home/ibrahim/RobotArm/src/action_interfaces', '-DCMAKE_INSTALL_PREFIX=/home/ibrahim/RobotArm/install/action_interfaces'], 'cwd': '/home/ibrahim/RobotArm/build/action_interfaces', 'env': OrderedDict([('PYTHON_BASIC_REPL', '1'), ('LESSOPEN', '| /usr/bin/lesspipe %s'), ('USER', 'ibrahim'), ('GIT_ASKPASS', '/home/ibrahim/.vscode-server/bin/0958016b2af9f09bb4257e0df4a95e2f90590f9f/extensions/git/dist/askpass.sh'), ('SHLVL', '1'), ('LD_LIBRARY_PATH', '/home/ibrahim/RobotNav/install/action_interfaces/lib:/home/ibrahim/RobotArm/install/action_interfaces/lib:/home/ibrahim/ros2_ws/install/action_interfaces/lib:/usr/lib/x86_64-linux-gnu/gazebo-11/plugins:/opt/ros/humble/opt/rviz_ogre_vendor/lib:/opt/ros/humble/lib/x86_64-linux-gnu:/opt/ros/humble/lib'), ('MOTD_SHOWN', 'update-motd'), ('HOME', '/home/ibrahim'), ('OLDPWD', '/home/ibrahim/RobotArm'), ('TERM_PROGRAM_VERSION', '1.120.0'), ('VSCODE_IPC_HOOK_CLI', '/run/user/1000/vscode-ipc-33101308-cf23-4e9c-8338-aa96cc31068a.sock'), ('ROS_PYTHON_VERSION', '3'), ('VSCODE_GIT_ASKPASS_MAIN', '/home/ibrahim/.vscode-server/bin/0958016b2af9f09bb4257e0df4a95e2f90590f9f/extensions/git/dist/askpass-main.js'), ('VSCODE_GIT_ASKPASS_NODE', '/home/ibrahim/.vscode-server/bin/0958016b2af9f09bb4257e0df4a95e2f90590f9f/node'), ('PYDEVD_DISABLE_FILE_VALIDATION', '1'), ('BUNDLED_DEBUGPY_PATH', '/home/ibrahim/.vscode-server/extensions/ms-python.debugpy-2026.6.0-linux-x64/bundled/libs/debugpy'), ('VSCODE_PYTHON_AUTOACTIVATE_GUARD', '1'), ('DBUS_SESSION_BUS_ADDRESS', 'unix:path=/run/user/1000/bus'), ('COLORTERM', 'truecolor'), ('WSL_DISTRO_NAME', 'Ubuntu-22.04'), ('WAYLAND_DISPLAY', 'wayland-0'), ('COLCON_PREFIX_PATH', '/home/ibrahim/RobotArm/install:/home/ibrahim/TF2Sample/install:/home/ibrahim/RobotNav/install:/home/ibrahim/RobotMonitor/install:/home/ibrahim/ros2_ws/install'), ('ROS_DISTRO', 'humble'), ('LOGNAME', 'ibrahim'), ('NAME', 'Ibrahim-laptop'), ('WSL_INTEROP', '/run/WSL/451_interop'), ('PULSE_SERVER', 'unix:/mnt/wslg/PulseServer'), ('_', '/usr/bin/colcon'), ('ROS_VERSION', '2'), ('CLAUDE_CODE_SSE_PORT', '17949'), ('TERM', 'xterm-256color'), ('ROS_LOCALHOST_ONLY', '0'), ('PATH', '/home/ibrahim/.vscode-server/data/User/globalStorage/github.copilot-chat/debugCommand:/home/ibrahim/.vscode-server/data/User/globalStorage/github.copilot-chat/copilotCli:/home/ibrahim/.vscode-server/bin/0958016b2af9f09bb4257e0df4a95e2f90590f9f/bin/remote-cli:/opt/ros/humble/bin:/usr/local/sbin:/usr/local/bin:/usr/sbin:/usr/bin:/sbin:/bin:/usr/games:/usr/local/games:/usr/lib/wsl/lib:/mnt/c/Users/zanto/AppData/Local/Programs/Microsoft VS Code:/mnt/c/Windows/system32:/mnt/c/Windows:/mnt/c/Windows/System32/Wbem:/mnt/c/Windows/System32/WindowsPowerShell/v1.0/:/mnt/c/Windows/System32/OpenSSH/:/mnt/c/Program Files (x86)/NVIDIA Corporation/PhysX/Common:/mnt/c/Program Files/NVIDIA Corporation/NVIDIA App/NvDLISR:/mnt/c/Program Files/dotnet/:/mnt/c/Program Files/nodejs/:/mnt/c/Program Files/Git/cmd:/mnt/c/Program Files/PostgreSQL/18/bin:/mnt/c/Users/zanto/.local/bin:/mnt/c/Program Files/Docker/Docker/resources/bin:/mnt/c/Program Files/GitHub CLI/:/mnt/c/Users/zanto/AppData/Local/Programs/Python/Python312/Scripts/:/mnt/c/Users/zanto/AppData/Local/Programs/Python/Python312/:/mnt/c/Users/zanto/AppData/Local/Programs/Python/Python314/Scripts/:/mnt/c/Users/zanto/AppData/Local/Programs/Python/Python314/:/mnt/c/Users/zanto/AppData/Local/Microsoft/WindowsApps:/mnt/c/Users/zanto/AppData/Local/Programs/Microsoft VS Code/bin:/mnt/c/Users/zanto/AppData/Local/Programs/Ollama:/mnt/c/Users/zanto/AppData/Roaming/npm:/mnt/c/msys64/ucrt64/bin:/snap/bin:/home/ibrahim/.vscode-server/extensions/ms-python.debugpy-2026.6.0-linux-x64/bundled/scripts/noConfigScripts'), ('XDG_RUNTIME_DIR', '/run/user/1000/'), ('DISPLAY', ':0'), ('VSCODE_DEBUGPY_ADAPTER_ENDPOINTS', '/home/ibrahim/.vscode-server/extensions/ms-python.debugpy-2026.6.0-linux-x64/.noConfigDebugAdapterEndpoints/endpoint-714e652f892be45d.txt'), ('LANG', 'C.UTF-8'), ('PYTHONSTARTUP', '/home/ibrahim/.vscode-server/data/User/workspaceStorage/fa8168787113d28de46c06dc78839278/ms-python.python/pythonrc.py'), ('LS_COLORS', 'rs=0:di=01;34:ln=01;36:mh=00:pi=40;33:so=01;35:do=01;35:bd=40;33;01:cd=40;33;01:or=40;31;01:mi=00:su=37;41:sg=30;43:ca=30;41:tw=30;42:ow=34;42:st=37;44:ex=01;32:*.tar=01;31:*.tgz=01;31:*.arc=01;31:*.arj=01;31:*.taz=01;31:*.lha=01;31:*.lz4=01;31:*.lzh=01;31:*.lzma=01;31:*.tlz=01;31:*.txz=01;31:*.tzo=01;31:*.t7z=01;31:*.zip=01;31:*.z=01;31:*.dz=01;31:*.gz=01;31:*.lrz=01;31:*.lz=01;31:*.lzo=01;31:*.xz=01;31:*.zst=01;31:*.tzst=01;31:*.bz2=01;31:*.bz=01;31:*.tbz=01;31:*.tbz2=01;31:*.tz=01;31:*.deb=01;31:*.rpm=01;31:*.jar=01;31:*.war=01;31:*.ear=01;31:*.sar=01;31:*.rar=01;31:*.alz=01;31:*.ace=01;31:*.zoo=01;31:*.cpio=01;31:*.7z=01;31:*.rz=01;31:*.cab=01;31:*.wim=01;31:*.swm=01;31:*.dwm=01;31:*.esd=01;31:*.jpg=01;35:*.jpeg=01;35:*.mjpg=01;35:*.mjpeg=01;35:*.gif=01;35:*.bmp=01;35:*.pbm=01;35:*.pgm=01;35:*.ppm=01;35:*.tga=01;35:*.xbm=01;35:*.xpm=01;35:*.tif=01;35:*.tiff=01;35:*.png=01;35:*.svg=01;35:*.svgz=01;35:*.mng=01;35:*.pcx=01;35:*.mov=01;35:*.mpg=01;35:*.mpeg=01;35:*.m2v=01;35:*.mkv=01;35:*.webm=01;35:*.webp=01;35:*.ogm=01;35:*.mp4=01;35:*.m4v=01;35:*.mp4v=01;35:*.vob=01;35:*.qt=01;35:*.nuv=01;35:*.wmv=01;35:*.asf=01;35:*.rm=01;35:*.rmvb=01;35:*.flc=01;35:*.avi=01;35:*.fli=01;35:*.flv=01;35:*.gl=01;35:*.dl=01;35:*.xcf=01;35:*.xwd=01;35:*.yuv=01;35:*.cgm=01;35:*.emf=01;35:*.ogv=01;35:*.ogx=01;35:*.aac=00;36:*.au=00;36:*.flac=00;36:*.m4a=00;36:*.mid=00;36:*.midi=00;36:*.mka=00;36:*.mp3=00;36:*.mpc=00;36:*.ogg=00;36:*.ra=00;36:*.wav=00;36:*.oga=00;36:*.opus=00;36:*.spx=00;36:*.xspf=00;36:'), ('VSCODE_GIT_IPC_HANDLE', '/run/user/1000/vscode-git-15da379591.sock'), ('TERM_PROGRAM', 'vscode'), ('ROS_DOMAIN_ID', '10'), ('AMENT_PREFIX_PATH', '/home/ibrahim/RobotNav/install/main_robot_nodes:/home/ibrahim/RobotNav/install/action_interfaces:/home/ibrahim/RobotArm/install/main_arm_package:/home/ibrahim/RobotArm/install/action_interfaces:/home/ibrahim/TF2Sample/install/tf2sim:/home/ibrahim/ros2_ws/install/my_first_package:/home/ibrahim/ros2_ws/install/action_interfaces:/home/ibrahim/RobotMonitor/install/Robot3Node_Package:/opt/ros/humble'), ('SHELL', '/bin/bash'), ('LESSCLOSE', '/usr/bin/lesspipe %s %s'), ('VSCODE_GIT_ASKPASS_EXTRA_ARGS', ''), ('PWD', '/home/ibrahim/RobotArm/build/action_interfaces'), ('XDG_DATA_DIRS', '/usr/local/share:/usr/share:/var/lib/snapd/desktop'), ('PYTHONPATH', '/home/ibrahim/RobotNav/install/action_interfaces/local/lib/python3.10/dist-packages:/home/ibrahim/RobotArm/install/action_interfaces/local/lib/python3.10/dist-packages:/home/ibrahim/ros2_ws/install/action_interfaces/local/lib/python3.10/dist-packages:/opt/ros/humble/lib/python3.10/site-packages:/opt/ros/humble/local/lib/python3.10/dist-packages'), ('COLCON', '1'), ('WSL2_GUI_APPS_ENABLED', '1'), ('HOSTTYPE', 'x86_64'), ('CMAKE_PREFIX_PATH', '/home/ibrahim/RobotNav/install/main_robot_nodes:/home/ibrahim/RobotNav/install/action_interfaces:/home/ibrahim/RobotArm/install/main_arm_package:/home/ibrahim/RobotArm/install/action_interfaces:/home/ibrahim/TF2Sample/install/tf2sim:/home/ibrahim/ros2_ws/install/my_first_package:/home/ibrahim/ros2_ws/install/action_interfaces:/home/ibrahim/RobotMonitor/install/Robot3Node_Package:/opt/ros/humble'), ('WSLENV', 'VSCODE_WSL_EXT_LOCATION/up:VSCODE_SERVER_TAR/up')]), 'shell': False}
[0.099509] (-) TimerEvent: {}
[0.179047] (action_interfaces) StdoutLine: {'line': b'-- The C compiler identification is GNU 11.4.0\n'}
[0.199664] (-) TimerEvent: {}
[0.300098] (-) TimerEvent: {}
[0.400449] (-) TimerEvent: {}
[0.501053] (-) TimerEvent: {}
[0.601433] (-) TimerEvent: {}
[0.701739] (-) TimerEvent: {}
[0.737197] (action_interfaces) StdoutLine: {'line': b'-- The CXX compiler identification is GNU 11.4.0\n'}
[0.801892] (-) TimerEvent: {}
[0.902374] (-) TimerEvent: {}
[1.002825] (-) TimerEvent: {}
[1.103237] (-) TimerEvent: {}
[1.133957] (action_interfaces) StdoutLine: {'line': b'-- Detecting C compiler ABI info\n'}
[1.203374] (-) TimerEvent: {}
[1.303859] (-) TimerEvent: {}
[1.310259] (action_interfaces) StdoutLine: {'line': b'-- Detecting C compiler ABI info - done\n'}
[1.317850] (action_interfaces) StdoutLine: {'line': b'-- Check for working C compiler: /usr/bin/cc - skipped\n'}
[1.318192] (action_interfaces) StdoutLine: {'line': b'-- Detecting C compile features\n'}
[1.318662] (action_interfaces) StdoutLine: {'line': b'-- Detecting C compile features - done\n'}
[1.321711] (action_interfaces) StdoutLine: {'line': b'-- Detecting CXX compiler ABI info\n'}
[1.404008] (-) TimerEvent: {}
[1.503987] (action_interfaces) StdoutLine: {'line': b'-- Detecting CXX compiler ABI info - done\n'}
[1.504201] (-) TimerEvent: {}
[1.509566] (action_interfaces) StdoutLine: {'line': b'-- Check for working CXX compiler: /usr/bin/c++ - skipped\n'}
[1.510001] (action_interfaces) StdoutLine: {'line': b'-- Detecting CXX compile features\n'}
[1.510435] (action_interfaces) StdoutLine: {'line': b'-- Detecting CXX compile features - done\n'}
[1.514469] (action_interfaces) StdoutLine: {'line': b'-- Found ament_cmake: 1.3.14 (/opt/ros/humble/share/ament_cmake/cmake)\n'}
[1.604406] (-) TimerEvent: {}
[1.670073] (action_interfaces) StdoutLine: {'line': b'-- Found Python3: /usr/bin/python3 (found version "3.10.12") found components: Interpreter \n'}
[1.704563] (-) TimerEvent: {}
[1.787527] (action_interfaces) StdoutLine: {'line': b'-- Found rosidl_default_generators: 1.2.1 (/opt/ros/humble/share/rosidl_default_generators/cmake)\n'}
[1.791773] (action_interfaces) StdoutLine: {'line': b'-- Using all available rosidl_typesupport_c: rosidl_typesupport_fastrtps_c;rosidl_typesupport_introspection_c\n'}
[1.800949] (action_interfaces) StdoutLine: {'line': b'-- Found rosidl_adapter: 3.1.8 (/opt/ros/humble/share/rosidl_adapter/cmake)\n'}
[1.804665] (-) TimerEvent: {}
[1.905089] (-) TimerEvent: {}
[1.992578] (action_interfaces) StdoutLine: {'line': b'-- Using all available rosidl_typesupport_cpp: rosidl_typesupport_fastrtps_cpp;rosidl_typesupport_introspection_cpp\n'}
[2.005202] (-) TimerEvent: {}
[2.105818] (-) TimerEvent: {}
[2.206333] (-) TimerEvent: {}
[2.306719] (-) TimerEvent: {}
[2.320556] (action_interfaces) StdoutLine: {'line': b'-- Found ament_cmake_ros: 0.10.0 (/opt/ros/humble/share/ament_cmake_ros/cmake)\n'}
[2.406902] (-) TimerEvent: {}
[2.507275] (-) TimerEvent: {}
[2.529191] (action_interfaces) StdoutLine: {'line': b'-- Using all available rosidl_typesupport_c: rosidl_typesupport_fastrtps_c;rosidl_typesupport_introspection_c\n'}
[2.607434] (-) TimerEvent: {}
[2.707845] (-) TimerEvent: {}
[2.795983] (action_interfaces) StdoutLine: {'line': b'-- Using all available rosidl_typesupport_cpp: rosidl_typesupport_fastrtps_cpp;rosidl_typesupport_introspection_cpp\n'}
[2.807933] (-) TimerEvent: {}
[2.908332] (-) TimerEvent: {}
[2.953676] (action_interfaces) StdoutLine: {'line': b'-- Found PythonInterp: /usr/bin/python3 (found suitable version "3.10.12", minimum required is "3.6") \n'}
[2.956853] (action_interfaces) StdoutLine: {'line': b'-- Found python_cmake_module: 0.10.0 (/opt/ros/humble/share/python_cmake_module/cmake)\n'}
[3.008492] (-) TimerEvent: {}
[3.108952] (-) TimerEvent: {}
[3.209367] (-) TimerEvent: {}
[3.309905] (-) TimerEvent: {}
[3.410415] (-) TimerEvent: {}
[3.413936] (action_interfaces) StdoutLine: {'line': b'-- Found PythonLibs: /usr/lib/x86_64-linux-gnu/libpython3.10.so (found suitable version "3.10.12", minimum required is "3.5") \n'}
[3.414339] (action_interfaces) StdoutLine: {'line': b'-- Using PYTHON_EXECUTABLE: /usr/bin/python3\n'}
[3.414470] (action_interfaces) StdoutLine: {'line': b'-- Using PYTHON_INCLUDE_DIRS: /usr/include/python3.10\n'}
[3.414556] (action_interfaces) StdoutLine: {'line': b'-- Using PYTHON_LIBRARIES: /usr/lib/x86_64-linux-gnu/libpython3.10.so\n'}
[3.437893] (action_interfaces) StdoutLine: {'line': b'-- Found PythonExtra: .so  \n'}
[3.510649] (-) TimerEvent: {}
[3.590757] (action_interfaces) StdoutLine: {'line': b'-- Found ament_lint_auto: 0.12.15 (/opt/ros/humble/share/ament_lint_auto/cmake)\n'}
[3.610747] (-) TimerEvent: {}
[3.620059] (action_interfaces) StdoutLine: {'line': b"-- Added test 'lint_cmake' to check CMake code style\n"}
[3.622246] (action_interfaces) StdoutLine: {'line': b"-- Added test 'xmllint' to check XML markup files\n"}
[3.626499] (action_interfaces) StdoutLine: {'line': b'-- Configuring done\n'}
[3.710871] (-) TimerEvent: {}
[3.731869] (action_interfaces) StdoutLine: {'line': b'-- Generating done\n'}
[3.751302] (action_interfaces) StdoutLine: {'line': b'-- Build files have been written to: /home/ibrahim/RobotArm/build/action_interfaces\n'}
[3.763873] (action_interfaces) CommandEnded: {'returncode': 0}
[3.765953] (action_interfaces) JobProgress: {'identifier': 'action_interfaces', 'progress': 'build'}
[3.766374] (action_interfaces) Command: {'cmd': ['/usr/bin/cmake', '--build', '/home/ibrahim/RobotArm/build/action_interfaces', '--', '-j16', '-l16'], 'cwd': '/home/ibrahim/RobotArm/build/action_interfaces', 'env': OrderedDict([('PYTHON_BASIC_REPL', '1'), ('LESSOPEN', '| /usr/bin/lesspipe %s'), ('USER', 'ibrahim'), ('GIT_ASKPASS', '/home/ibrahim/.vscode-server/bin/0958016b2af9f09bb4257e0df4a95e2f90590f9f/extensions/git/dist/askpass.sh'), ('SHLVL', '1'), ('LD_LIBRARY_PATH', '/home/ibrahim/RobotNav/install/action_interfaces/lib:/home/ibrahim/RobotArm/install/action_interfaces/lib:/home/ibrahim/ros2_ws/install/action_interfaces/lib:/usr/lib/x86_64-linux-gnu/gazebo-11/plugins:/opt/ros/humble/opt/rviz_ogre_vendor/lib:/opt/ros/humble/lib/x86_64-linux-gnu:/opt/ros/humble/lib'), ('MOTD_SHOWN', 'update-motd'), ('HOME', '/home/ibrahim'), ('OLDPWD', '/home/ibrahim/RobotArm'), ('TERM_PROGRAM_VERSION', '1.120.0'), ('VSCODE_IPC_HOOK_CLI', '/run/user/1000/vscode-ipc-33101308-cf23-4e9c-8338-aa96cc31068a.sock'), ('ROS_PYTHON_VERSION', '3'), ('VSCODE_GIT_ASKPASS_MAIN', '/home/ibrahim/.vscode-server/bin/0958016b2af9f09bb4257e0df4a95e2f90590f9f/extensions/git/dist/askpass-main.js'), ('VSCODE_GIT_ASKPASS_NODE', '/home/ibrahim/.vscode-server/bin/0958016b2af9f09bb4257e0df4a95e2f90590f9f/node'), ('PYDEVD_DISABLE_FILE_VALIDATION', '1'), ('BUNDLED_DEBUGPY_PATH', '/home/ibrahim/.vscode-server/extensions/ms-python.debugpy-2026.6.0-linux-x64/bundled/libs/debugpy'), ('VSCODE_PYTHON_AUTOACTIVATE_GUARD', '1'), ('DBUS_SESSION_BUS_ADDRESS', 'unix:path=/run/user/1000/bus'), ('COLORTERM', 'truecolor'), ('WSL_DISTRO_NAME', 'Ubuntu-22.04'), ('WAYLAND_DISPLAY', 'wayland-0'), ('COLCON_PREFIX_PATH', '/home/ibrahim/RobotArm/install:/home/ibrahim/TF2Sample/install:/home/ibrahim/RobotNav/install:/home/ibrahim/RobotMonitor/install:/home/ibrahim/ros2_ws/install'), ('ROS_DISTRO', 'humble'), ('LOGNAME', 'ibrahim'), ('NAME', 'Ibrahim-laptop'), ('WSL_INTEROP', '/run/WSL/451_interop'), ('PULSE_SERVER', 'unix:/mnt/wslg/PulseServer'), ('_', '/usr/bin/colcon'), ('ROS_VERSION', '2'), ('CLAUDE_CODE_SSE_PORT', '17949'), ('TERM', 'xterm-256color'), ('ROS_LOCALHOST_ONLY', '0'), ('PATH', '/home/ibrahim/.vscode-server/data/User/globalStorage/github.copilot-chat/debugCommand:/home/ibrahim/.vscode-server/data/User/globalStorage/github.copilot-chat/copilotCli:/home/ibrahim/.vscode-server/bin/0958016b2af9f09bb4257e0df4a95e2f90590f9f/bin/remote-cli:/opt/ros/humble/bin:/usr/local/sbin:/usr/local/bin:/usr/sbin:/usr/bin:/sbin:/bin:/usr/games:/usr/local/games:/usr/lib/wsl/lib:/mnt/c/Users/zanto/AppData/Local/Programs/Microsoft VS Code:/mnt/c/Windows/system32:/mnt/c/Windows:/mnt/c/Windows/System32/Wbem:/mnt/c/Windows/System32/WindowsPowerShell/v1.0/:/mnt/c/Windows/System32/OpenSSH/:/mnt/c/Program Files (x86)/NVIDIA Corporation/PhysX/Common:/mnt/c/Program Files/NVIDIA Corporation/NVIDIA App/NvDLISR:/mnt/c/Program Files/dotnet/:/mnt/c/Program Files/nodejs/:/mnt/c/Program Files/Git/cmd:/mnt/c/Program Files/PostgreSQL/18/bin:/mnt/c/Users/zanto/.local/bin:/mnt/c/Program Files/Docker/Docker/resources/bin:/mnt/c/Program Files/GitHub CLI/:/mnt/c/Users/zanto/AppData/Local/Programs/Python/Python312/Scripts/:/mnt/c/Users/zanto/AppData/Local/Programs/Python/Python312/:/mnt/c/Users/zanto/AppData/Local/Programs/Python/Python314/Scripts/:/mnt/c/Users/zanto/AppData/Local/Programs/Python/Python314/:/mnt/c/Users/zanto/AppData/Local/Microsoft/WindowsApps:/mnt/c/Users/zanto/AppData/Local/Programs/Microsoft VS Code/bin:/mnt/c/Users/zanto/AppData/Local/Programs/Ollama:/mnt/c/Users/zanto/AppData/Roaming/npm:/mnt/c/msys64/ucrt64/bin:/snap/bin:/home/ibrahim/.vscode-server/extensions/ms-python.debugpy-2026.6.0-linux-x64/bundled/scripts/noConfigScripts'), ('XDG_RUNTIME_DIR', '/run/user/1000/'), ('DISPLAY', ':0'), ('VSCODE_DEBUGPY_ADAPTER_ENDPOINTS', '/home/ibrahim/.vscode-server/extensions/ms-python.debugpy-2026.6.0-linux-x64/.noConfigDebugAdapterEndpoints/endpoint-714e652f892be45d.txt'), ('LANG', 'C.UTF-8'), ('PYTHONSTARTUP', '/home/ibrahim/.vscode-server/data/User/workspaceStorage/fa8168787113d28de46c06dc78839278/ms-python.python/pythonrc.py'), ('LS_COLORS', 'rs=0:di=01;34:ln=01;36:mh=00:pi=40;33:so=01;35:do=01;35:bd=40;33;01:cd=40;33;01:or=40;31;01:mi=00:su=37;41:sg=30;43:ca=30;41:tw=30;42:ow=34;42:st=37;44:ex=01;32:*.tar=01;31:*.tgz=01;31:*.arc=01;31:*.arj=01;31:*.taz=01;31:*.lha=01;31:*.lz4=01;31:*.lzh=01;31:*.lzma=01;31:*.tlz=01;31:*.txz=01;31:*.tzo=01;31:*.t7z=01;31:*.zip=01;31:*.z=01;31:*.dz=01;31:*.gz=01;31:*.lrz=01;31:*.lz=01;31:*.lzo=01;31:*.xz=01;31:*.zst=01;31:*.tzst=01;31:*.bz2=01;31:*.bz=01;31:*.tbz=01;31:*.tbz2=01;31:*.tz=01;31:*.deb=01;31:*.rpm=01;31:*.jar=01;31:*.war=01;31:*.ear=01;31:*.sar=01;31:*.rar=01;31:*.alz=01;31:*.ace=01;31:*.zoo=01;31:*.cpio=01;31:*.7z=01;31:*.rz=01;31:*.cab=01;31:*.wim=01;31:*.swm=01;31:*.dwm=01;31:*.esd=01;31:*.jpg=01;35:*.jpeg=01;35:*.mjpg=01;35:*.mjpeg=01;35:*.gif=01;35:*.bmp=01;35:*.pbm=01;35:*.pgm=01;35:*.ppm=01;35:*.tga=01;35:*.xbm=01;35:*.xpm=01;35:*.tif=01;35:*.tiff=01;35:*.png=01;35:*.svg=01;35:*.svgz=01;35:*.mng=01;35:*.pcx=01;35:*.mov=01;35:*.mpg=01;35:*.mpeg=01;35:*.m2v=01;35:*.mkv=01;35:*.webm=01;35:*.webp=01;35:*.ogm=01;35:*.mp4=01;35:*.m4v=01;35:*.mp4v=01;35:*.vob=01;35:*.qt=01;35:*.nuv=01;35:*.wmv=01;35:*.asf=01;35:*.rm=01;35:*.rmvb=01;35:*.flc=01;35:*.avi=01;35:*.fli=01;35:*.flv=01;35:*.gl=01;35:*.dl=01;35:*.xcf=01;35:*.xwd=01;35:*.yuv=01;35:*.cgm=01;35:*.emf=01;35:*.ogv=01;35:*.ogx=01;35:*.aac=00;36:*.au=00;36:*.flac=00;36:*.m4a=00;36:*.mid=00;36:*.midi=00;36:*.mka=00;36:*.mp3=00;36:*.mpc=00;36:*.ogg=00;36:*.ra=00;36:*.wav=00;36:*.oga=00;36:*.opus=00;36:*.spx=00;36:*.xspf=00;36:'), ('VSCODE_GIT_IPC_HANDLE', '/run/user/1000/vscode-git-15da379591.sock'), ('TERM_PROGRAM', 'vscode'), ('ROS_DOMAIN_ID', '10'), ('AMENT_PREFIX_PATH', '/home/ibrahim/RobotNav/install/main_robot_nodes:/home/ibrahim/RobotNav/install/action_interfaces:/home/ibrahim/RobotArm/install/main_arm_package:/home/ibrahim/RobotArm/install/action_interfaces:/home/ibrahim/TF2Sample/install/tf2sim:/home/ibrahim/ros2_ws/install/my_first_package:/home/ibrahim/ros2_ws/install/action_interfaces:/home/ibrahim/RobotMonitor/install/Robot3Node_Package:/opt/ros/humble'), ('SHELL', '/bin/bash'), ('LESSCLOSE', '/usr/bin/lesspipe %s %s'), ('VSCODE_GIT_ASKPASS_EXTRA_ARGS', ''), ('PWD', '/home/ibrahim/RobotArm/build/action_interfaces'), ('XDG_DATA_DIRS', '/usr/local/share:/usr/share:/var/lib/snapd/desktop'), ('PYTHONPATH', '/home/ibrahim/RobotNav/install/action_interfaces/local/lib/python3.10/dist-packages:/home/ibrahim/RobotArm/install/action_interfaces/local/lib/python3.10/dist-packages:/home/ibrahim/ros2_ws/install/action_interfaces/local/lib/python3.10/dist-packages:/opt/ros/humble/lib/python3.10/site-packages:/opt/ros/humble/local/lib/python3.10/dist-packages'), ('COLCON', '1'), ('WSL2_GUI_APPS_ENABLED', '1'), ('HOSTTYPE', 'x86_64'), ('CMAKE_PREFIX_PATH', '/home/ibrahim/RobotNav/install/main_robot_nodes:/home/ibrahim/RobotNav/install/action_interfaces:/home/ibrahim/RobotArm/install/main_arm_package:/home/ibrahim/RobotArm/install/action_interfaces:/home/ibrahim/TF2Sample/install/tf2sim:/home/ibrahim/ros2_ws/install/my_first_package:/home/ibrahim/ros2_ws/install/action_interfaces:/home/ibrahim/RobotMonitor/install/Robot3Node_Package:/opt/ros/humble'), ('WSLENV', 'VSCODE_WSL_EXT_LOCATION/up:VSCODE_SERVER_TAR/up')]), 'shell': False}
[3.811016] (-) TimerEvent: {}
[3.816011] (action_interfaces) StdoutLine: {'line': b'[  1%] \x1b[34m\x1b[1mGenerating C code for ROS interfaces\x1b[0m\n'}
[3.829000] (action_interfaces) StdoutLine: {'line': b'[  3%] \x1b[34m\x1b[1mGenerating C++ code for ROS interfaces\x1b[0m\n'}
[3.829396] (action_interfaces) StdoutLine: {'line': b'[  5%] \x1b[34m\x1b[1mGenerating Rust code for ROS interfaces\x1b[0m\n'}
[3.843421] (action_interfaces) StdoutLine: {'line': b'[  5%] Built target ament_cmake_python_copy_action_interfaces\n'}
[3.911144] (-) TimerEvent: {}
[4.011537] (-) TimerEvent: {}
[4.111883] (-) TimerEvent: {}
[4.113635] (action_interfaces) StdoutLine: {'line': b'running egg_info\n'}
[4.114475] (action_interfaces) StdoutLine: {'line': b'creating action_interfaces.egg-info\n'}
[4.115514] (action_interfaces) StdoutLine: {'line': b'writing action_interfaces.egg-info/PKG-INFO\n'}
[4.115905] (action_interfaces) StdoutLine: {'line': b'writing dependency_links to action_interfaces.egg-info/dependency_links.txt\n'}
[4.116205] (action_interfaces) StdoutLine: {'line': b'writing top-level names to action_interfaces.egg-info/top_level.txt\n'}
[4.116488] (action_interfaces) StdoutLine: {'line': b"writing manifest file 'action_interfaces.egg-info/SOURCES.txt'\n"}
[4.118477] (action_interfaces) StdoutLine: {'line': b"reading manifest file 'action_interfaces.egg-info/SOURCES.txt'\n"}
[4.118867] (action_interfaces) StdoutLine: {'line': b"writing manifest file 'action_interfaces.egg-info/SOURCES.txt'\n"}
[4.157138] (action_interfaces) StdoutLine: {'line': b'[  5%] Built target ament_cmake_python_build_action_interfaces_egg\n'}
[4.184340] (action_interfaces) StdoutLine: {'line': b'[  5%] Built target action_interfaces__rs\n'}
[4.212044] (-) TimerEvent: {}
[4.312507] (-) TimerEvent: {}
[4.386617] (action_interfaces) StdoutLine: {'line': b'[  8%] \x1b[32mBuilding C object CMakeFiles/action_interfaces__rosidl_generator_c.dir/rosidl_generator_c/action_interfaces/srv/detail/check_limits__functions.c.o\x1b[0m\n'}
[4.386916] (action_interfaces) StdoutLine: {'line': b'[  8%] \x1b[32mBuilding C object CMakeFiles/action_interfaces__rosidl_generator_c.dir/rosidl_generator_c/action_interfaces/msg/detail/arm_state__functions.c.o\x1b[0m\n'}
[4.387022] (action_interfaces) StdoutLine: {'line': b'[ 10%] \x1b[32mBuilding C object CMakeFiles/action_interfaces__rosidl_generator_c.dir/rosidl_generator_c/action_interfaces/action/detail/move_arm__functions.c.o\x1b[0m\n'}
[4.387274] (action_interfaces) StdoutLine: {'line': b'[ 12%] \x1b[32mBuilding C object CMakeFiles/action_interfaces__rosidl_generator_c.dir/rosidl_generator_c/action_interfaces/msg/detail/arm_command__functions.c.o\x1b[0m\n'}
[4.396157] (action_interfaces) StdoutLine: {'line': b'[ 12%] Built target action_interfaces__cpp\n'}
[4.409916] (action_interfaces) StdoutLine: {'line': b'[ 16%] \x1b[34m\x1b[1mGenerating C++ introspection for ROS interfaces\x1b[0m\n'}
[4.410212] (action_interfaces) StdoutLine: {'line': b'[ 16%] \x1b[34m\x1b[1mGenerating C++ type support for eProsima Fast-RTPS\x1b[0m\n'}
[4.410391] (action_interfaces) StdoutLine: {'line': b'[ 17%] \x1b[34m\x1b[1mGenerating C++ type support dispatch for ROS interfaces\x1b[0m\n'}
[4.412617] (-) TimerEvent: {}
[4.512987] (-) TimerEvent: {}
[4.518980] (action_interfaces) StdoutLine: {'line': b'[ 19%] \x1b[32m\x1b[1mLinking C shared library libaction_interfaces__rosidl_generator_c.so\x1b[0m\n'}
[4.613130] (-) TimerEvent: {}
[4.673632] (action_interfaces) StdoutLine: {'line': b'[ 19%] Built target action_interfaces__rosidl_generator_c\n'}
[4.685884] (action_interfaces) StdoutLine: {'line': b'[ 21%] \x1b[34m\x1b[1mGenerating C introspection for ROS interfaces\x1b[0m\n'}
[4.686311] (action_interfaces) StdoutLine: {'line': b'[ 23%] \x1b[34m\x1b[1mGenerating C type support for eProsima Fast-RTPS\x1b[0m\n'}
[4.686784] (action_interfaces) StdoutLine: {'line': b'[ 25%] \x1b[34m\x1b[1mGenerating C type support dispatch for ROS interfaces\x1b[0m\n'}
[4.713249] (-) TimerEvent: {}
[4.751688] (action_interfaces) StdoutLine: {'line': b'[ 30%] \x1b[32mBuilding CXX object CMakeFiles/action_interfaces__rosidl_typesupport_cpp.dir/rosidl_typesupport_cpp/action_interfaces/action/move_arm__type_support.cpp.o\x1b[0m\n'}
[4.752251] (action_interfaces) StdoutLine: {'line': b'[ 30%] \x1b[32mBuilding CXX object CMakeFiles/action_interfaces__rosidl_typesupport_cpp.dir/rosidl_typesupport_cpp/action_interfaces/msg/arm_command__type_support.cpp.o\x1b[0m\n'}
[4.752402] (action_interfaces) StdoutLine: {'line': b'[ 30%] \x1b[32mBuilding CXX object CMakeFiles/action_interfaces__rosidl_typesupport_cpp.dir/rosidl_typesupport_cpp/action_interfaces/msg/arm_state__type_support.cpp.o\x1b[0m\n'}
[4.752583] (action_interfaces) StdoutLine: {'line': b'[ 32%] \x1b[32mBuilding CXX object CMakeFiles/action_interfaces__rosidl_typesupport_cpp.dir/rosidl_typesupport_cpp/action_interfaces/srv/check_limits__type_support.cpp.o\x1b[0m\n'}
[4.813371] (-) TimerEvent: {}
[4.831003] (action_interfaces) StdoutLine: {'line': b'[ 35%] \x1b[32mBuilding CXX object CMakeFiles/action_interfaces__rosidl_typesupport_introspection_cpp.dir/rosidl_typesupport_introspection_cpp/action_interfaces/msg/detail/arm_command__type_support.cpp.o\x1b[0m\n'}
[4.831250] (action_interfaces) StdoutLine: {'line': b'[ 35%] \x1b[32mBuilding CXX object CMakeFiles/action_interfaces__rosidl_typesupport_introspection_cpp.dir/rosidl_typesupport_introspection_cpp/action_interfaces/msg/detail/arm_state__type_support.cpp.o\x1b[0m\n'}
[4.831363] (action_interfaces) StdoutLine: {'line': b'[ 39%] \x1b[32mBuilding CXX object CMakeFiles/action_interfaces__rosidl_typesupport_introspection_cpp.dir/rosidl_typesupport_introspection_cpp/action_interfaces/action/detail/move_arm__type_support.cpp.o\x1b[0m\n'}
[4.831423] (action_interfaces) StdoutLine: {'line': b'[ 39%] \x1b[32mBuilding CXX object CMakeFiles/action_interfaces__rosidl_typesupport_introspection_cpp.dir/rosidl_typesupport_introspection_cpp/action_interfaces/srv/detail/check_limits__type_support.cpp.o\x1b[0m\n'}
[4.913484] (-) TimerEvent: {}
[4.932480] (action_interfaces) StdoutLine: {'line': b'[ 41%] \x1b[32mBuilding CXX object CMakeFiles/action_interfaces__rosidl_typesupport_fastrtps_cpp.dir/rosidl_typesupport_fastrtps_cpp/action_interfaces/msg/detail/dds_fastrtps/arm_state__type_support.cpp.o\x1b[0m\n'}
[4.933179] (action_interfaces) StdoutLine: {'line': b'[ 42%] \x1b[32mBuilding CXX object CMakeFiles/action_interfaces__rosidl_typesupport_fastrtps_cpp.dir/rosidl_typesupport_fastrtps_cpp/action_interfaces/action/detail/dds_fastrtps/move_arm__type_support.cpp.o\x1b[0m\n'}
[4.933353] (action_interfaces) StdoutLine: {'line': b'[ 44%] \x1b[32mBuilding CXX object CMakeFiles/action_interfaces__rosidl_typesupport_fastrtps_cpp.dir/rosidl_typesupport_fastrtps_cpp/action_interfaces/msg/detail/dds_fastrtps/arm_command__type_support.cpp.o\x1b[0m\n'}
[4.935430] (action_interfaces) StdoutLine: {'line': b'[ 46%] \x1b[32mBuilding CXX object CMakeFiles/action_interfaces__rosidl_typesupport_fastrtps_cpp.dir/rosidl_typesupport_fastrtps_cpp/action_interfaces/srv/detail/dds_fastrtps/check_limits__type_support.cpp.o\x1b[0m\n'}
[5.014589] (-) TimerEvent: {}
[5.114964] (-) TimerEvent: {}
[5.163180] (action_interfaces) StdoutLine: {'line': b'[ 48%] \x1b[32mBuilding CXX object CMakeFiles/action_interfaces__rosidl_typesupport_c.dir/rosidl_typesupport_c/action_interfaces/msg/arm_command__type_support.cpp.o\x1b[0m\n'}
[5.163432] (action_interfaces) StdoutLine: {'line': b'[ 50%] \x1b[32mBuilding CXX object CMakeFiles/action_interfaces__rosidl_typesupport_c.dir/rosidl_typesupport_c/action_interfaces/msg/arm_state__type_support.cpp.o\x1b[0m\n'}
[5.163574] (action_interfaces) StdoutLine: {'line': b'[ 51%] \x1b[32mBuilding CXX object CMakeFiles/action_interfaces__rosidl_typesupport_c.dir/rosidl_typesupport_c/action_interfaces/srv/check_limits__type_support.cpp.o\x1b[0m\n'}
[5.165387] (action_interfaces) StdoutLine: {'line': b'[ 53%] \x1b[32mBuilding CXX object CMakeFiles/action_interfaces__rosidl_typesupport_c.dir/rosidl_typesupport_c/action_interfaces/action/move_arm__type_support.cpp.o\x1b[0m\n'}
[5.215621] (-) TimerEvent: {}
[5.252625] (action_interfaces) StdoutLine: {'line': b'[ 55%] \x1b[32m\x1b[1mLinking CXX shared library libaction_interfaces__rosidl_typesupport_c.so\x1b[0m\n'}
[5.276049] (action_interfaces) StdoutLine: {'line': b'[ 57%] \x1b[32mBuilding C object CMakeFiles/action_interfaces__rosidl_typesupport_introspection_c.dir/rosidl_typesupport_introspection_c/action_interfaces/msg/detail/arm_state__type_support.c.o\x1b[0m\n'}
[5.284551] (action_interfaces) StdoutLine: {'line': b'[ 58%] \x1b[32mBuilding C object CMakeFiles/action_interfaces__rosidl_typesupport_introspection_c.dir/rosidl_typesupport_introspection_c/action_interfaces/msg/detail/arm_command__type_support.c.o\x1b[0m\n'}
[5.287347] (action_interfaces) StdoutLine: {'line': b'[ 60%] \x1b[32mBuilding C object CMakeFiles/action_interfaces__rosidl_typesupport_introspection_c.dir/rosidl_typesupport_introspection_c/action_interfaces/srv/detail/check_limits__type_support.c.o\x1b[0m\n'}
[5.292078] (action_interfaces) StdoutLine: {'line': b'[ 62%] \x1b[32mBuilding C object CMakeFiles/action_interfaces__rosidl_typesupport_introspection_c.dir/rosidl_typesupport_introspection_c/action_interfaces/action/detail/move_arm__type_support.c.o\x1b[0m\n'}
[5.318279] (-) TimerEvent: {}
[5.374296] (action_interfaces) StdoutLine: {'line': b'[ 64%] \x1b[32m\x1b[1mLinking C shared library libaction_interfaces__rosidl_typesupport_introspection_c.so\x1b[0m\n'}
[5.388632] (action_interfaces) StdoutLine: {'line': b'[ 66%] \x1b[32mBuilding CXX object CMakeFiles/action_interfaces__rosidl_typesupport_fastrtps_c.dir/rosidl_typesupport_fastrtps_c/action_interfaces/msg/detail/arm_state__type_support_c.cpp.o\x1b[0m\n'}
[5.388864] (action_interfaces) StdoutLine: {'line': b'[ 67%] \x1b[32mBuilding CXX object CMakeFiles/action_interfaces__rosidl_typesupport_fastrtps_c.dir/rosidl_typesupport_fastrtps_c/action_interfaces/msg/detail/arm_command__type_support_c.cpp.o\x1b[0m\n'}
[5.388965] (action_interfaces) StdoutLine: {'line': b'[ 69%] \x1b[32mBuilding CXX object CMakeFiles/action_interfaces__rosidl_typesupport_fastrtps_c.dir/rosidl_typesupport_fastrtps_c/action_interfaces/srv/detail/check_limits__type_support_c.cpp.o\x1b[0m\n'}
[5.389085] (action_interfaces) StdoutLine: {'line': b'[ 71%] \x1b[32mBuilding CXX object CMakeFiles/action_interfaces__rosidl_typesupport_fastrtps_c.dir/rosidl_typesupport_fastrtps_c/action_interfaces/action/detail/move_arm__type_support_c.cpp.o\x1b[0m\n'}
[5.418420] (-) TimerEvent: {}
[5.435420] (action_interfaces) StdoutLine: {'line': b'[ 73%] \x1b[32m\x1b[1mLinking CXX shared library libaction_interfaces__rosidl_typesupport_cpp.so\x1b[0m\n'}
[5.456068] (action_interfaces) StdoutLine: {'line': b'[ 73%] Built target action_interfaces__rosidl_typesupport_c\n'}
[5.518544] (-) TimerEvent: {}
[5.523672] (action_interfaces) StdoutLine: {'line': b'[ 73%] Built target action_interfaces__rosidl_typesupport_introspection_c\n'}
[5.578008] (action_interfaces) StdoutLine: {'line': b'[ 73%] Built target action_interfaces__rosidl_typesupport_cpp\n'}
[5.619189] (-) TimerEvent: {}
[5.645249] (action_interfaces) StdoutLine: {'line': b'[ 75%] \x1b[32m\x1b[1mLinking CXX shared library libaction_interfaces__rosidl_typesupport_introspection_cpp.so\x1b[0m\n'}
[5.662393] (action_interfaces) StdoutLine: {'line': b'[ 76%] \x1b[32m\x1b[1mLinking CXX shared library libaction_interfaces__rosidl_typesupport_fastrtps_cpp.so\x1b[0m\n'}
[5.719339] (-) TimerEvent: {}
[5.802532] (action_interfaces) StdoutLine: {'line': b'[ 78%] \x1b[32m\x1b[1mLinking CXX shared library libaction_interfaces__rosidl_typesupport_fastrtps_c.so\x1b[0m\n'}
[5.819467] (-) TimerEvent: {}
[5.832699] (action_interfaces) StdoutLine: {'line': b'[ 78%] Built target action_interfaces__rosidl_typesupport_introspection_cpp\n'}
[5.850712] (action_interfaces) StdoutLine: {'line': b'[ 78%] Built target action_interfaces__rosidl_typesupport_fastrtps_cpp\n'}
[5.919683] (-) TimerEvent: {}
[5.981102] (action_interfaces) StdoutLine: {'line': b'[ 78%] Built target action_interfaces__rosidl_typesupport_fastrtps_c\n'}
[6.007101] (action_interfaces) StdoutLine: {'line': b'[ 78%] Built target action_interfaces\n'}
[6.019833] (-) TimerEvent: {}
[6.034348] (action_interfaces) StdoutLine: {'line': b'[ 80%] \x1b[34m\x1b[1mGenerating Python code for ROS interfaces\x1b[0m\n'}
[6.119912] (-) TimerEvent: {}
[6.220319] (-) TimerEvent: {}
[6.320700] (-) TimerEvent: {}
[6.421134] (-) TimerEvent: {}
[6.521643] (-) TimerEvent: {}
[6.622243] (-) TimerEvent: {}
[6.722607] (-) TimerEvent: {}
[6.822961] (-) TimerEvent: {}
[6.863173] (action_interfaces) StdoutLine: {'line': b'[ 80%] Built target action_interfaces__py\n'}
[6.889789] (action_interfaces) StdoutLine: {'line': b'[ 83%] \x1b[32mBuilding C object CMakeFiles/action_interfaces__rosidl_generator_py.dir/rosidl_generator_py/action_interfaces/msg/_arm_command_s.c.o\x1b[0m\n'}
[6.890190] (action_interfaces) StdoutLine: {'line': b'[ 83%] \x1b[32mBuilding C object CMakeFiles/action_interfaces__rosidl_generator_py.dir/rosidl_generator_py/action_interfaces/msg/_arm_state_s.c.o\x1b[0m\n'}
[6.890281] (action_interfaces) StdoutLine: {'line': b'[ 85%] \x1b[32mBuilding C object CMakeFiles/action_interfaces__rosidl_generator_py.dir/rosidl_generator_py/action_interfaces/srv/_check_limits_s.c.o\x1b[0m\n'}
[6.890334] (action_interfaces) StdoutLine: {'line': b'[ 87%] \x1b[32mBuilding C object CMakeFiles/action_interfaces__rosidl_generator_py.dir/rosidl_generator_py/action_interfaces/action/_move_arm_s.c.o\x1b[0m\n'}
[6.923080] (-) TimerEvent: {}
[7.023581] (-) TimerEvent: {}
[7.050822] (action_interfaces) StdoutLine: {'line': b'[ 89%] \x1b[32m\x1b[1mLinking C shared library rosidl_generator_py/action_interfaces/libaction_interfaces__rosidl_generator_py.so\x1b[0m\n'}
[7.123710] (-) TimerEvent: {}
[7.199788] (action_interfaces) StdoutLine: {'line': b'[ 89%] Built target action_interfaces__rosidl_generator_py\n'}
[7.223878] (-) TimerEvent: {}
[7.226692] (action_interfaces) StdoutLine: {'line': b'[ 92%] \x1b[32mBuilding C object CMakeFiles/action_interfaces__rosidl_typesupport_introspection_c__pyext.dir/rosidl_generator_py/action_interfaces/_action_interfaces_s.ep.rosidl_typesupport_introspection_c.c.o\x1b[0m\n'}
[7.226951] (action_interfaces) StdoutLine: {'line': b'[ 92%] \x1b[32mBuilding C object CMakeFiles/action_interfaces__rosidl_typesupport_fastrtps_c__pyext.dir/rosidl_generator_py/action_interfaces/_action_interfaces_s.ep.rosidl_typesupport_fastrtps_c.c.o\x1b[0m\n'}
[7.227168] (action_interfaces) StdoutLine: {'line': b'[ 94%] \x1b[32mBuilding C object CMakeFiles/action_interfaces__rosidl_typesupport_c__pyext.dir/rosidl_generator_py/action_interfaces/_action_interfaces_s.ep.rosidl_typesupport_c.c.o\x1b[0m\n'}
[7.323999] (-) TimerEvent: {}
[7.367603] (action_interfaces) StdoutLine: {'line': b'[ 96%] \x1b[32m\x1b[1mLinking C shared library rosidl_generator_py/action_interfaces/action_interfaces_s__rosidl_typesupport_fastrtps_c.cpython-310-x86_64-linux-gnu.so\x1b[0m\n'}
[7.368276] (action_interfaces) StdoutLine: {'line': b'[ 98%] \x1b[32m\x1b[1mLinking C shared library rosidl_generator_py/action_interfaces/action_interfaces_s__rosidl_typesupport_c.cpython-310-x86_64-linux-gnu.so\x1b[0m\n'}
[7.376796] (action_interfaces) StdoutLine: {'line': b'[100%] \x1b[32m\x1b[1mLinking C shared library rosidl_generator_py/action_interfaces/action_interfaces_s__rosidl_typesupport_introspection_c.cpython-310-x86_64-linux-gnu.so\x1b[0m\n'}
[7.424150] (-) TimerEvent: {}
[7.474014] (action_interfaces) StdoutLine: {'line': b'[100%] Built target action_interfaces__rosidl_typesupport_fastrtps_c__pyext\n'}
[7.474746] (action_interfaces) StdoutLine: {'line': b'[100%] Built target action_interfaces__rosidl_typesupport_c__pyext\n'}
[7.513441] (action_interfaces) StdoutLine: {'line': b'[100%] Built target action_interfaces__rosidl_typesupport_introspection_c__pyext\n'}
[7.524294] (-) TimerEvent: {}
[7.529836] (action_interfaces) CommandEnded: {'returncode': 0}
[7.530772] (action_interfaces) JobProgress: {'identifier': 'action_interfaces', 'progress': 'install'}
[7.542991] (action_interfaces) Command: {'cmd': ['/usr/bin/cmake', '--install', '/home/ibrahim/RobotArm/build/action_interfaces'], 'cwd': '/home/ibrahim/RobotArm/build/action_interfaces', 'env': OrderedDict([('PYTHON_BASIC_REPL', '1'), ('LESSOPEN', '| /usr/bin/lesspipe %s'), ('USER', 'ibrahim'), ('GIT_ASKPASS', '/home/ibrahim/.vscode-server/bin/0958016b2af9f09bb4257e0df4a95e2f90590f9f/extensions/git/dist/askpass.sh'), ('SHLVL', '1'), ('LD_LIBRARY_PATH', '/home/ibrahim/RobotNav/install/action_interfaces/lib:/home/ibrahim/RobotArm/install/action_interfaces/lib:/home/ibrahim/ros2_ws/install/action_interfaces/lib:/usr/lib/x86_64-linux-gnu/gazebo-11/plugins:/opt/ros/humble/opt/rviz_ogre_vendor/lib:/opt/ros/humble/lib/x86_64-linux-gnu:/opt/ros/humble/lib'), ('MOTD_SHOWN', 'update-motd'), ('HOME', '/home/ibrahim'), ('OLDPWD', '/home/ibrahim/RobotArm'), ('TERM_PROGRAM_VERSION', '1.120.0'), ('VSCODE_IPC_HOOK_CLI', '/run/user/1000/vscode-ipc-33101308-cf23-4e9c-8338-aa96cc31068a.sock'), ('ROS_PYTHON_VERSION', '3'), ('VSCODE_GIT_ASKPASS_MAIN', '/home/ibrahim/.vscode-server/bin/0958016b2af9f09bb4257e0df4a95e2f90590f9f/extensions/git/dist/askpass-main.js'), ('VSCODE_GIT_ASKPASS_NODE', '/home/ibrahim/.vscode-server/bin/0958016b2af9f09bb4257e0df4a95e2f90590f9f/node'), ('PYDEVD_DISABLE_FILE_VALIDATION', '1'), ('BUNDLED_DEBUGPY_PATH', '/home/ibrahim/.vscode-server/extensions/ms-python.debugpy-2026.6.0-linux-x64/bundled/libs/debugpy'), ('VSCODE_PYTHON_AUTOACTIVATE_GUARD', '1'), ('DBUS_SESSION_BUS_ADDRESS', 'unix:path=/run/user/1000/bus'), ('COLORTERM', 'truecolor'), ('WSL_DISTRO_NAME', 'Ubuntu-22.04'), ('WAYLAND_DISPLAY', 'wayland-0'), ('COLCON_PREFIX_PATH', '/home/ibrahim/RobotArm/install:/home/ibrahim/TF2Sample/install:/home/ibrahim/RobotNav/install:/home/ibrahim/RobotMonitor/install:/home/ibrahim/ros2_ws/install'), ('ROS_DISTRO', 'humble'), ('LOGNAME', 'ibrahim'), ('NAME', 'Ibrahim-laptop'), ('WSL_INTEROP', '/run/WSL/451_interop'), ('PULSE_SERVER', 'unix:/mnt/wslg/PulseServer'), ('_', '/usr/bin/colcon'), ('ROS_VERSION', '2'), ('CLAUDE_CODE_SSE_PORT', '17949'), ('TERM', 'xterm-256color'), ('ROS_LOCALHOST_ONLY', '0'), ('PATH', '/home/ibrahim/.vscode-server/data/User/globalStorage/github.copilot-chat/debugCommand:/home/ibrahim/.vscode-server/data/User/globalStorage/github.copilot-chat/copilotCli:/home/ibrahim/.vscode-server/bin/0958016b2af9f09bb4257e0df4a95e2f90590f9f/bin/remote-cli:/opt/ros/humble/bin:/usr/local/sbin:/usr/local/bin:/usr/sbin:/usr/bin:/sbin:/bin:/usr/games:/usr/local/games:/usr/lib/wsl/lib:/mnt/c/Users/zanto/AppData/Local/Programs/Microsoft VS Code:/mnt/c/Windows/system32:/mnt/c/Windows:/mnt/c/Windows/System32/Wbem:/mnt/c/Windows/System32/WindowsPowerShell/v1.0/:/mnt/c/Windows/System32/OpenSSH/:/mnt/c/Program Files (x86)/NVIDIA Corporation/PhysX/Common:/mnt/c/Program Files/NVIDIA Corporation/NVIDIA App/NvDLISR:/mnt/c/Program Files/dotnet/:/mnt/c/Program Files/nodejs/:/mnt/c/Program Files/Git/cmd:/mnt/c/Program Files/PostgreSQL/18/bin:/mnt/c/Users/zanto/.local/bin:/mnt/c/Program Files/Docker/Docker/resources/bin:/mnt/c/Program Files/GitHub CLI/:/mnt/c/Users/zanto/AppData/Local/Programs/Python/Python312/Scripts/:/mnt/c/Users/zanto/AppData/Local/Programs/Python/Python312/:/mnt/c/Users/zanto/AppData/Local/Programs/Python/Python314/Scripts/:/mnt/c/Users/zanto/AppData/Local/Programs/Python/Python314/:/mnt/c/Users/zanto/AppData/Local/Microsoft/WindowsApps:/mnt/c/Users/zanto/AppData/Local/Programs/Microsoft VS Code/bin:/mnt/c/Users/zanto/AppData/Local/Programs/Ollama:/mnt/c/Users/zanto/AppData/Roaming/npm:/mnt/c/msys64/ucrt64/bin:/snap/bin:/home/ibrahim/.vscode-server/extensions/ms-python.debugpy-2026.6.0-linux-x64/bundled/scripts/noConfigScripts'), ('XDG_RUNTIME_DIR', '/run/user/1000/'), ('DISPLAY', ':0'), ('VSCODE_DEBUGPY_ADAPTER_ENDPOINTS', '/home/ibrahim/.vscode-server/extensions/ms-python.debugpy-2026.6.0-linux-x64/.noConfigDebugAdapterEndpoints/endpoint-714e652f892be45d.txt'), ('LANG', 'C.UTF-8'), ('PYTHONSTARTUP', '/home/ibrahim/.vscode-server/data/User/workspaceStorage/fa8168787113d28de46c06dc78839278/ms-python.python/pythonrc.py'), ('LS_COLORS', 'rs=0:di=01;34:ln=01;36:mh=00:pi=40;33:so=01;35:do=01;35:bd=40;33;01:cd=40;33;01:or=40;31;01:mi=00:su=37;41:sg=30;43:ca=30;41:tw=30;42:ow=34;42:st=37;44:ex=01;32:*.tar=01;31:*.tgz=01;31:*.arc=01;31:*.arj=01;31:*.taz=01;31:*.lha=01;31:*.lz4=01;31:*.lzh=01;31:*.lzma=01;31:*.tlz=01;31:*.txz=01;31:*.tzo=01;31:*.t7z=01;31:*.zip=01;31:*.z=01;31:*.dz=01;31:*.gz=01;31:*.lrz=01;31:*.lz=01;31:*.lzo=01;31:*.xz=01;31:*.zst=01;31:*.tzst=01;31:*.bz2=01;31:*.bz=01;31:*.tbz=01;31:*.tbz2=01;31:*.tz=01;31:*.deb=01;31:*.rpm=01;31:*.jar=01;31:*.war=01;31:*.ear=01;31:*.sar=01;31:*.rar=01;31:*.alz=01;31:*.ace=01;31:*.zoo=01;31:*.cpio=01;31:*.7z=01;31:*.rz=01;31:*.cab=01;31:*.wim=01;31:*.swm=01;31:*.dwm=01;31:*.esd=01;31:*.jpg=01;35:*.jpeg=01;35:*.mjpg=01;35:*.mjpeg=01;35:*.gif=01;35:*.bmp=01;35:*.pbm=01;35:*.pgm=01;35:*.ppm=01;35:*.tga=01;35:*.xbm=01;35:*.xpm=01;35:*.tif=01;35:*.tiff=01;35:*.png=01;35:*.svg=01;35:*.svgz=01;35:*.mng=01;35:*.pcx=01;35:*.mov=01;35:*.mpg=01;35:*.mpeg=01;35:*.m2v=01;35:*.mkv=01;35:*.webm=01;35:*.webp=01;35:*.ogm=01;35:*.mp4=01;35:*.m4v=01;35:*.mp4v=01;35:*.vob=01;35:*.qt=01;35:*.nuv=01;35:*.wmv=01;35:*.asf=01;35:*.rm=01;35:*.rmvb=01;35:*.flc=01;35:*.avi=01;35:*.fli=01;35:*.flv=01;35:*.gl=01;35:*.dl=01;35:*.xcf=01;35:*.xwd=01;35:*.yuv=01;35:*.cgm=01;35:*.emf=01;35:*.ogv=01;35:*.ogx=01;35:*.aac=00;36:*.au=00;36:*.flac=00;36:*.m4a=00;36:*.mid=00;36:*.midi=00;36:*.mka=00;36:*.mp3=00;36:*.mpc=00;36:*.ogg=00;36:*.ra=00;36:*.wav=00;36:*.oga=00;36:*.opus=00;36:*.spx=00;36:*.xspf=00;36:'), ('VSCODE_GIT_IPC_HANDLE', '/run/user/1000/vscode-git-15da379591.sock'), ('TERM_PROGRAM', 'vscode'), ('ROS_DOMAIN_ID', '10'), ('AMENT_PREFIX_PATH', '/home/ibrahim/RobotNav/install/main_robot_nodes:/home/ibrahim/RobotNav/install/action_interfaces:/home/ibrahim/RobotArm/install/main_arm_package:/home/ibrahim/RobotArm/install/action_interfaces:/home/ibrahim/TF2Sample/install/tf2sim:/home/ibrahim/ros2_ws/install/my_first_package:/home/ibrahim/ros2_ws/install/action_interfaces:/home/ibrahim/RobotMonitor/install/Robot3Node_Package:/opt/ros/humble'), ('SHELL', '/bin/bash'), ('LESSCLOSE', '/usr/bin/lesspipe %s %s'), ('VSCODE_GIT_ASKPASS_EXTRA_ARGS', ''), ('PWD', '/home/ibrahim/RobotArm/build/action_interfaces'), ('XDG_DATA_DIRS', '/usr/local/share:/usr/share:/var/lib/snapd/desktop'), ('PYTHONPATH', '/home/ibrahim/RobotNav/install/action_interfaces/local/lib/python3.10/dist-packages:/home/ibrahim/RobotArm/install/action_interfaces/local/lib/python3.10/dist-packages:/home/ibrahim/ros2_ws/install/action_interfaces/local/lib/python3.10/dist-packages:/opt/ros/humble/lib/python3.10/site-packages:/opt/ros/humble/local/lib/python3.10/dist-packages'), ('COLCON', '1'), ('WSL2_GUI_APPS_ENABLED', '1'), ('HOSTTYPE', 'x86_64'), ('CMAKE_PREFIX_PATH', '/home/ibrahim/RobotNav/install/main_robot_nodes:/home/ibrahim/RobotNav/install/action_interfaces:/home/ibrahim/RobotArm/install/main_arm_package:/home/ibrahim/RobotArm/install/action_interfaces:/home/ibrahim/TF2Sample/install/tf2sim:/home/ibrahim/ros2_ws/install/my_first_package:/home/ibrahim/ros2_ws/install/action_interfaces:/home/ibrahim/RobotMonitor/install/Robot3Node_Package:/opt/ros/humble'), ('WSLENV', 'VSCODE_WSL_EXT_LOCATION/up:VSCODE_SERVER_TAR/up')]), 'shell': False}
[7.554382] (action_interfaces) StdoutLine: {'line': b'-- Install configuration: ""\n'}
[7.556749] (action_interfaces) StdoutLine: {'line': b'-- Installing: /home/ibrahim/RobotArm/install/action_interfaces/share/ament_index/resource_index/rosidl_interfaces/action_interfaces\n'}
[7.557096] (action_interfaces) StdoutLine: {'line': b'-- Installing: /home/ibrahim/RobotArm/install/action_interfaces/include/action_interfaces/action_interfaces\n'}
[7.558270] (action_interfaces) StdoutLine: {'line': b'-- Installing: /home/ibrahim/RobotArm/install/action_interfaces/include/action_interfaces/action_interfaces/srv\n'}
[7.558641] (action_interfaces) StdoutLine: {'line': b'-- Installing: /home/ibrahim/RobotArm/install/action_interfaces/include/action_interfaces/action_interfaces/srv/detail\n'}
[7.559054] (action_interfaces) StdoutLine: {'line': b'-- Installing: /home/ibrahim/RobotArm/install/action_interfaces/include/action_interfaces/action_interfaces/srv/detail/check_limits__type_support.h\n'}
[7.559312] (action_interfaces) StdoutLine: {'line': b'-- Installing: /home/ibrahim/RobotArm/install/action_interfaces/include/action_interfaces/action_interfaces/srv/detail/check_limits__functions.c\n'}
[7.559553] (action_interfaces) StdoutLine: {'line': b'-- Installing: /home/ibrahim/RobotArm/install/action_interfaces/include/action_interfaces/action_interfaces/srv/detail/check_limits__struct.h\n'}
[7.559770] (action_interfaces) StdoutLine: {'line': b'-- Installing: /home/ibrahim/RobotArm/install/action_interfaces/include/action_interfaces/action_interfaces/srv/detail/check_limits__functions.h\n'}
[7.559999] (action_interfaces) StdoutLine: {'line': b'-- Installing: /home/ibrahim/RobotArm/install/action_interfaces/include/action_interfaces/action_interfaces/srv/check_limits.h\n'}
[7.560187] (action_interfaces) StdoutLine: {'line': b'-- Installing: /home/ibrahim/RobotArm/install/action_interfaces/include/action_interfaces/action_interfaces/msg\n'}
[7.560629] (action_interfaces) StdoutLine: {'line': b'-- Installing: /home/ibrahim/RobotArm/install/action_interfaces/include/action_interfaces/action_interfaces/msg/rosidl_generator_c__visibility_control.h\n'}
[7.560880] (action_interfaces) StdoutLine: {'line': b'-- Installing: /home/ibrahim/RobotArm/install/action_interfaces/include/action_interfaces/action_interfaces/msg/arm_command.h\n'}
[7.561077] (action_interfaces) StdoutLine: {'line': b'-- Installing: /home/ibrahim/RobotArm/install/action_interfaces/include/action_interfaces/action_interfaces/msg/detail\n'}
[7.561516] (action_interfaces) StdoutLine: {'line': b'-- Installing: /home/ibrahim/RobotArm/install/action_interfaces/include/action_interfaces/action_interfaces/msg/detail/arm_state__functions.c\n'}
[7.561768] (action_interfaces) StdoutLine: {'line': b'-- Installing: /home/ibrahim/RobotArm/install/action_interfaces/include/action_interfaces/action_interfaces/msg/detail/arm_state__type_support.h\n'}
[7.561910] (action_interfaces) StdoutLine: {'line': b'-- Installing: /home/ibrahim/RobotArm/install/action_interfaces/include/action_interfaces/action_interfaces/msg/detail/arm_state__struct.h\n'}
[7.562091] (action_interfaces) StdoutLine: {'line': b'-- Installing: /home/ibrahim/RobotArm/install/action_interfaces/include/action_interfaces/action_interfaces/msg/detail/arm_command__functions.c\n'}
[7.562343] (action_interfaces) StdoutLine: {'line': b'-- Installing: /home/ibrahim/RobotArm/install/action_interfaces/include/action_interfaces/action_interfaces/msg/detail/arm_state__functions.h\n'}
[7.562552] (action_interfaces) StdoutLine: {'line': b'-- Installing: /home/ibrahim/RobotArm/install/action_interfaces/include/action_interfaces/action_interfaces/msg/detail/arm_command__struct.h\n'}
[7.562758] (action_interfaces) StdoutLine: {'line': b'-- Installing: /home/ibrahim/RobotArm/install/action_interfaces/include/action_interfaces/action_interfaces/msg/detail/arm_command__functions.h\n'}
[7.563067] (action_interfaces) StdoutLine: {'line': b'-- Installing: /home/ibrahim/RobotArm/install/action_interfaces/include/action_interfaces/action_interfaces/msg/detail/arm_command__type_support.h\n'}
[7.563271] (action_interfaces) StdoutLine: {'line': b'-- Installing: /home/ibrahim/RobotArm/install/action_interfaces/include/action_interfaces/action_interfaces/msg/arm_state.h\n'}
[7.563441] (action_interfaces) StdoutLine: {'line': b'-- Installing: /home/ibrahim/RobotArm/install/action_interfaces/include/action_interfaces/action_interfaces/action\n'}
[7.563838] (action_interfaces) StdoutLine: {'line': b'-- Installing: /home/ibrahim/RobotArm/install/action_interfaces/include/action_interfaces/action_interfaces/action/detail\n'}
[7.564284] (action_interfaces) StdoutLine: {'line': b'-- Installing: /home/ibrahim/RobotArm/install/action_interfaces/include/action_interfaces/action_interfaces/action/detail/move_arm__functions.c\n'}
[7.564604] (action_interfaces) StdoutLine: {'line': b'-- Installing: /home/ibrahim/RobotArm/install/action_interfaces/include/action_interfaces/action_interfaces/action/detail/move_arm__functions.h\n'}
[7.564858] (action_interfaces) StdoutLine: {'line': b'-- Installing: /home/ibrahim/RobotArm/install/action_interfaces/include/action_interfaces/action_interfaces/action/detail/move_arm__type_support.h\n'}
[7.565056] (action_interfaces) StdoutLine: {'line': b'-- Installing: /home/ibrahim/RobotArm/install/action_interfaces/include/action_interfaces/action_interfaces/action/detail/move_arm__struct.h\n'}
[7.565204] (action_interfaces) StdoutLine: {'line': b'-- Installing: /home/ibrahim/RobotArm/install/action_interfaces/include/action_interfaces/action_interfaces/action/move_arm.h\n'}
[7.566195] (action_interfaces) StdoutLine: {'line': b'-- Installing: /home/ibrahim/RobotArm/install/action_interfaces/share/action_interfaces/environment/library_path.sh\n'}
[7.566496] (action_interfaces) StdoutLine: {'line': b'-- Installing: /home/ibrahim/RobotArm/install/action_interfaces/share/action_interfaces/environment/library_path.dsv\n'}
[7.567098] (action_interfaces) StdoutLine: {'line': b'-- Installing: /home/ibrahim/RobotArm/install/action_interfaces/lib/libaction_interfaces__rosidl_generator_c.so\n'}
[7.567706] (action_interfaces) StdoutLine: {'line': b'-- Set runtime path of "/home/ibrahim/RobotArm/install/action_interfaces/lib/libaction_interfaces__rosidl_generator_c.so" to ""\n'}
[7.567934] (action_interfaces) StdoutLine: {'line': b'-- Up-to-date: /home/ibrahim/RobotArm/install/action_interfaces/include/action_interfaces/action_interfaces\n'}
[7.568252] (action_interfaces) StdoutLine: {'line': b'-- Up-to-date: /home/ibrahim/RobotArm/install/action_interfaces/include/action_interfaces/action_interfaces/srv\n'}
[7.568337] (action_interfaces) StdoutLine: {'line': b'-- Up-to-date: /home/ibrahim/RobotArm/install/action_interfaces/include/action_interfaces/action_interfaces/srv/detail\n'}
[7.568567] (action_interfaces) StdoutLine: {'line': b'-- Installing: /home/ibrahim/RobotArm/install/action_interfaces/include/action_interfaces/action_interfaces/srv/detail/check_limits__rosidl_typesupport_fastrtps_c.h\n'}
[7.568750] (action_interfaces) StdoutLine: {'line': b'-- Up-to-date: /home/ibrahim/RobotArm/install/action_interfaces/include/action_interfaces/action_interfaces/msg\n'}
[7.568843] (action_interfaces) StdoutLine: {'line': b'-- Installing: /home/ibrahim/RobotArm/install/action_interfaces/include/action_interfaces/action_interfaces/msg/rosidl_typesupport_fastrtps_c__visibility_control.h\n'}
[7.569000] (action_interfaces) StdoutLine: {'line': b'-- Up-to-date: /home/ibrahim/RobotArm/install/action_interfaces/include/action_interfaces/action_interfaces/msg/detail\n'}
[7.569172] (action_interfaces) StdoutLine: {'line': b'-- Installing: /home/ibrahim/RobotArm/install/action_interfaces/include/action_interfaces/action_interfaces/msg/detail/arm_command__rosidl_typesupport_fastrtps_c.h\n'}
[7.569222] (action_interfaces) StdoutLine: {'line': b'-- Installing: /home/ibrahim/RobotArm/install/action_interfaces/include/action_interfaces/action_interfaces/msg/detail/arm_state__rosidl_typesupport_fastrtps_c.h\n'}
[7.569260] (action_interfaces) StdoutLine: {'line': b'-- Up-to-date: /home/ibrahim/RobotArm/install/action_interfaces/include/action_interfaces/action_interfaces/action\n'}
[7.569295] (action_interfaces) StdoutLine: {'line': b'-- Up-to-date: /home/ibrahim/RobotArm/install/action_interfaces/include/action_interfaces/action_interfaces/action/detail\n'}
[7.569334] (action_interfaces) StdoutLine: {'line': b'-- Installing: /home/ibrahim/RobotArm/install/action_interfaces/include/action_interfaces/action_interfaces/action/detail/move_arm__rosidl_typesupport_fastrtps_c.h\n'}
[7.569447] (action_interfaces) StdoutLine: {'line': b'-- Installing: /home/ibrahim/RobotArm/install/action_interfaces/lib/libaction_interfaces__rosidl_typesupport_fastrtps_c.so\n'}
[7.570108] (action_interfaces) StdoutLine: {'line': b'-- Set runtime path of "/home/ibrahim/RobotArm/install/action_interfaces/lib/libaction_interfaces__rosidl_typesupport_fastrtps_c.so" to ""\n'}
[7.570364] (action_interfaces) StdoutLine: {'line': b'-- Up-to-date: /home/ibrahim/RobotArm/install/action_interfaces/include/action_interfaces/action_interfaces\n'}
[7.570559] (action_interfaces) StdoutLine: {'line': b'-- Up-to-date: /home/ibrahim/RobotArm/install/action_interfaces/include/action_interfaces/action_interfaces/srv\n'}
[7.570610] (action_interfaces) StdoutLine: {'line': b'-- Up-to-date: /home/ibrahim/RobotArm/install/action_interfaces/include/action_interfaces/action_interfaces/srv/detail\n'}
[7.570648] (action_interfaces) StdoutLine: {'line': b'-- Installing: /home/ibrahim/RobotArm/install/action_interfaces/include/action_interfaces/action_interfaces/srv/detail/check_limits__type_support.c\n'}
[7.570787] (action_interfaces) StdoutLine: {'line': b'-- Installing: /home/ibrahim/RobotArm/install/action_interfaces/include/action_interfaces/action_interfaces/srv/detail/check_limits__rosidl_typesupport_introspection_c.h\n'}
[7.570983] (action_interfaces) StdoutLine: {'line': b'-- Up-to-date: /home/ibrahim/RobotArm/install/action_interfaces/include/action_interfaces/action_interfaces/msg\n'}
[7.571176] (action_interfaces) StdoutLine: {'line': b'-- Up-to-date: /home/ibrahim/RobotArm/install/action_interfaces/include/action_interfaces/action_interfaces/msg/detail\n'}
[7.571224] (action_interfaces) StdoutLine: {'line': b'-- Installing: /home/ibrahim/RobotArm/install/action_interfaces/include/action_interfaces/action_interfaces/msg/detail/arm_command__rosidl_typesupport_introspection_c.h\n'}
[7.571351] (action_interfaces) StdoutLine: {'line': b'-- Installing: /home/ibrahim/RobotArm/install/action_interfaces/include/action_interfaces/action_interfaces/msg/detail/arm_command__type_support.c\n'}
[7.571546] (action_interfaces) StdoutLine: {'line': b'-- Installing: /home/ibrahim/RobotArm/install/action_interfaces/include/action_interfaces/action_interfaces/msg/detail/arm_state__rosidl_typesupport_introspection_c.h\n'}
[7.571775] (action_interfaces) StdoutLine: {'line': b'-- Installing: /home/ibrahim/RobotArm/install/action_interfaces/include/action_interfaces/action_interfaces/msg/detail/arm_state__type_support.c\n'}
[7.571983] (action_interfaces) StdoutLine: {'line': b'-- Installing: /home/ibrahim/RobotArm/install/action_interfaces/include/action_interfaces/action_interfaces/msg/rosidl_typesupport_introspection_c__visibility_control.h\n'}
[7.572161] (action_interfaces) StdoutLine: {'line': b'-- Up-to-date: /home/ibrahim/RobotArm/install/action_interfaces/include/action_interfaces/action_interfaces/action\n'}
[7.572328] (action_interfaces) StdoutLine: {'line': b'-- Up-to-date: /home/ibrahim/RobotArm/install/action_interfaces/include/action_interfaces/action_interfaces/action/detail\n'}
[7.572479] (action_interfaces) StdoutLine: {'line': b'-- Installing: /home/ibrahim/RobotArm/install/action_interfaces/include/action_interfaces/action_interfaces/action/detail/move_arm__type_support.c\n'}
[7.572711] (action_interfaces) StdoutLine: {'line': b'-- Installing: /home/ibrahim/RobotArm/install/action_interfaces/include/action_interfaces/action_interfaces/action/detail/move_arm__rosidl_typesupport_introspection_c.h\n'}
[7.573052] (action_interfaces) StdoutLine: {'line': b'-- Installing: /home/ibrahim/RobotArm/install/action_interfaces/lib/libaction_interfaces__rosidl_typesupport_introspection_c.so\n'}
[7.573550] (action_interfaces) StdoutLine: {'line': b'-- Set runtime path of "/home/ibrahim/RobotArm/install/action_interfaces/lib/libaction_interfaces__rosidl_typesupport_introspection_c.so" to ""\n'}
[7.573678] (action_interfaces) StdoutLine: {'line': b'-- Installing: /home/ibrahim/RobotArm/install/action_interfaces/lib/libaction_interfaces__rosidl_typesupport_c.so\n'}
[7.574180] (action_interfaces) StdoutLine: {'line': b'-- Set runtime path of "/home/ibrahim/RobotArm/install/action_interfaces/lib/libaction_interfaces__rosidl_typesupport_c.so" to ""\n'}
[7.574771] (action_interfaces) StdoutLine: {'line': b'-- Up-to-date: /home/ibrahim/RobotArm/install/action_interfaces/include/action_interfaces/action_interfaces\n'}
[7.574945] (action_interfaces) StdoutLine: {'line': b'-- Up-to-date: /home/ibrahim/RobotArm/install/action_interfaces/include/action_interfaces/action_interfaces/srv\n'}
[7.575075] (action_interfaces) StdoutLine: {'line': b'-- Up-to-date: /home/ibrahim/RobotArm/install/action_interfaces/include/action_interfaces/action_interfaces/srv/detail\n'}
[7.575254] (action_interfaces) StdoutLine: {'line': b'-- Installing: /home/ibrahim/RobotArm/install/action_interfaces/include/action_interfaces/action_interfaces/srv/detail/check_limits__type_support.hpp\n'}
[7.575299] (action_interfaces) StdoutLine: {'line': b'-- Installing: /home/ibrahim/RobotArm/install/action_interfaces/include/action_interfaces/action_interfaces/srv/detail/check_limits__struct.hpp\n'}
[7.575342] (action_interfaces) StdoutLine: {'line': b'-- Installing: /home/ibrahim/RobotArm/install/action_interfaces/include/action_interfaces/action_interfaces/srv/detail/check_limits__traits.hpp\n'}
[7.575555] (action_interfaces) StdoutLine: {'line': b'-- Installing: /home/ibrahim/RobotArm/install/action_interfaces/include/action_interfaces/action_interfaces/srv/detail/check_limits__builder.hpp\n'}
[7.575639] (action_interfaces) StdoutLine: {'line': b'-- Installing: /home/ibrahim/RobotArm/install/action_interfaces/include/action_interfaces/action_interfaces/srv/check_limits.hpp\n'}
[7.575929] (action_interfaces) StdoutLine: {'line': b'-- Up-to-date: /home/ibrahim/RobotArm/install/action_interfaces/include/action_interfaces/action_interfaces/msg\n'}
[7.576087] (action_interfaces) StdoutLine: {'line': b'-- Installing: /home/ibrahim/RobotArm/install/action_interfaces/include/action_interfaces/action_interfaces/msg/arm_command.hpp\n'}
[7.576238] (action_interfaces) StdoutLine: {'line': b'-- Installing: /home/ibrahim/RobotArm/install/action_interfaces/include/action_interfaces/action_interfaces/msg/arm_state.hpp\n'}
[7.576446] (action_interfaces) StdoutLine: {'line': b'-- Up-to-date: /home/ibrahim/RobotArm/install/action_interfaces/include/action_interfaces/action_interfaces/msg/detail\n'}
[7.576592] (action_interfaces) StdoutLine: {'line': b'-- Installing: /home/ibrahim/RobotArm/install/action_interfaces/include/action_interfaces/action_interfaces/msg/detail/arm_command__struct.hpp\n'}
[7.576758] (action_interfaces) StdoutLine: {'line': b'-- Installing: /home/ibrahim/RobotArm/install/action_interfaces/include/action_interfaces/action_interfaces/msg/detail/arm_command__type_support.hpp\n'}
[7.576957] (action_interfaces) StdoutLine: {'line': b'-- Installing: /home/ibrahim/RobotArm/install/action_interfaces/include/action_interfaces/action_interfaces/msg/detail/arm_state__struct.hpp\n'}
[7.577021] (action_interfaces) StdoutLine: {'line': b'-- Installing: /home/ibrahim/RobotArm/install/action_interfaces/include/action_interfaces/action_interfaces/msg/detail/arm_command__traits.hpp\n'}
[7.577059] (action_interfaces) StdoutLine: {'line': b'-- Installing: /home/ibrahim/RobotArm/install/action_interfaces/include/action_interfaces/action_interfaces/msg/detail/arm_state__builder.hpp\n'}
[7.577094] (action_interfaces) StdoutLine: {'line': b'-- Installing: /home/ibrahim/RobotArm/install/action_interfaces/include/action_interfaces/action_interfaces/msg/detail/arm_state__type_support.hpp\n'}
[7.577239] (action_interfaces) StdoutLine: {'line': b'-- Installing: /home/ibrahim/RobotArm/install/action_interfaces/include/action_interfaces/action_interfaces/msg/detail/arm_command__builder.hpp\n'}
[7.577514] (action_interfaces) StdoutLine: {'line': b'-- Installing: /home/ibrahim/RobotArm/install/action_interfaces/include/action_interfaces/action_interfaces/msg/detail/arm_state__traits.hpp\n'}
[7.577768] (action_interfaces) StdoutLine: {'line': b'-- Installing: /home/ibrahim/RobotArm/install/action_interfaces/include/action_interfaces/action_interfaces/msg/rosidl_generator_cpp__visibility_control.hpp\n'}
[7.578038] (action_interfaces) StdoutLine: {'line': b'-- Up-to-date: /home/ibrahim/RobotArm/install/action_interfaces/include/action_interfaces/action_interfaces/action\n'}
[7.578349] (action_interfaces) StdoutLine: {'line': b'-- Up-to-date: /home/ibrahim/RobotArm/install/action_interfaces/include/action_interfaces/action_interfaces/action/detail\n'}
[7.578430] (action_interfaces) StdoutLine: {'line': b'-- Installing: /home/ibrahim/RobotArm/install/action_interfaces/include/action_interfaces/action_interfaces/action/detail/move_arm__type_support.hpp\n'}
[7.578555] (action_interfaces) StdoutLine: {'line': b'-- Installing: /home/ibrahim/RobotArm/install/action_interfaces/include/action_interfaces/action_interfaces/action/detail/move_arm__struct.hpp\n'}
[7.578855] (action_interfaces) StdoutLine: {'line': b'-- Installing: /home/ibrahim/RobotArm/install/action_interfaces/include/action_interfaces/action_interfaces/action/detail/move_arm__traits.hpp\n'}
[7.579071] (action_interfaces) StdoutLine: {'line': b'-- Installing: /home/ibrahim/RobotArm/install/action_interfaces/include/action_interfaces/action_interfaces/action/detail/move_arm__builder.hpp\n'}
[7.579335] (action_interfaces) StdoutLine: {'line': b'-- Installing: /home/ibrahim/RobotArm/install/action_interfaces/include/action_interfaces/action_interfaces/action/move_arm.hpp\n'}
[7.579534] (action_interfaces) StdoutLine: {'line': b'-- Up-to-date: /home/ibrahim/RobotArm/install/action_interfaces/include/action_interfaces/action_interfaces\n'}
[7.579858] (action_interfaces) StdoutLine: {'line': b'-- Up-to-date: /home/ibrahim/RobotArm/install/action_interfaces/include/action_interfaces/action_interfaces/srv\n'}
[7.579930] (action_interfaces) StdoutLine: {'line': b'-- Up-to-date: /home/ibrahim/RobotArm/install/action_interfaces/include/action_interfaces/action_interfaces/srv/detail\n'}
[7.579998] (action_interfaces) StdoutLine: {'line': b'-- Installing: /home/ibrahim/RobotArm/install/action_interfaces/include/action_interfaces/action_interfaces/srv/detail/dds_fastrtps\n'}
[7.580629] (action_interfaces) StdoutLine: {'line': b'-- Installing: /home/ibrahim/RobotArm/install/action_interfaces/include/action_interfaces/action_interfaces/srv/detail/check_limits__rosidl_typesupport_fastrtps_cpp.hpp\n'}
[7.580917] (action_interfaces) StdoutLine: {'line': b'-- Up-to-date: /home/ibrahim/RobotArm/install/action_interfaces/include/action_interfaces/action_interfaces/msg\n'}
[7.581112] (action_interfaces) StdoutLine: {'line': b'-- Installing: /home/ibrahim/RobotArm/install/action_interfaces/include/action_interfaces/action_interfaces/msg/rosidl_typesupport_fastrtps_cpp__visibility_control.h\n'}
[7.581443] (action_interfaces) StdoutLine: {'line': b'-- Up-to-date: /home/ibrahim/RobotArm/install/action_interfaces/include/action_interfaces/action_interfaces/msg/detail\n'}
[7.581671] (action_interfaces) StdoutLine: {'line': b'-- Installing: /home/ibrahim/RobotArm/install/action_interfaces/include/action_interfaces/action_interfaces/msg/detail/arm_state__rosidl_typesupport_fastrtps_cpp.hpp\n'}
[7.581750] (action_interfaces) StdoutLine: {'line': b'-- Installing: /home/ibrahim/RobotArm/install/action_interfaces/include/action_interfaces/action_interfaces/msg/detail/arm_command__rosidl_typesupport_fastrtps_cpp.hpp\n'}
[7.581982] (action_interfaces) StdoutLine: {'line': b'-- Installing: /home/ibrahim/RobotArm/install/action_interfaces/include/action_interfaces/action_interfaces/msg/detail/dds_fastrtps\n'}
[7.582638] (action_interfaces) StdoutLine: {'line': b'-- Up-to-date: /home/ibrahim/RobotArm/install/action_interfaces/include/action_interfaces/action_interfaces/action\n'}
[7.582959] (action_interfaces) StdoutLine: {'line': b'-- Up-to-date: /home/ibrahim/RobotArm/install/action_interfaces/include/action_interfaces/action_interfaces/action/detail\n'}
[7.583042] (action_interfaces) StdoutLine: {'line': b'-- Installing: /home/ibrahim/RobotArm/install/action_interfaces/include/action_interfaces/action_interfaces/action/detail/move_arm__rosidl_typesupport_fastrtps_cpp.hpp\n'}
[7.583207] (action_interfaces) StdoutLine: {'line': b'-- Installing: /home/ibrahim/RobotArm/install/action_interfaces/include/action_interfaces/action_interfaces/action/detail/dds_fastrtps\n'}
[7.583875] (action_interfaces) StdoutLine: {'line': b'-- Installing: /home/ibrahim/RobotArm/install/action_interfaces/lib/libaction_interfaces__rosidl_typesupport_fastrtps_cpp.so\n'}
[7.584760] (action_interfaces) StdoutLine: {'line': b'-- Set runtime path of "/home/ibrahim/RobotArm/install/action_interfaces/lib/libaction_interfaces__rosidl_typesupport_fastrtps_cpp.so" to ""\n'}
[7.585048] (action_interfaces) StdoutLine: {'line': b'-- Up-to-date: /home/ibrahim/RobotArm/install/action_interfaces/include/action_interfaces/action_interfaces\n'}
[7.585123] (action_interfaces) StdoutLine: {'line': b'-- Up-to-date: /home/ibrahim/RobotArm/install/action_interfaces/include/action_interfaces/action_interfaces/srv\n'}
[7.585204] (action_interfaces) StdoutLine: {'line': b'-- Up-to-date: /home/ibrahim/RobotArm/install/action_interfaces/include/action_interfaces/action_interfaces/srv/detail\n'}
[7.585350] (action_interfaces) StdoutLine: {'line': b'-- Installing: /home/ibrahim/RobotArm/install/action_interfaces/include/action_interfaces/action_interfaces/srv/detail/check_limits__rosidl_typesupport_introspection_cpp.hpp\n'}
[7.585731] (action_interfaces) StdoutLine: {'line': b'-- Installing: /home/ibrahim/RobotArm/install/action_interfaces/include/action_interfaces/action_interfaces/srv/detail/check_limits__type_support.cpp\n'}
[7.585854] (action_interfaces) StdoutLine: {'line': b'-- Up-to-date: /home/ibrahim/RobotArm/install/action_interfaces/include/action_interfaces/action_interfaces/msg\n'}
[7.585914] (action_interfaces) StdoutLine: {'line': b'-- Up-to-date: /home/ibrahim/RobotArm/install/action_interfaces/include/action_interfaces/action_interfaces/msg/detail\n'}
[7.585971] (action_interfaces) StdoutLine: {'line': b'-- Installing: /home/ibrahim/RobotArm/install/action_interfaces/include/action_interfaces/action_interfaces/msg/detail/arm_state__type_support.cpp\n'}
[7.586396] (action_interfaces) StdoutLine: {'line': b'-- Installing: /home/ibrahim/RobotArm/install/action_interfaces/include/action_interfaces/action_interfaces/msg/detail/arm_command__rosidl_typesupport_introspection_cpp.hpp\n'}
[7.586596] (action_interfaces) StdoutLine: {'line': b'-- Installing: /home/ibrahim/RobotArm/install/action_interfaces/include/action_interfaces/action_interfaces/msg/detail/arm_state__rosidl_typesupport_introspection_cpp.hpp\n'}
[7.586787] (action_interfaces) StdoutLine: {'line': b'-- Installing: /home/ibrahim/RobotArm/install/action_interfaces/include/action_interfaces/action_interfaces/msg/detail/arm_command__type_support.cpp\n'}
[7.587201] (action_interfaces) StdoutLine: {'line': b'-- Up-to-date: /home/ibrahim/RobotArm/install/action_interfaces/include/action_interfaces/action_interfaces/action\n'}
[7.587317] (action_interfaces) StdoutLine: {'line': b'-- Up-to-date: /home/ibrahim/RobotArm/install/action_interfaces/include/action_interfaces/action_interfaces/action/detail\n'}
[7.587460] (action_interfaces) StdoutLine: {'line': b'-- Installing: /home/ibrahim/RobotArm/install/action_interfaces/include/action_interfaces/action_interfaces/action/detail/move_arm__rosidl_typesupport_introspection_cpp.hpp\n'}
[7.587634] (action_interfaces) StdoutLine: {'line': b'-- Installing: /home/ibrahim/RobotArm/install/action_interfaces/include/action_interfaces/action_interfaces/action/detail/move_arm__type_support.cpp\n'}
[7.588051] (action_interfaces) StdoutLine: {'line': b'-- Installing: /home/ibrahim/RobotArm/install/action_interfaces/lib/libaction_interfaces__rosidl_typesupport_introspection_cpp.so\n'}
[7.588768] (action_interfaces) StdoutLine: {'line': b'-- Set runtime path of "/home/ibrahim/RobotArm/install/action_interfaces/lib/libaction_interfaces__rosidl_typesupport_introspection_cpp.so" to ""\n'}
[7.588864] (action_interfaces) StdoutLine: {'line': b'-- Installing: /home/ibrahim/RobotArm/install/action_interfaces/lib/libaction_interfaces__rosidl_typesupport_cpp.so\n'}
[7.589381] (action_interfaces) StdoutLine: {'line': b'-- Set runtime path of "/home/ibrahim/RobotArm/install/action_interfaces/lib/libaction_interfaces__rosidl_typesupport_cpp.so" to ""\n'}
[7.589485] (action_interfaces) StdoutLine: {'line': b'-- Installing: /home/ibrahim/RobotArm/install/action_interfaces/share/action_interfaces/environment/pythonpath.sh\n'}
[7.589707] (action_interfaces) StdoutLine: {'line': b'-- Installing: /home/ibrahim/RobotArm/install/action_interfaces/share/action_interfaces/environment/pythonpath.dsv\n'}
[7.590008] (action_interfaces) StdoutLine: {'line': b'-- Installing: /home/ibrahim/RobotArm/install/action_interfaces/local/lib/python3.10/dist-packages/action_interfaces-0.0.0-py3.10.egg-info\n'}
[7.592027] (action_interfaces) StdoutLine: {'line': b'-- Installing: /home/ibrahim/RobotArm/install/action_interfaces/local/lib/python3.10/dist-packages/action_interfaces-0.0.0-py3.10.egg-info/top_level.txt\n'}
[7.592248] (action_interfaces) StdoutLine: {'line': b'-- Installing: /home/ibrahim/RobotArm/install/action_interfaces/local/lib/python3.10/dist-packages/action_interfaces-0.0.0-py3.10.egg-info/PKG-INFO\n'}
[7.592451] (action_interfaces) StdoutLine: {'line': b'-- Installing: /home/ibrahim/RobotArm/install/action_interfaces/local/lib/python3.10/dist-packages/action_interfaces-0.0.0-py3.10.egg-info/dependency_links.txt\n'}
[7.592667] (action_interfaces) StdoutLine: {'line': b'-- Installing: /home/ibrahim/RobotArm/install/action_interfaces/local/lib/python3.10/dist-packages/action_interfaces-0.0.0-py3.10.egg-info/SOURCES.txt\n'}
[7.592929] (action_interfaces) StdoutLine: {'line': b'-- Installing: /home/ibrahim/RobotArm/install/action_interfaces/local/lib/python3.10/dist-packages/action_interfaces\n'}
[7.593483] (action_interfaces) StdoutLine: {'line': b'-- Installing: /home/ibrahim/RobotArm/install/action_interfaces/local/lib/python3.10/dist-packages/action_interfaces/_action_interfaces_s.ep.rosidl_typesupport_introspection_c.c\n'}
[7.593881] (action_interfaces) StdoutLine: {'line': b'-- Installing: /home/ibrahim/RobotArm/install/action_interfaces/local/lib/python3.10/dist-packages/action_interfaces/_action_interfaces_s.ep.rosidl_typesupport_c.c\n'}
[7.594343] (action_interfaces) StdoutLine: {'line': b'-- Installing: /home/ibrahim/RobotArm/install/action_interfaces/local/lib/python3.10/dist-packages/action_interfaces/action_interfaces_s__rosidl_typesupport_fastrtps_c.cpython-310-x86_64-linux-gnu.so\n'}
[7.594656] (action_interfaces) StdoutLine: {'line': b'-- Installing: /home/ibrahim/RobotArm/install/action_interfaces/local/lib/python3.10/dist-packages/action_interfaces/srv\n'}
[7.595125] (action_interfaces) StdoutLine: {'line': b'-- Installing: /home/ibrahim/RobotArm/install/action_interfaces/local/lib/python3.10/dist-packages/action_interfaces/srv/_check_limits.py\n'}
[7.595387] (action_interfaces) StdoutLine: {'line': b'-- Installing: /home/ibrahim/RobotArm/install/action_interfaces/local/lib/python3.10/dist-packages/action_interfaces/srv/__init__.py\n'}
[7.595624] (action_interfaces) StdoutLine: {'line': b'-- Installing: /home/ibrahim/RobotArm/install/action_interfaces/local/lib/python3.10/dist-packages/action_interfaces/srv/_check_limits_s.c\n'}
[7.595958] (action_interfaces) StdoutLine: {'line': b'-- Installing: /home/ibrahim/RobotArm/install/action_interfaces/local/lib/python3.10/dist-packages/action_interfaces/_action_interfaces_s.ep.rosidl_typesupport_fastrtps_c.c\n'}
[7.596167] (action_interfaces) StdoutLine: {'line': b'-- Installing: /home/ibrahim/RobotArm/install/action_interfaces/local/lib/python3.10/dist-packages/action_interfaces/libaction_interfaces__rosidl_generator_py.so\n'}
[7.596579] (action_interfaces) StdoutLine: {'line': b'-- Installing: /home/ibrahim/RobotArm/install/action_interfaces/local/lib/python3.10/dist-packages/action_interfaces/msg\n'}
[7.597094] (action_interfaces) StdoutLine: {'line': b'-- Installing: /home/ibrahim/RobotArm/install/action_interfaces/local/lib/python3.10/dist-packages/action_interfaces/msg/_arm_state_s.c\n'}
[7.597362] (action_interfaces) StdoutLine: {'line': b'-- Installing: /home/ibrahim/RobotArm/install/action_interfaces/local/lib/python3.10/dist-packages/action_interfaces/msg/_arm_state.py\n'}
[7.597635] (action_interfaces) StdoutLine: {'line': b'-- Installing: /home/ibrahim/RobotArm/install/action_interfaces/local/lib/python3.10/dist-packages/action_interfaces/msg/_arm_command_s.c\n'}
[7.597892] (action_interfaces) StdoutLine: {'line': b'-- Installing: /home/ibrahim/RobotArm/install/action_interfaces/local/lib/python3.10/dist-packages/action_interfaces/msg/__init__.py\n'}
[7.598195] (action_interfaces) StdoutLine: {'line': b'-- Installing: /home/ibrahim/RobotArm/install/action_interfaces/local/lib/python3.10/dist-packages/action_interfaces/msg/_arm_command.py\n'}
[7.598478] (action_interfaces) StdoutLine: {'line': b'-- Installing: /home/ibrahim/RobotArm/install/action_interfaces/local/lib/python3.10/dist-packages/action_interfaces/action_interfaces_s__rosidl_typesupport_introspection_c.cpython-310-x86_64-linux-gnu.so\n'}
[7.598783] (action_interfaces) StdoutLine: {'line': b'-- Installing: /home/ibrahim/RobotArm/install/action_interfaces/local/lib/python3.10/dist-packages/action_interfaces/action\n'}
[7.599197] (action_interfaces) StdoutLine: {'line': b'-- Installing: /home/ibrahim/RobotArm/install/action_interfaces/local/lib/python3.10/dist-packages/action_interfaces/action/_move_arm.py\n'}
[7.599657] (action_interfaces) StdoutLine: {'line': b'-- Installing: /home/ibrahim/RobotArm/install/action_interfaces/local/lib/python3.10/dist-packages/action_interfaces/action/_move_arm_s.c\n'}
[7.599995] (action_interfaces) StdoutLine: {'line': b'-- Installing: /home/ibrahim/RobotArm/install/action_interfaces/local/lib/python3.10/dist-packages/action_interfaces/action/__init__.py\n'}
[7.600257] (action_interfaces) StdoutLine: {'line': b'-- Installing: /home/ibrahim/RobotArm/install/action_interfaces/local/lib/python3.10/dist-packages/action_interfaces/__init__.py\n'}
[7.600493] (action_interfaces) StdoutLine: {'line': b'-- Installing: /home/ibrahim/RobotArm/install/action_interfaces/local/lib/python3.10/dist-packages/action_interfaces/action_interfaces_s__rosidl_typesupport_c.cpython-310-x86_64-linux-gnu.so\n'}
[7.624431] (-) TimerEvent: {}
[7.644229] (action_interfaces) StdoutLine: {'line': b"Listing '/home/ibrahim/RobotArm/install/action_interfaces/local/lib/python3.10/dist-packages/action_interfaces'...\n"}
[7.644492] (action_interfaces) StdoutLine: {'line': b"Compiling '/home/ibrahim/RobotArm/install/action_interfaces/local/lib/python3.10/dist-packages/action_interfaces/__init__.py'...\n"}
[7.644605] (action_interfaces) StdoutLine: {'line': b"Listing '/home/ibrahim/RobotArm/install/action_interfaces/local/lib/python3.10/dist-packages/action_interfaces/action'...\n"}
[7.644668] (action_interfaces) StdoutLine: {'line': b"Compiling '/home/ibrahim/RobotArm/install/action_interfaces/local/lib/python3.10/dist-packages/action_interfaces/action/__init__.py'...\n"}
[7.644752] (action_interfaces) StdoutLine: {'line': b"Compiling '/home/ibrahim/RobotArm/install/action_interfaces/local/lib/python3.10/dist-packages/action_interfaces/action/_move_arm.py'...\n"}
[7.644845] (action_interfaces) StdoutLine: {'line': b"Listing '/home/ibrahim/RobotArm/install/action_interfaces/local/lib/python3.10/dist-packages/action_interfaces/msg'...\n"}
[7.644944] (action_interfaces) StdoutLine: {'line': b"Compiling '/home/ibrahim/RobotArm/install/action_interfaces/local/lib/python3.10/dist-packages/action_interfaces/msg/__init__.py'...\n"}
[7.644998] (action_interfaces) StdoutLine: {'line': b"Compiling '/home/ibrahim/RobotArm/install/action_interfaces/local/lib/python3.10/dist-packages/action_interfaces/msg/_arm_command.py'...\n"}
[7.645078] (action_interfaces) StdoutLine: {'line': b"Compiling '/home/ibrahim/RobotArm/install/action_interfaces/local/lib/python3.10/dist-packages/action_interfaces/msg/_arm_state.py'...\n"}
[7.645187] (action_interfaces) StdoutLine: {'line': b"Listing '/home/ibrahim/RobotArm/install/action_interfaces/local/lib/python3.10/dist-packages/action_interfaces/srv'...\n"}
[7.645252] (action_interfaces) StdoutLine: {'line': b"Compiling '/home/ibrahim/RobotArm/install/action_interfaces/local/lib/python3.10/dist-packages/action_interfaces/srv/__init__.py'...\n"}
[7.645325] (action_interfaces) StdoutLine: {'line': b"Compiling '/home/ibrahim/RobotArm/install/action_interfaces/local/lib/python3.10/dist-packages/action_interfaces/srv/_check_limits.py'...\n"}
[7.651039] (action_interfaces) StdoutLine: {'line': b'-- Installing: /home/ibrahim/RobotArm/install/action_interfaces/local/lib/python3.10/dist-packages/action_interfaces/action_interfaces_s__rosidl_typesupport_fastrtps_c.cpython-310-x86_64-linux-gnu.so\n'}
[7.651611] (action_interfaces) StdoutLine: {'line': b'-- Set runtime path of "/home/ibrahim/RobotArm/install/action_interfaces/local/lib/python3.10/dist-packages/action_interfaces/action_interfaces_s__rosidl_typesupport_fastrtps_c.cpython-310-x86_64-linux-gnu.so" to ""\n'}
[7.651918] (action_interfaces) StdoutLine: {'line': b'-- Installing: /home/ibrahim/RobotArm/install/action_interfaces/local/lib/python3.10/dist-packages/action_interfaces/action_interfaces_s__rosidl_typesupport_introspection_c.cpython-310-x86_64-linux-gnu.so\n'}
[7.652450] (action_interfaces) StdoutLine: {'line': b'-- Set runtime path of "/home/ibrahim/RobotArm/install/action_interfaces/local/lib/python3.10/dist-packages/action_interfaces/action_interfaces_s__rosidl_typesupport_introspection_c.cpython-310-x86_64-linux-gnu.so" to ""\n'}
[7.652763] (action_interfaces) StdoutLine: {'line': b'-- Installing: /home/ibrahim/RobotArm/install/action_interfaces/local/lib/python3.10/dist-packages/action_interfaces/action_interfaces_s__rosidl_typesupport_c.cpython-310-x86_64-linux-gnu.so\n'}
[7.653380] (action_interfaces) StdoutLine: {'line': b'-- Set runtime path of "/home/ibrahim/RobotArm/install/action_interfaces/local/lib/python3.10/dist-packages/action_interfaces/action_interfaces_s__rosidl_typesupport_c.cpython-310-x86_64-linux-gnu.so" to ""\n'}
[7.653677] (action_interfaces) StdoutLine: {'line': b'-- Installing: /home/ibrahim/RobotArm/install/action_interfaces/lib/libaction_interfaces__rosidl_generator_py.so\n'}
[7.654294] (action_interfaces) StdoutLine: {'line': b'-- Set runtime path of "/home/ibrahim/RobotArm/install/action_interfaces/lib/libaction_interfaces__rosidl_generator_py.so" to ""\n'}
[7.655147] (action_interfaces) StdoutLine: {'line': b'-- Installing: /home/ibrahim/RobotArm/install/action_interfaces/share/ament_index/resource_index/rust_packages/action_interfaces\n'}
[7.655385] (action_interfaces) StdoutLine: {'line': b'-- Installing: /home/ibrahim/RobotArm/install/action_interfaces/share/action_interfaces/rust\n'}
[7.655919] (action_interfaces) StdoutLine: {'line': b'-- Installing: /home/ibrahim/RobotArm/install/action_interfaces/share/action_interfaces/rust/src\n'}
[7.656404] (action_interfaces) StdoutLine: {'line': b'-- Installing: /home/ibrahim/RobotArm/install/action_interfaces/share/action_interfaces/rust/src/action.rs\n'}
[7.656694] (action_interfaces) StdoutLine: {'line': b'-- Installing: /home/ibrahim/RobotArm/install/action_interfaces/share/action_interfaces/rust/src/msg.rs\n'}
[7.656968] (action_interfaces) StdoutLine: {'line': b'-- Installing: /home/ibrahim/RobotArm/install/action_interfaces/share/action_interfaces/rust/src/lib.rs\n'}
[7.657214] (action_interfaces) StdoutLine: {'line': b'-- Installing: /home/ibrahim/RobotArm/install/action_interfaces/share/action_interfaces/rust/src/srv\n'}
[7.657677] (action_interfaces) StdoutLine: {'line': b'-- Installing: /home/ibrahim/RobotArm/install/action_interfaces/share/action_interfaces/rust/src/srv/rmw.rs\n'}
[7.657945] (action_interfaces) StdoutLine: {'line': b'-- Installing: /home/ibrahim/RobotArm/install/action_interfaces/share/action_interfaces/rust/src/msg\n'}
[7.658619] (action_interfaces) StdoutLine: {'line': b'-- Installing: /home/ibrahim/RobotArm/install/action_interfaces/share/action_interfaces/rust/src/msg/rmw.rs\n'}
[7.658916] (action_interfaces) StdoutLine: {'line': b'-- Installing: /home/ibrahim/RobotArm/install/action_interfaces/share/action_interfaces/rust/src/action\n'}
[7.659462] (action_interfaces) StdoutLine: {'line': b'-- Installing: /home/ibrahim/RobotArm/install/action_interfaces/share/action_interfaces/rust/src/action/rmw.rs\n'}
[7.659770] (action_interfaces) StdoutLine: {'line': b'-- Installing: /home/ibrahim/RobotArm/install/action_interfaces/share/action_interfaces/rust/src/srv.rs\n'}
[7.660042] (action_interfaces) StdoutLine: {'line': b'-- Installing: /home/ibrahim/RobotArm/install/action_interfaces/share/action_interfaces/rust/build.rs\n'}
[7.660409] (action_interfaces) StdoutLine: {'line': b'-- Installing: /home/ibrahim/RobotArm/install/action_interfaces/share/action_interfaces/rust/Cargo.toml\n'}
[7.661248] (action_interfaces) StdoutLine: {'line': b'-- Installing: /home/ibrahim/RobotArm/install/action_interfaces/share/action_interfaces/msg/ArmState.idl\n'}
[7.661543] (action_interfaces) StdoutLine: {'line': b'-- Installing: /home/ibrahim/RobotArm/install/action_interfaces/share/action_interfaces/msg/ArmCommand.idl\n'}
[7.662296] (action_interfaces) StdoutLine: {'line': b'-- Installing: /home/ibrahim/RobotArm/install/action_interfaces/share/action_interfaces/srv/CheckLimits.idl\n'}
[7.662901] (action_interfaces) StdoutLine: {'line': b'-- Installing: /home/ibrahim/RobotArm/install/action_interfaces/share/action_interfaces/action/MoveArm.idl\n'}
[7.663163] (action_interfaces) StdoutLine: {'line': b'-- Installing: /home/ibrahim/RobotArm/install/action_interfaces/share/action_interfaces/msg/ArmState.msg\n'}
[7.663401] (action_interfaces) StdoutLine: {'line': b'-- Installing: /home/ibrahim/RobotArm/install/action_interfaces/share/action_interfaces/msg/ArmCommand.msg\n'}
[7.663655] (action_interfaces) StdoutLine: {'line': b'-- Installing: /home/ibrahim/RobotArm/install/action_interfaces/share/action_interfaces/srv/CheckLimits.srv\n'}
[7.663883] (action_interfaces) StdoutLine: {'line': b'-- Installing: /home/ibrahim/RobotArm/install/action_interfaces/share/action_interfaces/srv/CheckLimits_Request.msg\n'}
[7.664144] (action_interfaces) StdoutLine: {'line': b'-- Installing: /home/ibrahim/RobotArm/install/action_interfaces/share/action_interfaces/srv/CheckLimits_Response.msg\n'}
[7.664394] (action_interfaces) StdoutLine: {'line': b'-- Installing: /home/ibrahim/RobotArm/install/action_interfaces/share/action_interfaces/action/MoveArm.action\n'}
[7.665007] (action_interfaces) StdoutLine: {'line': b'-- Installing: /home/ibrahim/RobotArm/install/action_interfaces/share/ament_index/resource_index/package_run_dependencies/action_interfaces\n'}
[7.665759] (action_interfaces) StdoutLine: {'line': b'-- Installing: /home/ibrahim/RobotArm/install/action_interfaces/share/ament_index/resource_index/parent_prefix_path/action_interfaces\n'}
[7.666120] (action_interfaces) StdoutLine: {'line': b'-- Installing: /home/ibrahim/RobotArm/install/action_interfaces/share/action_interfaces/environment/ament_prefix_path.sh\n'}
[7.666393] (action_interfaces) StdoutLine: {'line': b'-- Installing: /home/ibrahim/RobotArm/install/action_interfaces/share/action_interfaces/environment/ament_prefix_path.dsv\n'}
[7.666669] (action_interfaces) StdoutLine: {'line': b'-- Installing: /home/ibrahim/RobotArm/install/action_interfaces/share/action_interfaces/environment/path.sh\n'}
[7.666897] (action_interfaces) StdoutLine: {'line': b'-- Installing: /home/ibrahim/RobotArm/install/action_interfaces/share/action_interfaces/environment/path.dsv\n'}
[7.667144] (action_interfaces) StdoutLine: {'line': b'-- Installing: /home/ibrahim/RobotArm/install/action_interfaces/share/action_interfaces/local_setup.bash\n'}
[7.667462] (action_interfaces) StdoutLine: {'line': b'-- Installing: /home/ibrahim/RobotArm/install/action_interfaces/share/action_interfaces/local_setup.sh\n'}
[7.667690] (action_interfaces) StdoutLine: {'line': b'-- Installing: /home/ibrahim/RobotArm/install/action_interfaces/share/action_interfaces/local_setup.zsh\n'}
[7.667924] (action_interfaces) StdoutLine: {'line': b'-- Installing: /home/ibrahim/RobotArm/install/action_interfaces/share/action_interfaces/local_setup.dsv\n'}
[7.668214] (action_interfaces) StdoutLine: {'line': b'-- Installing: /home/ibrahim/RobotArm/install/action_interfaces/share/action_interfaces/package.dsv\n'}
[7.668840] (action_interfaces) StdoutLine: {'line': b'-- Installing: /home/ibrahim/RobotArm/install/action_interfaces/share/ament_index/resource_index/packages/action_interfaces\n'}
[7.669519] (action_interfaces) StdoutLine: {'line': b'-- Installing: /home/ibrahim/RobotArm/install/action_interfaces/share/action_interfaces/cmake/export_action_interfaces__rosidl_generator_cExport.cmake\n'}
[7.669931] (action_interfaces) StdoutLine: {'line': b'-- Installing: /home/ibrahim/RobotArm/install/action_interfaces/share/action_interfaces/cmake/export_action_interfaces__rosidl_generator_cExport-noconfig.cmake\n'}
[7.670144] (action_interfaces) StdoutLine: {'line': b'-- Installing: /home/ibrahim/RobotArm/install/action_interfaces/share/action_interfaces/cmake/export_action_interfaces__rosidl_typesupport_fastrtps_cExport.cmake\n'}
[7.670559] (action_interfaces) StdoutLine: {'line': b'-- Installing: /home/ibrahim/RobotArm/install/action_interfaces/share/action_interfaces/cmake/export_action_interfaces__rosidl_typesupport_fastrtps_cExport-noconfig.cmake\n'}
[7.670795] (action_interfaces) StdoutLine: {'line': b'-- Installing: /home/ibrahim/RobotArm/install/action_interfaces/share/action_interfaces/cmake/action_interfaces__rosidl_typesupport_introspection_cExport.cmake\n'}
[7.671094] (action_interfaces) StdoutLine: {'line': b'-- Installing: /home/ibrahim/RobotArm/install/action_interfaces/share/action_interfaces/cmake/action_interfaces__rosidl_typesupport_introspection_cExport-noconfig.cmake\n'}
[7.671429] (action_interfaces) StdoutLine: {'line': b'-- Installing: /home/ibrahim/RobotArm/install/action_interfaces/share/action_interfaces/cmake/action_interfaces__rosidl_typesupport_cExport.cmake\n'}
[7.671703] (action_interfaces) StdoutLine: {'line': b'-- Installing: /home/ibrahim/RobotArm/install/action_interfaces/share/action_interfaces/cmake/action_interfaces__rosidl_typesupport_cExport-noconfig.cmake\n'}
[7.672008] (action_interfaces) StdoutLine: {'line': b'-- Installing: /home/ibrahim/RobotArm/install/action_interfaces/share/action_interfaces/cmake/export_action_interfaces__rosidl_generator_cppExport.cmake\n'}
[7.672307] (action_interfaces) StdoutLine: {'line': b'-- Installing: /home/ibrahim/RobotArm/install/action_interfaces/share/action_interfaces/cmake/export_action_interfaces__rosidl_typesupport_fastrtps_cppExport.cmake\n'}
[7.672613] (action_interfaces) StdoutLine: {'line': b'-- Installing: /home/ibrahim/RobotArm/install/action_interfaces/share/action_interfaces/cmake/export_action_interfaces__rosidl_typesupport_fastrtps_cppExport-noconfig.cmake\n'}
[7.672939] (action_interfaces) StdoutLine: {'line': b'-- Installing: /home/ibrahim/RobotArm/install/action_interfaces/share/action_interfaces/cmake/action_interfaces__rosidl_typesupport_introspection_cppExport.cmake\n'}
[7.673288] (action_interfaces) StdoutLine: {'line': b'-- Installing: /home/ibrahim/RobotArm/install/action_interfaces/share/action_interfaces/cmake/action_interfaces__rosidl_typesupport_introspection_cppExport-noconfig.cmake\n'}
[7.673616] (action_interfaces) StdoutLine: {'line': b'-- Installing: /home/ibrahim/RobotArm/install/action_interfaces/share/action_interfaces/cmake/action_interfaces__rosidl_typesupport_cppExport.cmake\n'}
[7.673882] (action_interfaces) StdoutLine: {'line': b'-- Installing: /home/ibrahim/RobotArm/install/action_interfaces/share/action_interfaces/cmake/action_interfaces__rosidl_typesupport_cppExport-noconfig.cmake\n'}
[7.674204] (action_interfaces) StdoutLine: {'line': b'-- Installing: /home/ibrahim/RobotArm/install/action_interfaces/share/action_interfaces/cmake/export_action_interfaces__rosidl_generator_pyExport.cmake\n'}
[7.674538] (action_interfaces) StdoutLine: {'line': b'-- Installing: /home/ibrahim/RobotArm/install/action_interfaces/share/action_interfaces/cmake/export_action_interfaces__rosidl_generator_pyExport-noconfig.cmake\n'}
[7.674973] (action_interfaces) StdoutLine: {'line': b'-- Installing: /home/ibrahim/RobotArm/install/action_interfaces/share/action_interfaces/cmake/rosidl_cmake-extras.cmake\n'}
[7.675247] (action_interfaces) StdoutLine: {'line': b'-- Installing: /home/ibrahim/RobotArm/install/action_interfaces/share/action_interfaces/cmake/ament_cmake_export_dependencies-extras.cmake\n'}
[7.675534] (action_interfaces) StdoutLine: {'line': b'-- Installing: /home/ibrahim/RobotArm/install/action_interfaces/share/action_interfaces/cmake/ament_cmake_export_include_directories-extras.cmake\n'}
[7.675880] (action_interfaces) StdoutLine: {'line': b'-- Installing: /home/ibrahim/RobotArm/install/action_interfaces/share/action_interfaces/cmake/ament_cmake_export_libraries-extras.cmake\n'}
[7.676267] (action_interfaces) StdoutLine: {'line': b'-- Installing: /home/ibrahim/RobotArm/install/action_interfaces/share/action_interfaces/cmake/ament_cmake_export_targets-extras.cmake\n'}
[7.676465] (action_interfaces) StdoutLine: {'line': b'-- Installing: /home/ibrahim/RobotArm/install/action_interfaces/share/action_interfaces/cmake/rosidl_cmake_export_typesupport_targets-extras.cmake\n'}
[7.676757] (action_interfaces) StdoutLine: {'line': b'-- Installing: /home/ibrahim/RobotArm/install/action_interfaces/share/action_interfaces/cmake/rosidl_cmake_export_typesupport_libraries-extras.cmake\n'}
[7.677038] (action_interfaces) StdoutLine: {'line': b'-- Installing: /home/ibrahim/RobotArm/install/action_interfaces/share/action_interfaces/cmake/action_interfacesConfig.cmake\n'}
[7.677294] (action_interfaces) StdoutLine: {'line': b'-- Installing: /home/ibrahim/RobotArm/install/action_interfaces/share/action_interfaces/cmake/action_interfacesConfig-version.cmake\n'}
[7.677627] (action_interfaces) StdoutLine: {'line': b'-- Installing: /home/ibrahim/RobotArm/install/action_interfaces/share/action_interfaces/package.xml\n'}
[7.680821] (action_interfaces) CommandEnded: {'returncode': 0}
[7.705151] (action_interfaces) JobEnded: {'identifier': 'action_interfaces', 'rc': 0}
[7.706730] (main_arm_package) JobStarted: {'identifier': 'main_arm_package'}
[7.724590] (-) TimerEvent: {}
[7.814887] (main_arm_package) JobProgress: {'identifier': 'main_arm_package', 'progress': 'cmake'}
[7.817335] (main_arm_package) Command: {'cmd': ['/usr/bin/cmake', '/home/ibrahim/RobotArm/src/main_arm_package', '-DCMAKE_INSTALL_PREFIX=/home/ibrahim/RobotArm/install/main_arm_package'], 'cwd': '/home/ibrahim/RobotArm/build/main_arm_package', 'env': OrderedDict([('PYTHON_BASIC_REPL', '1'), ('LESSOPEN', '| /usr/bin/lesspipe %s'), ('USER', 'ibrahim'), ('GIT_ASKPASS', '/home/ibrahim/.vscode-server/bin/0958016b2af9f09bb4257e0df4a95e2f90590f9f/extensions/git/dist/askpass.sh'), ('SHLVL', '1'), ('LD_LIBRARY_PATH', '/home/ibrahim/RobotArm/install/action_interfaces/lib:/home/ibrahim/RobotNav/install/action_interfaces/lib:/home/ibrahim/ros2_ws/install/action_interfaces/lib:/usr/lib/x86_64-linux-gnu/gazebo-11/plugins:/opt/ros/humble/opt/rviz_ogre_vendor/lib:/opt/ros/humble/lib/x86_64-linux-gnu:/opt/ros/humble/lib'), ('MOTD_SHOWN', 'update-motd'), ('HOME', '/home/ibrahim'), ('OLDPWD', '/home/ibrahim/RobotArm'), ('TERM_PROGRAM_VERSION', '1.120.0'), ('VSCODE_IPC_HOOK_CLI', '/run/user/1000/vscode-ipc-33101308-cf23-4e9c-8338-aa96cc31068a.sock'), ('ROS_PYTHON_VERSION', '3'), ('VSCODE_GIT_ASKPASS_MAIN', '/home/ibrahim/.vscode-server/bin/0958016b2af9f09bb4257e0df4a95e2f90590f9f/extensions/git/dist/askpass-main.js'), ('VSCODE_GIT_ASKPASS_NODE', '/home/ibrahim/.vscode-server/bin/0958016b2af9f09bb4257e0df4a95e2f90590f9f/node'), ('PYDEVD_DISABLE_FILE_VALIDATION', '1'), ('BUNDLED_DEBUGPY_PATH', '/home/ibrahim/.vscode-server/extensions/ms-python.debugpy-2026.6.0-linux-x64/bundled/libs/debugpy'), ('VSCODE_PYTHON_AUTOACTIVATE_GUARD', '1'), ('DBUS_SESSION_BUS_ADDRESS', 'unix:path=/run/user/1000/bus'), ('COLORTERM', 'truecolor'), ('WSL_DISTRO_NAME', 'Ubuntu-22.04'), ('WAYLAND_DISPLAY', 'wayland-0'), ('COLCON_PREFIX_PATH', '/home/ibrahim/RobotArm/install:/home/ibrahim/TF2Sample/install:/home/ibrahim/RobotNav/install:/home/ibrahim/RobotMonitor/install:/home/ibrahim/ros2_ws/install'), ('ROS_DISTRO', 'humble'), ('LOGNAME', 'ibrahim'), ('NAME', 'Ibrahim-laptop'), ('WSL_INTEROP', '/run/WSL/451_interop'), ('PULSE_SERVER', 'unix:/mnt/wslg/PulseServer'), ('_', '/usr/bin/colcon'), ('ROS_VERSION', '2'), ('CLAUDE_CODE_SSE_PORT', '17949'), ('TERM', 'xterm-256color'), ('ROS_LOCALHOST_ONLY', '0'), ('PATH', '/home/ibrahim/.vscode-server/data/User/globalStorage/github.copilot-chat/debugCommand:/home/ibrahim/.vscode-server/data/User/globalStorage/github.copilot-chat/copilotCli:/home/ibrahim/.vscode-server/bin/0958016b2af9f09bb4257e0df4a95e2f90590f9f/bin/remote-cli:/opt/ros/humble/bin:/usr/local/sbin:/usr/local/bin:/usr/sbin:/usr/bin:/sbin:/bin:/usr/games:/usr/local/games:/usr/lib/wsl/lib:/mnt/c/Users/zanto/AppData/Local/Programs/Microsoft VS Code:/mnt/c/Windows/system32:/mnt/c/Windows:/mnt/c/Windows/System32/Wbem:/mnt/c/Windows/System32/WindowsPowerShell/v1.0/:/mnt/c/Windows/System32/OpenSSH/:/mnt/c/Program Files (x86)/NVIDIA Corporation/PhysX/Common:/mnt/c/Program Files/NVIDIA Corporation/NVIDIA App/NvDLISR:/mnt/c/Program Files/dotnet/:/mnt/c/Program Files/nodejs/:/mnt/c/Program Files/Git/cmd:/mnt/c/Program Files/PostgreSQL/18/bin:/mnt/c/Users/zanto/.local/bin:/mnt/c/Program Files/Docker/Docker/resources/bin:/mnt/c/Program Files/GitHub CLI/:/mnt/c/Users/zanto/AppData/Local/Programs/Python/Python312/Scripts/:/mnt/c/Users/zanto/AppData/Local/Programs/Python/Python312/:/mnt/c/Users/zanto/AppData/Local/Programs/Python/Python314/Scripts/:/mnt/c/Users/zanto/AppData/Local/Programs/Python/Python314/:/mnt/c/Users/zanto/AppData/Local/Microsoft/WindowsApps:/mnt/c/Users/zanto/AppData/Local/Programs/Microsoft VS Code/bin:/mnt/c/Users/zanto/AppData/Local/Programs/Ollama:/mnt/c/Users/zanto/AppData/Roaming/npm:/mnt/c/msys64/ucrt64/bin:/snap/bin:/home/ibrahim/.vscode-server/extensions/ms-python.debugpy-2026.6.0-linux-x64/bundled/scripts/noConfigScripts'), ('XDG_RUNTIME_DIR', '/run/user/1000/'), ('DISPLAY', ':0'), ('VSCODE_DEBUGPY_ADAPTER_ENDPOINTS', '/home/ibrahim/.vscode-server/extensions/ms-python.debugpy-2026.6.0-linux-x64/.noConfigDebugAdapterEndpoints/endpoint-714e652f892be45d.txt'), ('LANG', 'C.UTF-8'), ('PYTHONSTARTUP', '/home/ibrahim/.vscode-server/data/User/workspaceStorage/fa8168787113d28de46c06dc78839278/ms-python.python/pythonrc.py'), ('LS_COLORS', 'rs=0:di=01;34:ln=01;36:mh=00:pi=40;33:so=01;35:do=01;35:bd=40;33;01:cd=40;33;01:or=40;31;01:mi=00:su=37;41:sg=30;43:ca=30;41:tw=30;42:ow=34;42:st=37;44:ex=01;32:*.tar=01;31:*.tgz=01;31:*.arc=01;31:*.arj=01;31:*.taz=01;31:*.lha=01;31:*.lz4=01;31:*.lzh=01;31:*.lzma=01;31:*.tlz=01;31:*.txz=01;31:*.tzo=01;31:*.t7z=01;31:*.zip=01;31:*.z=01;31:*.dz=01;31:*.gz=01;31:*.lrz=01;31:*.lz=01;31:*.lzo=01;31:*.xz=01;31:*.zst=01;31:*.tzst=01;31:*.bz2=01;31:*.bz=01;31:*.tbz=01;31:*.tbz2=01;31:*.tz=01;31:*.deb=01;31:*.rpm=01;31:*.jar=01;31:*.war=01;31:*.ear=01;31:*.sar=01;31:*.rar=01;31:*.alz=01;31:*.ace=01;31:*.zoo=01;31:*.cpio=01;31:*.7z=01;31:*.rz=01;31:*.cab=01;31:*.wim=01;31:*.swm=01;31:*.dwm=01;31:*.esd=01;31:*.jpg=01;35:*.jpeg=01;35:*.mjpg=01;35:*.mjpeg=01;35:*.gif=01;35:*.bmp=01;35:*.pbm=01;35:*.pgm=01;35:*.ppm=01;35:*.tga=01;35:*.xbm=01;35:*.xpm=01;35:*.tif=01;35:*.tiff=01;35:*.png=01;35:*.svg=01;35:*.svgz=01;35:*.mng=01;35:*.pcx=01;35:*.mov=01;35:*.mpg=01;35:*.mpeg=01;35:*.m2v=01;35:*.mkv=01;35:*.webm=01;35:*.webp=01;35:*.ogm=01;35:*.mp4=01;35:*.m4v=01;35:*.mp4v=01;35:*.vob=01;35:*.qt=01;35:*.nuv=01;35:*.wmv=01;35:*.asf=01;35:*.rm=01;35:*.rmvb=01;35:*.flc=01;35:*.avi=01;35:*.fli=01;35:*.flv=01;35:*.gl=01;35:*.dl=01;35:*.xcf=01;35:*.xwd=01;35:*.yuv=01;35:*.cgm=01;35:*.emf=01;35:*.ogv=01;35:*.ogx=01;35:*.aac=00;36:*.au=00;36:*.flac=00;36:*.m4a=00;36:*.mid=00;36:*.midi=00;36:*.mka=00;36:*.mp3=00;36:*.mpc=00;36:*.ogg=00;36:*.ra=00;36:*.wav=00;36:*.oga=00;36:*.opus=00;36:*.spx=00;36:*.xspf=00;36:'), ('VSCODE_GIT_IPC_HANDLE', '/run/user/1000/vscode-git-15da379591.sock'), ('TERM_PROGRAM', 'vscode'), ('ROS_DOMAIN_ID', '10'), ('AMENT_PREFIX_PATH', '/home/ibrahim/RobotNav/install/main_robot_nodes:/home/ibrahim/RobotNav/install/action_interfaces:/home/ibrahim/RobotArm/install/main_arm_package:/home/ibrahim/RobotArm/install/action_interfaces:/home/ibrahim/TF2Sample/install/tf2sim:/home/ibrahim/ros2_ws/install/my_first_package:/home/ibrahim/ros2_ws/install/action_interfaces:/home/ibrahim/RobotMonitor/install/Robot3Node_Package:/opt/ros/humble'), ('SHELL', '/bin/bash'), ('LESSCLOSE', '/usr/bin/lesspipe %s %s'), ('VSCODE_GIT_ASKPASS_EXTRA_ARGS', ''), ('PWD', '/home/ibrahim/RobotArm/build/main_arm_package'), ('XDG_DATA_DIRS', '/usr/local/share:/usr/share:/var/lib/snapd/desktop'), ('PYTHONPATH', '/home/ibrahim/RobotNav/install/action_interfaces/local/lib/python3.10/dist-packages:/home/ibrahim/RobotArm/install/action_interfaces/local/lib/python3.10/dist-packages:/home/ibrahim/ros2_ws/install/action_interfaces/local/lib/python3.10/dist-packages:/opt/ros/humble/lib/python3.10/site-packages:/opt/ros/humble/local/lib/python3.10/dist-packages'), ('COLCON', '1'), ('WSL2_GUI_APPS_ENABLED', '1'), ('HOSTTYPE', 'x86_64'), ('CMAKE_PREFIX_PATH', '/home/ibrahim/RobotArm/install/action_interfaces:/home/ibrahim/RobotNav/install/main_robot_nodes:/home/ibrahim/RobotNav/install/action_interfaces:/home/ibrahim/RobotArm/install/main_arm_package:/home/ibrahim/TF2Sample/install/tf2sim:/home/ibrahim/ros2_ws/install/my_first_package:/home/ibrahim/ros2_ws/install/action_interfaces:/home/ibrahim/RobotMonitor/install/Robot3Node_Package:/opt/ros/humble'), ('WSLENV', 'VSCODE_WSL_EXT_LOCATION/up:VSCODE_SERVER_TAR/up')]), 'shell': False}
[7.824717] (-) TimerEvent: {}
[7.925079] (-) TimerEvent: {}
[7.983102] (main_arm_package) StdoutLine: {'line': b'-- The C compiler identification is GNU 11.4.0\n'}
[8.025221] (-) TimerEvent: {}
[8.125618] (-) TimerEvent: {}
[8.226065] (-) TimerEvent: {}
[8.326550] (-) TimerEvent: {}
[8.426884] (-) TimerEvent: {}
[8.527329] (-) TimerEvent: {}
[8.554988] (main_arm_package) StdoutLine: {'line': b'-- The CXX compiler identification is GNU 11.4.0\n'}
[8.627440] (-) TimerEvent: {}
[8.727901] (-) TimerEvent: {}
[8.828419] (-) TimerEvent: {}
[8.928864] (-) TimerEvent: {}
[8.988452] (main_arm_package) StdoutLine: {'line': b'-- Detecting C compiler ABI info\n'}
[9.029145] (-) TimerEvent: {}
[9.129730] (-) TimerEvent: {}
[9.170456] (main_arm_package) StdoutLine: {'line': b'-- Detecting C compiler ABI info - done\n'}
[9.176010] (main_arm_package) StdoutLine: {'line': b'-- Check for working C compiler: /usr/bin/cc - skipped\n'}
[9.176409] (main_arm_package) StdoutLine: {'line': b'-- Detecting C compile features\n'}
[9.176977] (main_arm_package) StdoutLine: {'line': b'-- Detecting C compile features - done\n'}
[9.179141] (main_arm_package) StdoutLine: {'line': b'-- Detecting CXX compiler ABI info\n'}
[9.229951] (-) TimerEvent: {}
[9.330503] (-) TimerEvent: {}
[9.360439] (main_arm_package) StdoutLine: {'line': b'-- Detecting CXX compiler ABI info - done\n'}
[9.366583] (main_arm_package) StdoutLine: {'line': b'-- Check for working CXX compiler: /usr/bin/c++ - skipped\n'}
[9.367018] (main_arm_package) StdoutLine: {'line': b'-- Detecting CXX compile features\n'}
[9.367233] (main_arm_package) StdoutLine: {'line': b'-- Detecting CXX compile features - done\n'}
[9.371156] (main_arm_package) StdoutLine: {'line': b'-- Found ament_cmake: 1.3.14 (/opt/ros/humble/share/ament_cmake/cmake)\n'}
[9.430600] (-) TimerEvent: {}
[9.513256] (main_arm_package) StdoutLine: {'line': b'-- Found Python3: /usr/bin/python3 (found version "3.10.12") found components: Interpreter \n'}
[9.530760] (-) TimerEvent: {}
[9.619354] (main_arm_package) StdoutLine: {'line': b'-- Found rclcpp: 16.0.19 (/opt/ros/humble/share/rclcpp/cmake)\n'}
[9.630892] (-) TimerEvent: {}
[9.731226] (-) TimerEvent: {}
[9.815062] (main_arm_package) StdoutLine: {'line': b'-- Found rosidl_generator_c: 3.1.8 (/opt/ros/humble/share/rosidl_generator_c/cmake)\n'}
[9.822474] (main_arm_package) StdoutLine: {'line': b'-- Found rosidl_adapter: 3.1.8 (/opt/ros/humble/share/rosidl_adapter/cmake)\n'}
[9.831331] (-) TimerEvent: {}
[9.834255] (main_arm_package) StdoutLine: {'line': b'-- Found rosidl_generator_cpp: 3.1.8 (/opt/ros/humble/share/rosidl_generator_cpp/cmake)\n'}
[9.848532] (main_arm_package) StdoutLine: {'line': b'-- Using all available rosidl_typesupport_c: rosidl_typesupport_fastrtps_c;rosidl_typesupport_introspection_c\n'}
[9.865845] (main_arm_package) StdoutLine: {'line': b'-- Using all available rosidl_typesupport_cpp: rosidl_typesupport_fastrtps_cpp;rosidl_typesupport_introspection_cpp\n'}
[9.920885] (main_arm_package) StdoutLine: {'line': b'-- Found rmw_implementation_cmake: 6.1.2 (/opt/ros/humble/share/rmw_implementation_cmake/cmake)\n'}
[9.926054] (main_arm_package) StdoutLine: {'line': b'-- Found rmw_fastrtps_cpp: 6.2.10 (/opt/ros/humble/share/rmw_fastrtps_cpp/cmake)\n'}
[9.931490] (-) TimerEvent: {}
[10.031938] (-) TimerEvent: {}
[10.132330] (-) TimerEvent: {}
[10.232680] (-) TimerEvent: {}
[10.333135] (-) TimerEvent: {}
[10.433680] (-) TimerEvent: {}
[10.534034] (-) TimerEvent: {}
[10.634421] (-) TimerEvent: {}
[10.734734] (-) TimerEvent: {}
[10.835141] (-) TimerEvent: {}
[10.935730] (-) TimerEvent: {}
[11.036107] (-) TimerEvent: {}
[11.136490] (-) TimerEvent: {}
[11.237031] (-) TimerEvent: {}
[11.337408] (-) TimerEvent: {}
[11.437727] (-) TimerEvent: {}
[11.514358] (main_arm_package) StdoutLine: {'line': b'-- Found OpenSSL: /usr/lib/x86_64-linux-gnu/libcrypto.so (found version "3.0.2")  \n'}
[11.537840] (-) TimerEvent: {}
[11.638221] (-) TimerEvent: {}
[11.738682] (-) TimerEvent: {}
[11.839010] (-) TimerEvent: {}
[11.939401] (-) TimerEvent: {}
[12.039801] (-) TimerEvent: {}
[12.140238] (-) TimerEvent: {}
[12.240701] (-) TimerEvent: {}
[12.341201] (-) TimerEvent: {}
[12.441583] (-) TimerEvent: {}
[12.541947] (-) TimerEvent: {}
[12.642358] (-) TimerEvent: {}
[12.742792] (-) TimerEvent: {}
[12.843191] (-) TimerEvent: {}
[12.943653] (-) TimerEvent: {}
[13.044018] (-) TimerEvent: {}
[13.144433] (-) TimerEvent: {}
[13.163389] (main_arm_package) StdoutLine: {'line': b'-- Found FastRTPS: /opt/ros/humble/include  \n'}
[13.244550] (-) TimerEvent: {}
[13.344932] (-) TimerEvent: {}
[13.445346] (-) TimerEvent: {}
[13.545820] (-) TimerEvent: {}
[13.646203] (-) TimerEvent: {}
[13.746562] (-) TimerEvent: {}
[13.846913] (-) TimerEvent: {}
[13.947374] (-) TimerEvent: {}
[14.047738] (-) TimerEvent: {}
[14.148152] (-) TimerEvent: {}
[14.248600] (-) TimerEvent: {}
[14.349011] (-) TimerEvent: {}
[14.449525] (-) TimerEvent: {}
[14.549885] (-) TimerEvent: {}
[14.650241] (-) TimerEvent: {}
[14.750687] (-) TimerEvent: {}
[14.851009] (-) TimerEvent: {}
[14.951467] (-) TimerEvent: {}
[15.051848] (-) TimerEvent: {}
[15.152220] (-) TimerEvent: {}
[15.252738] (-) TimerEvent: {}
[15.353132] (-) TimerEvent: {}
[15.453483] (-) TimerEvent: {}
[15.553846] (-) TimerEvent: {}
[15.654212] (-) TimerEvent: {}
[15.754564] (-) TimerEvent: {}
[15.855066] (-) TimerEvent: {}
[15.955503] (-) TimerEvent: {}
[16.055919] (-) TimerEvent: {}
[16.156346] (-) TimerEvent: {}
[16.256838] (-) TimerEvent: {}
[16.356546] (main_arm_package) StdoutLine: {'line': b"-- Using RMW implementation 'rmw_fastrtps_cpp' as default\n"}
[16.356989] (-) TimerEvent: {}
[16.367978] (main_arm_package) StdoutLine: {'line': b'-- Looking for pthread.h\n'}
[16.457130] (-) TimerEvent: {}
[16.545214] (main_arm_package) StdoutLine: {'line': b'-- Looking for pthread.h - found\n'}
[16.545801] (main_arm_package) StdoutLine: {'line': b'-- Performing Test CMAKE_HAVE_LIBC_PTHREAD\n'}
[16.557229] (-) TimerEvent: {}
[16.657581] (-) TimerEvent: {}
[16.724412] (main_arm_package) StdoutLine: {'line': b'-- Performing Test CMAKE_HAVE_LIBC_PTHREAD - Success\n'}
[16.725557] (main_arm_package) StdoutLine: {'line': b'-- Found Threads: TRUE  \n'}
[16.757732] (-) TimerEvent: {}
[16.779178] (main_arm_package) StdoutLine: {'line': b'-- Found rclcpp_action: 16.0.19 (/opt/ros/humble/share/rclcpp_action/cmake)\n'}
[16.810741] (main_arm_package) StdoutLine: {'line': b'-- Found action_interfaces: 0.0.0 (/home/ibrahim/RobotArm/install/action_interfaces/share/action_interfaces/cmake)\n'}
[16.823668] (main_arm_package) StdoutLine: {'line': b'-- Found sensor_msgs: 4.9.1 (/opt/ros/humble/share/sensor_msgs/cmake)\n'}
[16.852037] (main_arm_package) StdoutLine: {'line': b'-- Found ament_lint_auto: 0.12.15 (/opt/ros/humble/share/ament_lint_auto/cmake)\n'}
[16.857872] (-) TimerEvent: {}
[16.941578] (main_arm_package) StdoutLine: {'line': b"-- Added test 'cppcheck' to perform static code analysis on C / C++ code\n"}
[16.941879] (main_arm_package) StdoutLine: {'line': b'-- Configured cppcheck include dirs: $<BUILD_INTERFACE:/home/ibrahim/RobotArm/src/main_arm_package/include>\n'}
[16.942010] (main_arm_package) StdoutLine: {'line': b'-- Configured cppcheck exclude dirs and/or files: \n'}
[16.943408] (main_arm_package) StdoutLine: {'line': b"-- Added test 'flake8' to check Python code syntax and style conventions\n"}
[16.944574] (main_arm_package) StdoutLine: {'line': b"-- Added test 'lint_cmake' to check CMake code style\n"}
[16.945522] (main_arm_package) StdoutLine: {'line': b"-- Added test 'pep257' to check Python code against some of the docstring style conventions in PEP 257\n"}
[16.947340] (main_arm_package) StdoutLine: {'line': b"-- Added test 'uncrustify' to check C / C++ code style\n"}
[16.947495] (main_arm_package) StdoutLine: {'line': b'-- Configured uncrustify additional arguments: \n'}
[16.948550] (main_arm_package) StdoutLine: {'line': b"-- Added test 'xmllint' to check XML markup files\n"}
[16.951093] (main_arm_package) StdoutLine: {'line': b'-- Configuring done\n'}
[16.957953] (-) TimerEvent: {}
[16.985695] (main_arm_package) StdoutLine: {'line': b'-- Generating done\n'}
[16.997720] (main_arm_package) StdoutLine: {'line': b'-- Build files have been written to: /home/ibrahim/RobotArm/build/main_arm_package\n'}
[17.011620] (main_arm_package) CommandEnded: {'returncode': 0}
[17.013251] (main_arm_package) JobProgress: {'identifier': 'main_arm_package', 'progress': 'build'}
[17.013383] (main_arm_package) Command: {'cmd': ['/usr/bin/cmake', '--build', '/home/ibrahim/RobotArm/build/main_arm_package', '--', '-j16', '-l16'], 'cwd': '/home/ibrahim/RobotArm/build/main_arm_package', 'env': OrderedDict([('PYTHON_BASIC_REPL', '1'), ('LESSOPEN', '| /usr/bin/lesspipe %s'), ('USER', 'ibrahim'), ('GIT_ASKPASS', '/home/ibrahim/.vscode-server/bin/0958016b2af9f09bb4257e0df4a95e2f90590f9f/extensions/git/dist/askpass.sh'), ('SHLVL', '1'), ('LD_LIBRARY_PATH', '/home/ibrahim/RobotArm/install/action_interfaces/lib:/home/ibrahim/RobotNav/install/action_interfaces/lib:/home/ibrahim/ros2_ws/install/action_interfaces/lib:/usr/lib/x86_64-linux-gnu/gazebo-11/plugins:/opt/ros/humble/opt/rviz_ogre_vendor/lib:/opt/ros/humble/lib/x86_64-linux-gnu:/opt/ros/humble/lib'), ('MOTD_SHOWN', 'update-motd'), ('HOME', '/home/ibrahim'), ('OLDPWD', '/home/ibrahim/RobotArm'), ('TERM_PROGRAM_VERSION', '1.120.0'), ('VSCODE_IPC_HOOK_CLI', '/run/user/1000/vscode-ipc-33101308-cf23-4e9c-8338-aa96cc31068a.sock'), ('ROS_PYTHON_VERSION', '3'), ('VSCODE_GIT_ASKPASS_MAIN', '/home/ibrahim/.vscode-server/bin/0958016b2af9f09bb4257e0df4a95e2f90590f9f/extensions/git/dist/askpass-main.js'), ('VSCODE_GIT_ASKPASS_NODE', '/home/ibrahim/.vscode-server/bin/0958016b2af9f09bb4257e0df4a95e2f90590f9f/node'), ('PYDEVD_DISABLE_FILE_VALIDATION', '1'), ('BUNDLED_DEBUGPY_PATH', '/home/ibrahim/.vscode-server/extensions/ms-python.debugpy-2026.6.0-linux-x64/bundled/libs/debugpy'), ('VSCODE_PYTHON_AUTOACTIVATE_GUARD', '1'), ('DBUS_SESSION_BUS_ADDRESS', 'unix:path=/run/user/1000/bus'), ('COLORTERM', 'truecolor'), ('WSL_DISTRO_NAME', 'Ubuntu-22.04'), ('WAYLAND_DISPLAY', 'wayland-0'), ('COLCON_PREFIX_PATH', '/home/ibrahim/RobotArm/install:/home/ibrahim/TF2Sample/install:/home/ibrahim/RobotNav/install:/home/ibrahim/RobotMonitor/install:/home/ibrahim/ros2_ws/install'), ('ROS_DISTRO', 'humble'), ('LOGNAME', 'ibrahim'), ('NAME', 'Ibrahim-laptop'), ('WSL_INTEROP', '/run/WSL/451_interop'), ('PULSE_SERVER', 'unix:/mnt/wslg/PulseServer'), ('_', '/usr/bin/colcon'), ('ROS_VERSION', '2'), ('CLAUDE_CODE_SSE_PORT', '17949'), ('TERM', 'xterm-256color'), ('ROS_LOCALHOST_ONLY', '0'), ('PATH', '/home/ibrahim/.vscode-server/data/User/globalStorage/github.copilot-chat/debugCommand:/home/ibrahim/.vscode-server/data/User/globalStorage/github.copilot-chat/copilotCli:/home/ibrahim/.vscode-server/bin/0958016b2af9f09bb4257e0df4a95e2f90590f9f/bin/remote-cli:/opt/ros/humble/bin:/usr/local/sbin:/usr/local/bin:/usr/sbin:/usr/bin:/sbin:/bin:/usr/games:/usr/local/games:/usr/lib/wsl/lib:/mnt/c/Users/zanto/AppData/Local/Programs/Microsoft VS Code:/mnt/c/Windows/system32:/mnt/c/Windows:/mnt/c/Windows/System32/Wbem:/mnt/c/Windows/System32/WindowsPowerShell/v1.0/:/mnt/c/Windows/System32/OpenSSH/:/mnt/c/Program Files (x86)/NVIDIA Corporation/PhysX/Common:/mnt/c/Program Files/NVIDIA Corporation/NVIDIA App/NvDLISR:/mnt/c/Program Files/dotnet/:/mnt/c/Program Files/nodejs/:/mnt/c/Program Files/Git/cmd:/mnt/c/Program Files/PostgreSQL/18/bin:/mnt/c/Users/zanto/.local/bin:/mnt/c/Program Files/Docker/Docker/resources/bin:/mnt/c/Program Files/GitHub CLI/:/mnt/c/Users/zanto/AppData/Local/Programs/Python/Python312/Scripts/:/mnt/c/Users/zanto/AppData/Local/Programs/Python/Python312/:/mnt/c/Users/zanto/AppData/Local/Programs/Python/Python314/Scripts/:/mnt/c/Users/zanto/AppData/Local/Programs/Python/Python314/:/mnt/c/Users/zanto/AppData/Local/Microsoft/WindowsApps:/mnt/c/Users/zanto/AppData/Local/Programs/Microsoft VS Code/bin:/mnt/c/Users/zanto/AppData/Local/Programs/Ollama:/mnt/c/Users/zanto/AppData/Roaming/npm:/mnt/c/msys64/ucrt64/bin:/snap/bin:/home/ibrahim/.vscode-server/extensions/ms-python.debugpy-2026.6.0-linux-x64/bundled/scripts/noConfigScripts'), ('XDG_RUNTIME_DIR', '/run/user/1000/'), ('DISPLAY', ':0'), ('VSCODE_DEBUGPY_ADAPTER_ENDPOINTS', '/home/ibrahim/.vscode-server/extensions/ms-python.debugpy-2026.6.0-linux-x64/.noConfigDebugAdapterEndpoints/endpoint-714e652f892be45d.txt'), ('LANG', 'C.UTF-8'), ('PYTHONSTARTUP', '/home/ibrahim/.vscode-server/data/User/workspaceStorage/fa8168787113d28de46c06dc78839278/ms-python.python/pythonrc.py'), ('LS_COLORS', 'rs=0:di=01;34:ln=01;36:mh=00:pi=40;33:so=01;35:do=01;35:bd=40;33;01:cd=40;33;01:or=40;31;01:mi=00:su=37;41:sg=30;43:ca=30;41:tw=30;42:ow=34;42:st=37;44:ex=01;32:*.tar=01;31:*.tgz=01;31:*.arc=01;31:*.arj=01;31:*.taz=01;31:*.lha=01;31:*.lz4=01;31:*.lzh=01;31:*.lzma=01;31:*.tlz=01;31:*.txz=01;31:*.tzo=01;31:*.t7z=01;31:*.zip=01;31:*.z=01;31:*.dz=01;31:*.gz=01;31:*.lrz=01;31:*.lz=01;31:*.lzo=01;31:*.xz=01;31:*.zst=01;31:*.tzst=01;31:*.bz2=01;31:*.bz=01;31:*.tbz=01;31:*.tbz2=01;31:*.tz=01;31:*.deb=01;31:*.rpm=01;31:*.jar=01;31:*.war=01;31:*.ear=01;31:*.sar=01;31:*.rar=01;31:*.alz=01;31:*.ace=01;31:*.zoo=01;31:*.cpio=01;31:*.7z=01;31:*.rz=01;31:*.cab=01;31:*.wim=01;31:*.swm=01;31:*.dwm=01;31:*.esd=01;31:*.jpg=01;35:*.jpeg=01;35:*.mjpg=01;35:*.mjpeg=01;35:*.gif=01;35:*.bmp=01;35:*.pbm=01;35:*.pgm=01;35:*.ppm=01;35:*.tga=01;35:*.xbm=01;35:*.xpm=01;35:*.tif=01;35:*.tiff=01;35:*.png=01;35:*.svg=01;35:*.svgz=01;35:*.mng=01;35:*.pcx=01;35:*.mov=01;35:*.mpg=01;35:*.mpeg=01;35:*.m2v=01;35:*.mkv=01;35:*.webm=01;35:*.webp=01;35:*.ogm=01;35:*.mp4=01;35:*.m4v=01;35:*.mp4v=01;35:*.vob=01;35:*.qt=01;35:*.nuv=01;35:*.wmv=01;35:*.asf=01;35:*.rm=01;35:*.rmvb=01;35:*.flc=01;35:*.avi=01;35:*.fli=01;35:*.flv=01;35:*.gl=01;35:*.dl=01;35:*.xcf=01;35:*.xwd=01;35:*.yuv=01;35:*.cgm=01;35:*.emf=01;35:*.ogv=01;35:*.ogx=01;35:*.aac=00;36:*.au=00;36:*.flac=00;36:*.m4a=00;36:*.mid=00;36:*.midi=00;36:*.mka=00;36:*.mp3=00;36:*.mpc=00;36:*.ogg=00;36:*.ra=00;36:*.wav=00;36:*.oga=00;36:*.opus=00;36:*.spx=00;36:*.xspf=00;36:'), ('VSCODE_GIT_IPC_HANDLE', '/run/user/1000/vscode-git-15da379591.sock'), ('TERM_PROGRAM', 'vscode'), ('ROS_DOMAIN_ID', '10'), ('AMENT_PREFIX_PATH', '/home/ibrahim/RobotNav/install/main_robot_nodes:/home/ibrahim/RobotNav/install/action_interfaces:/home/ibrahim/RobotArm/install/main_arm_package:/home/ibrahim/RobotArm/install/action_interfaces:/home/ibrahim/TF2Sample/install/tf2sim:/home/ibrahim/ros2_ws/install/my_first_package:/home/ibrahim/ros2_ws/install/action_interfaces:/home/ibrahim/RobotMonitor/install/Robot3Node_Package:/opt/ros/humble'), ('SHELL', '/bin/bash'), ('LESSCLOSE', '/usr/bin/lesspipe %s %s'), ('VSCODE_GIT_ASKPASS_EXTRA_ARGS', ''), ('PWD', '/home/ibrahim/RobotArm/build/main_arm_package'), ('XDG_DATA_DIRS', '/usr/local/share:/usr/share:/var/lib/snapd/desktop'), ('PYTHONPATH', '/home/ibrahim/RobotNav/install/action_interfaces/local/lib/python3.10/dist-packages:/home/ibrahim/RobotArm/install/action_interfaces/local/lib/python3.10/dist-packages:/home/ibrahim/ros2_ws/install/action_interfaces/local/lib/python3.10/dist-packages:/opt/ros/humble/lib/python3.10/site-packages:/opt/ros/humble/local/lib/python3.10/dist-packages'), ('COLCON', '1'), ('WSL2_GUI_APPS_ENABLED', '1'), ('HOSTTYPE', 'x86_64'), ('CMAKE_PREFIX_PATH', '/home/ibrahim/RobotArm/install/action_interfaces:/home/ibrahim/RobotNav/install/main_robot_nodes:/home/ibrahim/RobotNav/install/action_interfaces:/home/ibrahim/RobotArm/install/main_arm_package:/home/ibrahim/TF2Sample/install/tf2sim:/home/ibrahim/ros2_ws/install/my_first_package:/home/ibrahim/ros2_ws/install/action_interfaces:/home/ibrahim/RobotMonitor/install/Robot3Node_Package:/opt/ros/humble'), ('WSLENV', 'VSCODE_WSL_EXT_LOCATION/up:VSCODE_SERVER_TAR/up')]), 'shell': False}
[17.058133] (-) TimerEvent: {}
[17.078252] (main_arm_package) StdoutLine: {'line': b'[ 37%] \x1b[32mBuilding CXX object CMakeFiles/ArmMonitor.dir/src/ArmMonitor.cpp.o\x1b[0m\n'}
[17.078555] (main_arm_package) StdoutLine: {'line': b'[ 37%] \x1b[32mBuilding CXX object CMakeFiles/ArmMover.dir/src/ArmMover.cpp.o\x1b[0m\n'}
[17.078682] (main_arm_package) StdoutLine: {'line': b'[ 37%] \x1b[32mBuilding CXX object CMakeFiles/ArmClient.dir/src/ArmClient.cpp.o\x1b[0m\n'}
[17.078810] (main_arm_package) StdoutLine: {'line': b'[ 50%] \x1b[32mBuilding CXX object CMakeFiles/ArmController.dir/src/ArmController.cpp.o\x1b[0m\n'}
[17.158214] (-) TimerEvent: {}
[17.258630] (-) TimerEvent: {}
[17.359179] (-) TimerEvent: {}
[17.459710] (-) TimerEvent: {}
[17.560217] (-) TimerEvent: {}
[17.660651] (-) TimerEvent: {}
[17.761091] (-) TimerEvent: {}
[17.861463] (-) TimerEvent: {}
[17.961930] (-) TimerEvent: {}
[18.062528] (-) TimerEvent: {}
[18.162969] (-) TimerEvent: {}
[18.263438] (-) TimerEvent: {}
[18.363871] (-) TimerEvent: {}
[18.464256] (-) TimerEvent: {}
[18.564678] (-) TimerEvent: {}
[18.665119] (-) TimerEvent: {}
[18.765538] (-) TimerEvent: {}
[18.866030] (-) TimerEvent: {}
[18.966538] (-) TimerEvent: {}
[19.066962] (-) TimerEvent: {}
[19.167489] (-) TimerEvent: {}
[19.267892] (-) TimerEvent: {}
[19.368283] (-) TimerEvent: {}
[19.468763] (-) TimerEvent: {}
[19.569240] (-) TimerEvent: {}
[19.669895] (-) TimerEvent: {}
[19.770512] (-) TimerEvent: {}
[19.870863] (-) TimerEvent: {}
[19.971272] (-) TimerEvent: {}
[20.071845] (-) TimerEvent: {}
[20.172249] (-) TimerEvent: {}
[20.272700] (-) TimerEvent: {}
[20.373235] (-) TimerEvent: {}
[20.473771] (-) TimerEvent: {}
[20.574541] (-) TimerEvent: {}
[20.675120] (-) TimerEvent: {}
[20.775516] (-) TimerEvent: {}
[20.875923] (-) TimerEvent: {}
[20.976325] (-) TimerEvent: {}
[21.076721] (-) TimerEvent: {}
[21.177099] (-) TimerEvent: {}
[21.277692] (-) TimerEvent: {}
[21.378371] (-) TimerEvent: {}
[21.478769] (-) TimerEvent: {}
[21.579246] (-) TimerEvent: {}
[21.679787] (-) TimerEvent: {}
[21.780301] (-) TimerEvent: {}
[21.880708] (-) TimerEvent: {}
[21.981122] (-) TimerEvent: {}
[22.081565] (-) TimerEvent: {}
[22.182001] (-) TimerEvent: {}
[22.282417] (-) TimerEvent: {}
[22.382844] (-) TimerEvent: {}
[22.430692] (main_arm_package) StdoutLine: {'line': b'[ 62%] \x1b[32m\x1b[1mLinking CXX executable ArmClient\x1b[0m\n'}
[22.482923] (-) TimerEvent: {}
[22.583316] (-) TimerEvent: {}
[22.683758] (-) TimerEvent: {}
[22.757527] (main_arm_package) StdoutLine: {'line': b'[ 62%] Built target ArmClient\n'}
[22.783927] (-) TimerEvent: {}
[22.884403] (-) TimerEvent: {}
[22.984836] (-) TimerEvent: {}
[23.085377] (-) TimerEvent: {}
[23.186082] (-) TimerEvent: {}
[23.286600] (-) TimerEvent: {}
[23.387028] (-) TimerEvent: {}
[23.487477] (-) TimerEvent: {}
[23.587919] (-) TimerEvent: {}
[23.688266] (-) TimerEvent: {}
[23.788625] (-) TimerEvent: {}
[23.889068] (-) TimerEvent: {}
[23.989573] (-) TimerEvent: {}
[24.090088] (-) TimerEvent: {}
[24.190642] (-) TimerEvent: {}
[24.291070] (-) TimerEvent: {}
[24.391611] (-) TimerEvent: {}
[24.492017] (-) TimerEvent: {}
[24.592390] (-) TimerEvent: {}
[24.693047] (-) TimerEvent: {}
[24.793514] (-) TimerEvent: {}
[24.895103] (-) TimerEvent: {}
[24.995485] (-) TimerEvent: {}
[25.095963] (-) TimerEvent: {}
[25.196666] (-) TimerEvent: {}
[25.297193] (-) TimerEvent: {}
[25.397576] (-) TimerEvent: {}
[25.497963] (-) TimerEvent: {}
[25.598335] (-) TimerEvent: {}
[25.698685] (-) TimerEvent: {}
[25.799087] (-) TimerEvent: {}
[25.899701] (-) TimerEvent: {}
[26.000220] (-) TimerEvent: {}
[26.100639] (-) TimerEvent: {}
[26.201101] (-) TimerEvent: {}
[26.301481] (-) TimerEvent: {}
[26.401964] (-) TimerEvent: {}
[26.443110] (main_arm_package) StdoutLine: {'line': b'[ 75%] \x1b[32m\x1b[1mLinking CXX executable ArmMonitor\x1b[0m\n'}
[26.502070] (-) TimerEvent: {}
[26.602523] (-) TimerEvent: {}
[26.703021] (-) TimerEvent: {}
[26.737385] (main_arm_package) StdoutLine: {'line': b'[ 87%] \x1b[32m\x1b[1mLinking CXX executable ArmController\x1b[0m\n'}
[26.803163] (-) TimerEvent: {}
[26.903594] (-) TimerEvent: {}
[26.992251] (main_arm_package) StdoutLine: {'line': b'[ 87%] Built target ArmMonitor\n'}
[27.003739] (-) TimerEvent: {}
[27.104239] (-) TimerEvent: {}
[27.191885] (main_arm_package) StdoutLine: {'line': b'[100%] \x1b[32m\x1b[1mLinking CXX executable ArmMover\x1b[0m\n'}
[27.204386] (-) TimerEvent: {}
[27.246322] (main_arm_package) StdoutLine: {'line': b'[100%] Built target ArmController\n'}
[27.304644] (-) TimerEvent: {}
[27.405310] (-) TimerEvent: {}
[27.505849] (-) TimerEvent: {}
[27.606318] (-) TimerEvent: {}
[27.685999] (main_arm_package) StdoutLine: {'line': b'[100%] Built target ArmMover\n'}
[27.699435] (main_arm_package) CommandEnded: {'returncode': 0}
[27.700309] (main_arm_package) JobProgress: {'identifier': 'main_arm_package', 'progress': 'install'}
[27.701365] (main_arm_package) Command: {'cmd': ['/usr/bin/cmake', '--install', '/home/ibrahim/RobotArm/build/main_arm_package'], 'cwd': '/home/ibrahim/RobotArm/build/main_arm_package', 'env': OrderedDict([('PYTHON_BASIC_REPL', '1'), ('LESSOPEN', '| /usr/bin/lesspipe %s'), ('USER', 'ibrahim'), ('GIT_ASKPASS', '/home/ibrahim/.vscode-server/bin/0958016b2af9f09bb4257e0df4a95e2f90590f9f/extensions/git/dist/askpass.sh'), ('SHLVL', '1'), ('LD_LIBRARY_PATH', '/home/ibrahim/RobotArm/install/action_interfaces/lib:/home/ibrahim/RobotNav/install/action_interfaces/lib:/home/ibrahim/ros2_ws/install/action_interfaces/lib:/usr/lib/x86_64-linux-gnu/gazebo-11/plugins:/opt/ros/humble/opt/rviz_ogre_vendor/lib:/opt/ros/humble/lib/x86_64-linux-gnu:/opt/ros/humble/lib'), ('MOTD_SHOWN', 'update-motd'), ('HOME', '/home/ibrahim'), ('OLDPWD', '/home/ibrahim/RobotArm'), ('TERM_PROGRAM_VERSION', '1.120.0'), ('VSCODE_IPC_HOOK_CLI', '/run/user/1000/vscode-ipc-33101308-cf23-4e9c-8338-aa96cc31068a.sock'), ('ROS_PYTHON_VERSION', '3'), ('VSCODE_GIT_ASKPASS_MAIN', '/home/ibrahim/.vscode-server/bin/0958016b2af9f09bb4257e0df4a95e2f90590f9f/extensions/git/dist/askpass-main.js'), ('VSCODE_GIT_ASKPASS_NODE', '/home/ibrahim/.vscode-server/bin/0958016b2af9f09bb4257e0df4a95e2f90590f9f/node'), ('PYDEVD_DISABLE_FILE_VALIDATION', '1'), ('BUNDLED_DEBUGPY_PATH', '/home/ibrahim/.vscode-server/extensions/ms-python.debugpy-2026.6.0-linux-x64/bundled/libs/debugpy'), ('VSCODE_PYTHON_AUTOACTIVATE_GUARD', '1'), ('DBUS_SESSION_BUS_ADDRESS', 'unix:path=/run/user/1000/bus'), ('COLORTERM', 'truecolor'), ('WSL_DISTRO_NAME', 'Ubuntu-22.04'), ('WAYLAND_DISPLAY', 'wayland-0'), ('COLCON_PREFIX_PATH', '/home/ibrahim/RobotArm/install:/home/ibrahim/TF2Sample/install:/home/ibrahim/RobotNav/install:/home/ibrahim/RobotMonitor/install:/home/ibrahim/ros2_ws/install'), ('ROS_DISTRO', 'humble'), ('LOGNAME', 'ibrahim'), ('NAME', 'Ibrahim-laptop'), ('WSL_INTEROP', '/run/WSL/451_interop'), ('PULSE_SERVER', 'unix:/mnt/wslg/PulseServer'), ('_', '/usr/bin/colcon'), ('ROS_VERSION', '2'), ('CLAUDE_CODE_SSE_PORT', '17949'), ('TERM', 'xterm-256color'), ('ROS_LOCALHOST_ONLY', '0'), ('PATH', '/home/ibrahim/.vscode-server/data/User/globalStorage/github.copilot-chat/debugCommand:/home/ibrahim/.vscode-server/data/User/globalStorage/github.copilot-chat/copilotCli:/home/ibrahim/.vscode-server/bin/0958016b2af9f09bb4257e0df4a95e2f90590f9f/bin/remote-cli:/opt/ros/humble/bin:/usr/local/sbin:/usr/local/bin:/usr/sbin:/usr/bin:/sbin:/bin:/usr/games:/usr/local/games:/usr/lib/wsl/lib:/mnt/c/Users/zanto/AppData/Local/Programs/Microsoft VS Code:/mnt/c/Windows/system32:/mnt/c/Windows:/mnt/c/Windows/System32/Wbem:/mnt/c/Windows/System32/WindowsPowerShell/v1.0/:/mnt/c/Windows/System32/OpenSSH/:/mnt/c/Program Files (x86)/NVIDIA Corporation/PhysX/Common:/mnt/c/Program Files/NVIDIA Corporation/NVIDIA App/NvDLISR:/mnt/c/Program Files/dotnet/:/mnt/c/Program Files/nodejs/:/mnt/c/Program Files/Git/cmd:/mnt/c/Program Files/PostgreSQL/18/bin:/mnt/c/Users/zanto/.local/bin:/mnt/c/Program Files/Docker/Docker/resources/bin:/mnt/c/Program Files/GitHub CLI/:/mnt/c/Users/zanto/AppData/Local/Programs/Python/Python312/Scripts/:/mnt/c/Users/zanto/AppData/Local/Programs/Python/Python312/:/mnt/c/Users/zanto/AppData/Local/Programs/Python/Python314/Scripts/:/mnt/c/Users/zanto/AppData/Local/Programs/Python/Python314/:/mnt/c/Users/zanto/AppData/Local/Microsoft/WindowsApps:/mnt/c/Users/zanto/AppData/Local/Programs/Microsoft VS Code/bin:/mnt/c/Users/zanto/AppData/Local/Programs/Ollama:/mnt/c/Users/zanto/AppData/Roaming/npm:/mnt/c/msys64/ucrt64/bin:/snap/bin:/home/ibrahim/.vscode-server/extensions/ms-python.debugpy-2026.6.0-linux-x64/bundled/scripts/noConfigScripts'), ('XDG_RUNTIME_DIR', '/run/user/1000/'), ('DISPLAY', ':0'), ('VSCODE_DEBUGPY_ADAPTER_ENDPOINTS', '/home/ibrahim/.vscode-server/extensions/ms-python.debugpy-2026.6.0-linux-x64/.noConfigDebugAdapterEndpoints/endpoint-714e652f892be45d.txt'), ('LANG', 'C.UTF-8'), ('PYTHONSTARTUP', '/home/ibrahim/.vscode-server/data/User/workspaceStorage/fa8168787113d28de46c06dc78839278/ms-python.python/pythonrc.py'), ('LS_COLORS', 'rs=0:di=01;34:ln=01;36:mh=00:pi=40;33:so=01;35:do=01;35:bd=40;33;01:cd=40;33;01:or=40;31;01:mi=00:su=37;41:sg=30;43:ca=30;41:tw=30;42:ow=34;42:st=37;44:ex=01;32:*.tar=01;31:*.tgz=01;31:*.arc=01;31:*.arj=01;31:*.taz=01;31:*.lha=01;31:*.lz4=01;31:*.lzh=01;31:*.lzma=01;31:*.tlz=01;31:*.txz=01;31:*.tzo=01;31:*.t7z=01;31:*.zip=01;31:*.z=01;31:*.dz=01;31:*.gz=01;31:*.lrz=01;31:*.lz=01;31:*.lzo=01;31:*.xz=01;31:*.zst=01;31:*.tzst=01;31:*.bz2=01;31:*.bz=01;31:*.tbz=01;31:*.tbz2=01;31:*.tz=01;31:*.deb=01;31:*.rpm=01;31:*.jar=01;31:*.war=01;31:*.ear=01;31:*.sar=01;31:*.rar=01;31:*.alz=01;31:*.ace=01;31:*.zoo=01;31:*.cpio=01;31:*.7z=01;31:*.rz=01;31:*.cab=01;31:*.wim=01;31:*.swm=01;31:*.dwm=01;31:*.esd=01;31:*.jpg=01;35:*.jpeg=01;35:*.mjpg=01;35:*.mjpeg=01;35:*.gif=01;35:*.bmp=01;35:*.pbm=01;35:*.pgm=01;35:*.ppm=01;35:*.tga=01;35:*.xbm=01;35:*.xpm=01;35:*.tif=01;35:*.tiff=01;35:*.png=01;35:*.svg=01;35:*.svgz=01;35:*.mng=01;35:*.pcx=01;35:*.mov=01;35:*.mpg=01;35:*.mpeg=01;35:*.m2v=01;35:*.mkv=01;35:*.webm=01;35:*.webp=01;35:*.ogm=01;35:*.mp4=01;35:*.m4v=01;35:*.mp4v=01;35:*.vob=01;35:*.qt=01;35:*.nuv=01;35:*.wmv=01;35:*.asf=01;35:*.rm=01;35:*.rmvb=01;35:*.flc=01;35:*.avi=01;35:*.fli=01;35:*.flv=01;35:*.gl=01;35:*.dl=01;35:*.xcf=01;35:*.xwd=01;35:*.yuv=01;35:*.cgm=01;35:*.emf=01;35:*.ogv=01;35:*.ogx=01;35:*.aac=00;36:*.au=00;36:*.flac=00;36:*.m4a=00;36:*.mid=00;36:*.midi=00;36:*.mka=00;36:*.mp3=00;36:*.mpc=00;36:*.ogg=00;36:*.ra=00;36:*.wav=00;36:*.oga=00;36:*.opus=00;36:*.spx=00;36:*.xspf=00;36:'), ('VSCODE_GIT_IPC_HANDLE', '/run/user/1000/vscode-git-15da379591.sock'), ('TERM_PROGRAM', 'vscode'), ('ROS_DOMAIN_ID', '10'), ('AMENT_PREFIX_PATH', '/home/ibrahim/RobotNav/install/main_robot_nodes:/home/ibrahim/RobotNav/install/action_interfaces:/home/ibrahim/RobotArm/install/main_arm_package:/home/ibrahim/RobotArm/install/action_interfaces:/home/ibrahim/TF2Sample/install/tf2sim:/home/ibrahim/ros2_ws/install/my_first_package:/home/ibrahim/ros2_ws/install/action_interfaces:/home/ibrahim/RobotMonitor/install/Robot3Node_Package:/opt/ros/humble'), ('SHELL', '/bin/bash'), ('LESSCLOSE', '/usr/bin/lesspipe %s %s'), ('VSCODE_GIT_ASKPASS_EXTRA_ARGS', ''), ('PWD', '/home/ibrahim/RobotArm/build/main_arm_package'), ('XDG_DATA_DIRS', '/usr/local/share:/usr/share:/var/lib/snapd/desktop'), ('PYTHONPATH', '/home/ibrahim/RobotNav/install/action_interfaces/local/lib/python3.10/dist-packages:/home/ibrahim/RobotArm/install/action_interfaces/local/lib/python3.10/dist-packages:/home/ibrahim/ros2_ws/install/action_interfaces/local/lib/python3.10/dist-packages:/opt/ros/humble/lib/python3.10/site-packages:/opt/ros/humble/local/lib/python3.10/dist-packages'), ('COLCON', '1'), ('WSL2_GUI_APPS_ENABLED', '1'), ('HOSTTYPE', 'x86_64'), ('CMAKE_PREFIX_PATH', '/home/ibrahim/RobotArm/install/action_interfaces:/home/ibrahim/RobotNav/install/main_robot_nodes:/home/ibrahim/RobotNav/install/action_interfaces:/home/ibrahim/RobotArm/install/main_arm_package:/home/ibrahim/TF2Sample/install/tf2sim:/home/ibrahim/ros2_ws/install/my_first_package:/home/ibrahim/ros2_ws/install/action_interfaces:/home/ibrahim/RobotMonitor/install/Robot3Node_Package:/opt/ros/humble'), ('WSLENV', 'VSCODE_WSL_EXT_LOCATION/up:VSCODE_SERVER_TAR/up')]), 'shell': False}
[27.706425] (-) TimerEvent: {}
[27.711038] (main_arm_package) StdoutLine: {'line': b'-- Install configuration: ""\n'}
[27.712330] (main_arm_package) StdoutLine: {'line': b'-- Installing: /home/ibrahim/RobotArm/install/main_arm_package/lib/main_arm_package/ArmController\n'}
[27.719715] (main_arm_package) StdoutLine: {'line': b'-- Set runtime path of "/home/ibrahim/RobotArm/install/main_arm_package/lib/main_arm_package/ArmController" to ""\n'}
[27.720062] (main_arm_package) StdoutLine: {'line': b'-- Installing: /home/ibrahim/RobotArm/install/main_arm_package/lib/main_arm_package/ArmMonitor\n'}
[27.728231] (main_arm_package) StdoutLine: {'line': b'-- Set runtime path of "/home/ibrahim/RobotArm/install/main_arm_package/lib/main_arm_package/ArmMonitor" to ""\n'}
[27.728466] (main_arm_package) StdoutLine: {'line': b'-- Installing: /home/ibrahim/RobotArm/install/main_arm_package/lib/main_arm_package/ArmMover\n'}
[27.737201] (main_arm_package) StdoutLine: {'line': b'-- Set runtime path of "/home/ibrahim/RobotArm/install/main_arm_package/lib/main_arm_package/ArmMover" to ""\n'}
[27.737377] (main_arm_package) StdoutLine: {'line': b'-- Installing: /home/ibrahim/RobotArm/install/main_arm_package/lib/main_arm_package/ArmClient\n'}
[27.739530] (main_arm_package) StdoutLine: {'line': b'-- Set runtime path of "/home/ibrahim/RobotArm/install/main_arm_package/lib/main_arm_package/ArmClient" to ""\n'}
[27.739824] (main_arm_package) StdoutLine: {'line': b'-- Installing: /home/ibrahim/RobotArm/install/main_arm_package/share/main_arm_package/launch\n'}
[27.740879] (main_arm_package) StdoutLine: {'line': b'-- Installing: /home/ibrahim/RobotArm/install/main_arm_package/share/main_arm_package/launch/display.launch.py\n'}
[27.741086] (main_arm_package) StdoutLine: {'line': b'-- Installing: /home/ibrahim/RobotArm/install/main_arm_package/share/main_arm_package/launch/launch.py\n'}
[27.741299] (main_arm_package) StdoutLine: {'line': b'-- Installing: /home/ibrahim/RobotArm/install/main_arm_package/share/main_arm_package/urdf\n'}
[27.741831] (main_arm_package) StdoutLine: {'line': b'-- Installing: /home/ibrahim/RobotArm/install/main_arm_package/share/main_arm_package/urdf/arm.urdf\n'}
[27.742236] (main_arm_package) StdoutLine: {'line': b'-- Installing: /home/ibrahim/RobotArm/install/main_arm_package/share/main_arm_package/rviz\n'}
[27.742730] (main_arm_package) StdoutLine: {'line': b'-- Installing: /home/ibrahim/RobotArm/install/main_arm_package/share/main_arm_package/rviz/arm.rviz\n'}
[27.744236] (main_arm_package) StdoutLine: {'line': b'-- Installing: /home/ibrahim/RobotArm/install/main_arm_package/share/ament_index/resource_index/package_run_dependencies/main_arm_package\n'}
[27.745043] (main_arm_package) StdoutLine: {'line': b'-- Installing: /home/ibrahim/RobotArm/install/main_arm_package/share/ament_index/resource_index/parent_prefix_path/main_arm_package\n'}
[27.745723] (main_arm_package) StdoutLine: {'line': b'-- Installing: /home/ibrahim/RobotArm/install/main_arm_package/share/main_arm_package/environment/ament_prefix_path.sh\n'}
[27.746010] (main_arm_package) StdoutLine: {'line': b'-- Installing: /home/ibrahim/RobotArm/install/main_arm_package/share/main_arm_package/environment/ament_prefix_path.dsv\n'}
[27.746296] (main_arm_package) StdoutLine: {'line': b'-- Installing: /home/ibrahim/RobotArm/install/main_arm_package/share/main_arm_package/environment/path.sh\n'}
[27.746563] (main_arm_package) StdoutLine: {'line': b'-- Installing: /home/ibrahim/RobotArm/install/main_arm_package/share/main_arm_package/environment/path.dsv\n'}
[27.746882] (main_arm_package) StdoutLine: {'line': b'-- Installing: /home/ibrahim/RobotArm/install/main_arm_package/share/main_arm_package/local_setup.bash\n'}
[27.747163] (main_arm_package) StdoutLine: {'line': b'-- Installing: /home/ibrahim/RobotArm/install/main_arm_package/share/main_arm_package/local_setup.sh\n'}
[27.747422] (main_arm_package) StdoutLine: {'line': b'-- Installing: /home/ibrahim/RobotArm/install/main_arm_package/share/main_arm_package/local_setup.zsh\n'}
[27.747675] (main_arm_package) StdoutLine: {'line': b'-- Installing: /home/ibrahim/RobotArm/install/main_arm_package/share/main_arm_package/local_setup.dsv\n'}
[27.747950] (main_arm_package) StdoutLine: {'line': b'-- Installing: /home/ibrahim/RobotArm/install/main_arm_package/share/main_arm_package/package.dsv\n'}
[27.748739] (main_arm_package) StdoutLine: {'line': b'-- Installing: /home/ibrahim/RobotArm/install/main_arm_package/share/ament_index/resource_index/packages/main_arm_package\n'}
[27.749436] (main_arm_package) StdoutLine: {'line': b'-- Installing: /home/ibrahim/RobotArm/install/main_arm_package/share/main_arm_package/cmake/main_arm_packageConfig.cmake\n'}
[27.749709] (main_arm_package) StdoutLine: {'line': b'-- Installing: /home/ibrahim/RobotArm/install/main_arm_package/share/main_arm_package/cmake/main_arm_packageConfig-version.cmake\n'}
[27.750051] (main_arm_package) StdoutLine: {'line': b'-- Installing: /home/ibrahim/RobotArm/install/main_arm_package/share/main_arm_package/package.xml\n'}
[27.752964] (main_arm_package) CommandEnded: {'returncode': 0}
[27.771358] (main_arm_package) JobEnded: {'identifier': 'main_arm_package', 'rc': 0}
[27.772479] (-) EventReactorShutdown: {}
