[0.000000] (-) TimerEvent: {}
[0.000938] (action_interfaces) JobQueued: {'identifier': 'action_interfaces', 'dependencies': OrderedDict()}
[0.001298] (main_arm_package) JobQueued: {'identifier': 'main_arm_package', 'dependencies': OrderedDict([('action_interfaces', '/home/ibrahim/RobotArmExpanded/install/action_interfaces')])}
[0.001357] (action_interfaces) JobStarted: {'identifier': 'action_interfaces'}
[0.019213] (action_interfaces) JobProgress: {'identifier': 'action_interfaces', 'progress': 'cmake'}
[0.020801] (action_interfaces) JobProgress: {'identifier': 'action_interfaces', 'progress': 'build'}
[0.021722] (action_interfaces) Command: {'cmd': ['/usr/bin/cmake', '--build', '/home/ibrahim/RobotArmExpanded/build/action_interfaces', '--', '-j16', '-l16'], 'cwd': '/home/ibrahim/RobotArmExpanded/build/action_interfaces', 'env': OrderedDict([('PYTHON_BASIC_REPL', '1'), ('LESSOPEN', '| /usr/bin/lesspipe %s'), ('USER', 'ibrahim'), ('GIT_ASKPASS', '/home/ibrahim/.vscode-server/bin/0958016b2af9f09bb4257e0df4a95e2f90590f9f/extensions/git/dist/askpass.sh'), ('SHLVL', '1'), ('LD_LIBRARY_PATH', '/home/ibrahim/RobotArmExpanded/install/action_interfaces/lib:/home/ibrahim/RobotArm/install/action_interfaces/lib:/home/ibrahim/RobotNav/install/action_interfaces/lib:/home/ibrahim/ros2_ws/install/action_interfaces/lib:/usr/lib/x86_64-linux-gnu/gazebo-11/plugins:/opt/ros/humble/opt/rviz_ogre_vendor/lib:/opt/ros/humble/lib/x86_64-linux-gnu:/opt/ros/humble/lib'), ('MOTD_SHOWN', 'update-motd'), ('HOME', '/home/ibrahim'), ('TERM_PROGRAM_VERSION', '1.120.0'), ('VSCODE_IPC_HOOK_CLI', '/run/user/1000/vscode-ipc-b8f4ced1-f37a-407a-9d2f-43a7d1d5cfe8.sock'), ('ROS_PYTHON_VERSION', '3'), ('VSCODE_GIT_ASKPASS_MAIN', '/home/ibrahim/.vscode-server/bin/0958016b2af9f09bb4257e0df4a95e2f90590f9f/extensions/git/dist/askpass-main.js'), ('VSCODE_GIT_ASKPASS_NODE', '/home/ibrahim/.vscode-server/bin/0958016b2af9f09bb4257e0df4a95e2f90590f9f/node'), ('PYDEVD_DISABLE_FILE_VALIDATION', '1'), ('BUNDLED_DEBUGPY_PATH', '/home/ibrahim/.vscode-server/extensions/ms-python.debugpy-2026.6.0-linux-x64/bundled/libs/debugpy'), ('VSCODE_PYTHON_AUTOACTIVATE_GUARD', '1'), ('DBUS_SESSION_BUS_ADDRESS', 'unix:path=/run/user/1000/bus'), ('COLORTERM', 'truecolor'), ('WSL_DISTRO_NAME', 'Ubuntu-22.04'), ('WAYLAND_DISPLAY', 'wayland-0'), ('COLCON_PREFIX_PATH', '/home/ibrahim/RobotArmExpanded/install:/home/ibrahim/RobotArm/install:/home/ibrahim/TF2Sample/install:/home/ibrahim/RobotNav/install:/home/ibrahim/RobotMonitor/install:/home/ibrahim/ros2_ws/install'), ('ROS_DISTRO', 'humble'), ('LOGNAME', 'ibrahim'), ('NAME', 'Ibrahim-laptop'), ('WSL_INTEROP', '/run/WSL/52905_interop'), ('PULSE_SERVER', 'unix:/mnt/wslg/PulseServer'), ('_', '/usr/bin/colcon'), ('ROS_VERSION', '2'), ('CLAUDE_CODE_SSE_PORT', '46455'), ('TERM', 'xterm-256color'), ('ROS_LOCALHOST_ONLY', '0'), ('PATH', '/home/ibrahim/.vscode-server/data/User/globalStorage/github.copilot-chat/debugCommand:/home/ibrahim/.vscode-server/data/User/globalStorage/github.copilot-chat/copilotCli:/home/ibrahim/.vscode-server/bin/0958016b2af9f09bb4257e0df4a95e2f90590f9f/bin/remote-cli:/opt/ros/humble/bin:/usr/local/sbin:/usr/local/bin:/usr/sbin:/usr/bin:/sbin:/bin:/usr/games:/usr/local/games:/usr/lib/wsl/lib:/mnt/c/Users/zanto/AppData/Local/Programs/Microsoft VS Code:/mnt/c/Windows/system32:/mnt/c/Windows:/mnt/c/Windows/System32/Wbem:/mnt/c/Windows/System32/WindowsPowerShell/v1.0/:/mnt/c/Windows/System32/OpenSSH/:/mnt/c/Program Files (x86)/NVIDIA Corporation/PhysX/Common:/mnt/c/Program Files/NVIDIA Corporation/NVIDIA App/NvDLISR:/mnt/c/Program Files/dotnet/:/mnt/c/Program Files/nodejs/:/mnt/c/Program Files/Git/cmd:/mnt/c/Program Files/PostgreSQL/18/bin:/mnt/c/Users/zanto/.local/bin:/mnt/c/Program Files/Docker/Docker/resources/bin:/mnt/c/Program Files/GitHub CLI/:/mnt/c/Users/zanto/AppData/Local/Programs/Python/Python312/Scripts/:/mnt/c/Users/zanto/AppData/Local/Programs/Python/Python312/:/mnt/c/Users/zanto/AppData/Local/Programs/Python/Python314/Scripts/:/mnt/c/Users/zanto/AppData/Local/Programs/Python/Python314/:/mnt/c/Users/zanto/AppData/Local/Microsoft/WindowsApps:/mnt/c/Users/zanto/AppData/Local/Programs/Microsoft VS Code/bin:/mnt/c/Users/zanto/AppData/Local/Programs/Ollama:/mnt/c/Users/zanto/AppData/Roaming/npm:/mnt/c/msys64/ucrt64/bin:/snap/bin:/home/ibrahim/.vscode-server/extensions/ms-python.debugpy-2026.6.0-linux-x64/bundled/scripts/noConfigScripts'), ('XDG_RUNTIME_DIR', '/run/user/1000/'), ('DISPLAY', ':0'), ('VSCODE_DEBUGPY_ADAPTER_ENDPOINTS', '/home/ibrahim/.vscode-server/extensions/ms-python.debugpy-2026.6.0-linux-x64/.noConfigDebugAdapterEndpoints/endpoint-b792fa2e8964025e.txt'), ('LANG', 'C.UTF-8'), ('PYTHONSTARTUP', '/home/ibrahim/.vscode-server/data/User/workspaceStorage/e80122f58dd8365232b0ea725993d05e/ms-python.python/pythonrc.py'), ('LS_COLORS', 'rs=0:di=01;34:ln=01;36:mh=00:pi=40;33:so=01;35:do=01;35:bd=40;33;01:cd=40;33;01:or=40;31;01:mi=00:su=37;41:sg=30;43:ca=30;41:tw=30;42:ow=34;42:st=37;44:ex=01;32:*.tar=01;31:*.tgz=01;31:*.arc=01;31:*.arj=01;31:*.taz=01;31:*.lha=01;31:*.lz4=01;31:*.lzh=01;31:*.lzma=01;31:*.tlz=01;31:*.txz=01;31:*.tzo=01;31:*.t7z=01;31:*.zip=01;31:*.z=01;31:*.dz=01;31:*.gz=01;31:*.lrz=01;31:*.lz=01;31:*.lzo=01;31:*.xz=01;31:*.zst=01;31:*.tzst=01;31:*.bz2=01;31:*.bz=01;31:*.tbz=01;31:*.tbz2=01;31:*.tz=01;31:*.deb=01;31:*.rpm=01;31:*.jar=01;31:*.war=01;31:*.ear=01;31:*.sar=01;31:*.rar=01;31:*.alz=01;31:*.ace=01;31:*.zoo=01;31:*.cpio=01;31:*.7z=01;31:*.rz=01;31:*.cab=01;31:*.wim=01;31:*.swm=01;31:*.dwm=01;31:*.esd=01;31:*.jpg=01;35:*.jpeg=01;35:*.mjpg=01;35:*.mjpeg=01;35:*.gif=01;35:*.bmp=01;35:*.pbm=01;35:*.pgm=01;35:*.ppm=01;35:*.tga=01;35:*.xbm=01;35:*.xpm=01;35:*.tif=01;35:*.tiff=01;35:*.png=01;35:*.svg=01;35:*.svgz=01;35:*.mng=01;35:*.pcx=01;35:*.mov=01;35:*.mpg=01;35:*.mpeg=01;35:*.m2v=01;35:*.mkv=01;35:*.webm=01;35:*.webp=01;35:*.ogm=01;35:*.mp4=01;35:*.m4v=01;35:*.mp4v=01;35:*.vob=01;35:*.qt=01;35:*.nuv=01;35:*.wmv=01;35:*.asf=01;35:*.rm=01;35:*.rmvb=01;35:*.flc=01;35:*.avi=01;35:*.fli=01;35:*.flv=01;35:*.gl=01;35:*.dl=01;35:*.xcf=01;35:*.xwd=01;35:*.yuv=01;35:*.cgm=01;35:*.emf=01;35:*.ogv=01;35:*.ogx=01;35:*.aac=00;36:*.au=00;36:*.flac=00;36:*.m4a=00;36:*.mid=00;36:*.midi=00;36:*.mka=00;36:*.mp3=00;36:*.mpc=00;36:*.ogg=00;36:*.ra=00;36:*.wav=00;36:*.oga=00;36:*.opus=00;36:*.spx=00;36:*.xspf=00;36:'), ('VSCODE_GIT_IPC_HANDLE', '/run/user/1000/vscode-git-fffe7d841c.sock'), ('TERM_PROGRAM', 'vscode'), ('ROS_DOMAIN_ID', '10'), ('AMENT_PREFIX_PATH', '/home/ibrahim/RobotArmExpanded/install/main_arm_package:/home/ibrahim/RobotArmExpanded/install/action_interfaces:/home/ibrahim/RobotArm/install/main_arm_package:/home/ibrahim/RobotArm/install/action_interfaces:/home/ibrahim/TF2Sample/install/tf2sim:/home/ibrahim/RobotNav/install/main_robot_nodes:/home/ibrahim/RobotNav/install/action_interfaces:/home/ibrahim/RobotMonitor/install/Robot3Node_Package:/home/ibrahim/ros2_ws/install/my_first_package:/home/ibrahim/ros2_ws/install/action_interfaces:/opt/ros/humble'), ('SHELL', '/bin/bash'), ('LESSCLOSE', '/usr/bin/lesspipe %s %s'), ('VSCODE_GIT_ASKPASS_EXTRA_ARGS', ''), ('PWD', '/home/ibrahim/RobotArmExpanded/build/action_interfaces'), ('XDG_DATA_DIRS', '/usr/local/share:/usr/share:/var/lib/snapd/desktop'), ('PYTHONPATH', '/home/ibrahim/RobotArmExpanded/install/action_interfaces/local/lib/python3.10/dist-packages:/home/ibrahim/RobotArm/install/action_interfaces/local/lib/python3.10/dist-packages:/home/ibrahim/RobotNav/install/action_interfaces/local/lib/python3.10/dist-packages:/home/ibrahim/ros2_ws/install/action_interfaces/local/lib/python3.10/dist-packages:/opt/ros/humble/lib/python3.10/site-packages:/opt/ros/humble/local/lib/python3.10/dist-packages'), ('COLCON', '1'), ('WSL2_GUI_APPS_ENABLED', '1'), ('HOSTTYPE', 'x86_64'), ('CMAKE_PREFIX_PATH', '/home/ibrahim/RobotArmExpanded/install/main_arm_package:/home/ibrahim/RobotArmExpanded/install/action_interfaces:/home/ibrahim/TF2Sample/install/tf2sim:/home/ibrahim/RobotNav/install/main_robot_nodes:/home/ibrahim/RobotNav/install/action_interfaces:/home/ibrahim/RobotMonitor/install/Robot3Node_Package:/home/ibrahim/ros2_ws/install/my_first_package:/home/ibrahim/ros2_ws/install/action_interfaces:/home/ibrahim/RobotArm/install/main_arm_package:/home/ibrahim/RobotArm/install/action_interfaces:/opt/ros/humble'), ('WSLENV', 'VSCODE_WSL_EXT_LOCATION/up')]), 'shell': False}
[0.099702] (-) TimerEvent: {}
[0.120409] (action_interfaces) StdoutLine: {'line': b'-- Found ament_cmake: 1.3.14 (/opt/ros/humble/share/ament_cmake/cmake)\n'}
[0.199849] (-) TimerEvent: {}
[0.264519] (action_interfaces) StdoutLine: {'line': b'-- Found rosidl_default_generators: 1.2.1 (/opt/ros/humble/share/rosidl_default_generators/cmake)\n'}
[0.268938] (action_interfaces) StdoutLine: {'line': b'-- Using all available rosidl_typesupport_c: rosidl_typesupport_fastrtps_c;rosidl_typesupport_introspection_c\n'}
[0.273397] (action_interfaces) StdoutLine: {'line': b'-- Found rosidl_adapter: 3.1.8 (/opt/ros/humble/share/rosidl_adapter/cmake)\n'}
[0.299972] (-) TimerEvent: {}
[0.400463] (-) TimerEvent: {}
[0.452477] (action_interfaces) StdoutLine: {'line': b'-- Using all available rosidl_typesupport_cpp: rosidl_typesupport_fastrtps_cpp;rosidl_typesupport_introspection_cpp\n'}
[0.500609] (-) TimerEvent: {}
[0.601015] (-) TimerEvent: {}
[0.701510] (-) TimerEvent: {}
[0.773989] (action_interfaces) StdoutLine: {'line': b'-- Found ament_cmake_ros: 0.10.0 (/opt/ros/humble/share/ament_cmake_ros/cmake)\n'}
[0.801655] (-) TimerEvent: {}
[0.901967] (-) TimerEvent: {}
[0.934615] (action_interfaces) StdoutLine: {'line': b'-- Using all available rosidl_typesupport_c: rosidl_typesupport_fastrtps_c;rosidl_typesupport_introspection_c\n'}
[1.002032] (-) TimerEvent: {}
[1.102321] (-) TimerEvent: {}
[1.135958] (action_interfaces) StdoutLine: {'line': b'-- Using all available rosidl_typesupport_cpp: rosidl_typesupport_fastrtps_cpp;rosidl_typesupport_introspection_cpp\n'}
[1.156492] (action_interfaces) StdoutLine: {'line': b'-- Found python_cmake_module: 0.10.0 (/opt/ros/humble/share/python_cmake_module/cmake)\n'}
[1.175824] (action_interfaces) StdoutLine: {'line': b'-- Using PYTHON_EXECUTABLE: /usr/bin/python3\n'}
[1.176079] (action_interfaces) StdoutLine: {'line': b'-- Using PYTHON_INCLUDE_DIRS: /usr/include/python3.10\n'}
[1.176264] (action_interfaces) StdoutLine: {'line': b'-- Using PYTHON_LIBRARIES: /usr/lib/x86_64-linux-gnu/libpython3.10.so\n'}
[1.202430] (-) TimerEvent: {}
[1.243462] (action_interfaces) StdoutLine: {'line': b'-- Found ament_lint_auto: 0.12.15 (/opt/ros/humble/share/ament_lint_auto/cmake)\n'}
[1.269832] (action_interfaces) StdoutLine: {'line': b"-- Added test 'lint_cmake' to check CMake code style\n"}
[1.272367] (action_interfaces) StdoutLine: {'line': b"-- Added test 'xmllint' to check XML markup files\n"}
[1.276674] (action_interfaces) StdoutLine: {'line': b'-- Configuring done\n'}
[1.302551] (-) TimerEvent: {}
[1.356063] (action_interfaces) StdoutLine: {'line': b'-- Generating done\n'}
[1.370824] (action_interfaces) StdoutLine: {'line': b'-- Build files have been written to: /home/ibrahim/RobotArmExpanded/build/action_interfaces\n'}
[1.400856] (action_interfaces) StdoutLine: {'line': b'[  1%] \x1b[34m\x1b[1mGenerating C code for ROS interfaces\x1b[0m\n'}
[1.402607] (-) TimerEvent: {}
[1.411469] (action_interfaces) StdoutLine: {'line': b'[  5%] \x1b[34m\x1b[1mGenerating C++ code for ROS interfaces\x1b[0m\n'}
[1.411856] (action_interfaces) StdoutLine: {'line': b'[  5%] \x1b[34m\x1b[1mGenerating Rust code for ROS interfaces\x1b[0m\n'}
[1.440131] (action_interfaces) StdoutLine: {'line': b'[  5%] Built target ament_cmake_python_copy_action_interfaces\n'}
[1.502735] (-) TimerEvent: {}
[1.603028] (-) TimerEvent: {}
[1.633119] (action_interfaces) StdoutLine: {'line': b'running egg_info\n'}
[1.634247] (action_interfaces) StdoutLine: {'line': b'writing action_interfaces.egg-info/PKG-INFO\n'}
[1.634910] (action_interfaces) StdoutLine: {'line': b'writing dependency_links to action_interfaces.egg-info/dependency_links.txt\n'}
[1.635198] (action_interfaces) StdoutLine: {'line': b'writing top-level names to action_interfaces.egg-info/top_level.txt\n'}
[1.638672] (action_interfaces) StdoutLine: {'line': b"reading manifest file 'action_interfaces.egg-info/SOURCES.txt'\n"}
[1.639147] (action_interfaces) StdoutLine: {'line': b"writing manifest file 'action_interfaces.egg-info/SOURCES.txt'\n"}
[1.667671] (action_interfaces) StdoutLine: {'line': b'[  5%] Built target action_interfaces__rs\n'}
[1.674032] (action_interfaces) StdoutLine: {'line': b'[  5%] Built target ament_cmake_python_build_action_interfaces_egg\n'}
[1.703188] (-) TimerEvent: {}
[1.803689] (-) TimerEvent: {}
[1.809463] (action_interfaces) StdoutLine: {'line': b'\x1b[35m\x1b[1mConsolidate compiler generated dependencies of target action_interfaces__rosidl_generator_c\x1b[0m\n'}
[1.821537] (action_interfaces) StdoutLine: {'line': b'[  5%] Built target action_interfaces__cpp\n'}
[1.826001] (action_interfaces) StdoutLine: {'line': b'[  8%] \x1b[32mBuilding C object CMakeFiles/action_interfaces__rosidl_generator_c.dir/rosidl_generator_c/action_interfaces/msg/detail/arm_state__functions.c.o\x1b[0m\n'}
[1.826227] (action_interfaces) StdoutLine: {'line': b'[  8%] \x1b[32mBuilding C object CMakeFiles/action_interfaces__rosidl_generator_c.dir/rosidl_generator_c/action_interfaces/msg/detail/arm_command__functions.c.o\x1b[0m\n'}
[1.826517] (action_interfaces) StdoutLine: {'line': b'[ 10%] \x1b[32mBuilding C object CMakeFiles/action_interfaces__rosidl_generator_c.dir/rosidl_generator_c/action_interfaces/srv/detail/check_limits__functions.c.o\x1b[0m\n'}
[1.827435] (action_interfaces) StdoutLine: {'line': b'[ 12%] \x1b[32mBuilding C object CMakeFiles/action_interfaces__rosidl_generator_c.dir/rosidl_generator_c/action_interfaces/action/detail/move_arm__functions.c.o\x1b[0m\n'}
[1.834213] (action_interfaces) StdoutLine: {'line': b'[ 17%] \x1b[34m\x1b[1mGenerating C++ introspection for ROS interfaces\x1b[0m\n'}
[1.834474] (action_interfaces) StdoutLine: {'line': b'[ 17%] \x1b[34m\x1b[1mGenerating C++ type support for eProsima Fast-RTPS\x1b[0m\n'}
[1.834636] (action_interfaces) StdoutLine: {'line': b'[ 17%] \x1b[34m\x1b[1mGenerating C++ type support dispatch for ROS interfaces\x1b[0m\n'}
[1.903807] (-) TimerEvent: {}
[1.980544] (action_interfaces) StdoutLine: {'line': b'[ 19%] \x1b[32m\x1b[1mLinking C shared library libaction_interfaces__rosidl_generator_c.so\x1b[0m\n'}
[2.003912] (-) TimerEvent: {}
[2.104200] (-) TimerEvent: {}
[2.109675] (action_interfaces) StdoutLine: {'line': b'[ 19%] Built target action_interfaces__rosidl_generator_c\n'}
[2.123168] (action_interfaces) StdoutLine: {'line': b'[ 23%] \x1b[34m\x1b[1mGenerating C introspection for ROS interfaces\x1b[0m\n'}
[2.123455] (action_interfaces) StdoutLine: {'line': b'[ 23%] \x1b[34m\x1b[1mGenerating C type support dispatch for ROS interfaces\x1b[0m\n'}
[2.123687] (action_interfaces) StdoutLine: {'line': b'[ 25%] \x1b[34m\x1b[1mGenerating C type support for eProsima Fast-RTPS\x1b[0m\n'}
[2.136488] (action_interfaces) StdoutLine: {'line': b'\x1b[35m\x1b[1mConsolidate compiler generated dependencies of target action_interfaces__rosidl_typesupport_cpp\x1b[0m\n'}
[2.156893] (action_interfaces) StdoutLine: {'line': b'[ 28%] \x1b[32mBuilding CXX object CMakeFiles/action_interfaces__rosidl_typesupport_cpp.dir/rosidl_typesupport_cpp/action_interfaces/srv/check_limits__type_support.cpp.o\x1b[0m\n'}
[2.157117] (action_interfaces) StdoutLine: {'line': b'[ 28%] \x1b[32mBuilding CXX object CMakeFiles/action_interfaces__rosidl_typesupport_cpp.dir/rosidl_typesupport_cpp/action_interfaces/msg/arm_command__type_support.cpp.o\x1b[0m\n'}
[2.157374] (action_interfaces) StdoutLine: {'line': b'[ 30%] \x1b[32mBuilding CXX object CMakeFiles/action_interfaces__rosidl_typesupport_cpp.dir/rosidl_typesupport_cpp/action_interfaces/msg/arm_state__type_support.cpp.o\x1b[0m\n'}
[2.157699] (action_interfaces) StdoutLine: {'line': b'[ 32%] \x1b[32mBuilding CXX object CMakeFiles/action_interfaces__rosidl_typesupport_cpp.dir/rosidl_typesupport_cpp/action_interfaces/action/move_arm__type_support.cpp.o\x1b[0m\n'}
[2.164480] (action_interfaces) StdoutLine: {'line': b'\x1b[35m\x1b[1mConsolidate compiler generated dependencies of target action_interfaces__rosidl_typesupport_introspection_cpp\x1b[0m\n'}
[2.186833] (action_interfaces) StdoutLine: {'line': b'[ 35%] \x1b[32mBuilding CXX object CMakeFiles/action_interfaces__rosidl_typesupport_introspection_cpp.dir/rosidl_typesupport_introspection_cpp/action_interfaces/msg/detail/arm_command__type_support.cpp.o\x1b[0m\n'}
[2.187389] (action_interfaces) StdoutLine: {'line': b'[ 35%] \x1b[32mBuilding CXX object CMakeFiles/action_interfaces__rosidl_typesupport_introspection_cpp.dir/rosidl_typesupport_introspection_cpp/action_interfaces/msg/detail/arm_state__type_support.cpp.o\x1b[0m\n'}
[2.187632] (action_interfaces) StdoutLine: {'line': b'[ 37%] \x1b[32mBuilding CXX object CMakeFiles/action_interfaces__rosidl_typesupport_introspection_cpp.dir/rosidl_typesupport_introspection_cpp/action_interfaces/srv/detail/check_limits__type_support.cpp.o\x1b[0m\n'}
[2.188218] (action_interfaces) StdoutLine: {'line': b'[ 39%] \x1b[32mBuilding CXX object CMakeFiles/action_interfaces__rosidl_typesupport_introspection_cpp.dir/rosidl_typesupport_introspection_cpp/action_interfaces/action/detail/move_arm__type_support.cpp.o\x1b[0m\n'}
[2.204305] (-) TimerEvent: {}
[2.248782] (action_interfaces) StdoutLine: {'line': b'\x1b[35m\x1b[1mConsolidate compiler generated dependencies of target action_interfaces__rosidl_typesupport_fastrtps_cpp\x1b[0m\n'}
[2.279815] (action_interfaces) StdoutLine: {'line': b'[ 41%] \x1b[32mBuilding CXX object CMakeFiles/action_interfaces__rosidl_typesupport_fastrtps_cpp.dir/rosidl_typesupport_fastrtps_cpp/action_interfaces/srv/detail/dds_fastrtps/check_limits__type_support.cpp.o\x1b[0m\n'}
[2.280060] (action_interfaces) StdoutLine: {'line': b'[ 42%] \x1b[32mBuilding CXX object CMakeFiles/action_interfaces__rosidl_typesupport_fastrtps_cpp.dir/rosidl_typesupport_fastrtps_cpp/action_interfaces/action/detail/dds_fastrtps/move_arm__type_support.cpp.o\x1b[0m\n'}
[2.280127] (action_interfaces) StdoutLine: {'line': b'[ 44%] \x1b[32mBuilding CXX object CMakeFiles/action_interfaces__rosidl_typesupport_fastrtps_cpp.dir/rosidl_typesupport_fastrtps_cpp/action_interfaces/msg/detail/dds_fastrtps/arm_command__type_support.cpp.o\x1b[0m\n'}
[2.280200] (action_interfaces) StdoutLine: {'line': b'[ 46%] \x1b[32mBuilding CXX object CMakeFiles/action_interfaces__rosidl_typesupport_fastrtps_cpp.dir/rosidl_typesupport_fastrtps_cpp/action_interfaces/msg/detail/dds_fastrtps/arm_state__type_support.cpp.o\x1b[0m\n'}
[2.304487] (-) TimerEvent: {}
[2.405111] (-) TimerEvent: {}
[2.507715] (-) TimerEvent: {}
[2.588923] (action_interfaces) StdoutLine: {'line': b'\x1b[35m\x1b[1mConsolidate compiler generated dependencies of target action_interfaces__rosidl_typesupport_c\x1b[0m\n'}
[2.609742] (-) TimerEvent: {}
[2.612744] (action_interfaces) StdoutLine: {'line': b'[ 48%] \x1b[32mBuilding CXX object CMakeFiles/action_interfaces__rosidl_typesupport_c.dir/rosidl_typesupport_c/action_interfaces/msg/arm_state__type_support.cpp.o\x1b[0m\n'}
[2.615268] (action_interfaces) StdoutLine: {'line': b'[ 50%] \x1b[32mBuilding CXX object CMakeFiles/action_interfaces__rosidl_typesupport_c.dir/rosidl_typesupport_c/action_interfaces/msg/arm_command__type_support.cpp.o\x1b[0m\n'}
[2.651829] (action_interfaces) StdoutLine: {'line': b'[ 51%] \x1b[32mBuilding CXX object CMakeFiles/action_interfaces__rosidl_typesupport_c.dir/rosidl_typesupport_c/action_interfaces/srv/check_limits__type_support.cpp.o\x1b[0m\n'}
[2.652463] (action_interfaces) StdoutLine: {'line': b'[ 53%] \x1b[32mBuilding CXX object CMakeFiles/action_interfaces__rosidl_typesupport_c.dir/rosidl_typesupport_c/action_interfaces/action/move_arm__type_support.cpp.o\x1b[0m\n'}
[2.710105] (-) TimerEvent: {}
[2.717815] (action_interfaces) StdoutLine: {'line': b'\x1b[35m\x1b[1mConsolidate compiler generated dependencies of target action_interfaces__rosidl_typesupport_introspection_c\x1b[0m\n'}
[2.748865] (action_interfaces) StdoutLine: {'line': b'[ 55%] \x1b[32mBuilding C object CMakeFiles/action_interfaces__rosidl_typesupport_introspection_c.dir/rosidl_typesupport_introspection_c/action_interfaces/msg/detail/arm_state__type_support.c.o\x1b[0m\n'}
[2.749215] (action_interfaces) StdoutLine: {'line': b'[ 57%] \x1b[32m\x1b[1mLinking CXX shared library libaction_interfaces__rosidl_typesupport_c.so\x1b[0m\n'}
[2.753928] (action_interfaces) StdoutLine: {'line': b'[ 58%] \x1b[32mBuilding C object CMakeFiles/action_interfaces__rosidl_typesupport_introspection_c.dir/rosidl_typesupport_introspection_c/action_interfaces/msg/detail/arm_command__type_support.c.o\x1b[0m\n'}
[2.754378] (action_interfaces) StdoutLine: {'line': b'[ 60%] \x1b[32mBuilding C object CMakeFiles/action_interfaces__rosidl_typesupport_introspection_c.dir/rosidl_typesupport_introspection_c/action_interfaces/srv/detail/check_limits__type_support.c.o\x1b[0m\n'}
[2.757051] (action_interfaces) StdoutLine: {'line': b'[ 62%] \x1b[32mBuilding C object CMakeFiles/action_interfaces__rosidl_typesupport_introspection_c.dir/rosidl_typesupport_introspection_c/action_interfaces/action/detail/move_arm__type_support.c.o\x1b[0m\n'}
[2.768495] (action_interfaces) StdoutLine: {'line': b'\x1b[35m\x1b[1mConsolidate compiler generated dependencies of target action_interfaces__rosidl_typesupport_fastrtps_c\x1b[0m\n'}
[2.797382] (action_interfaces) StdoutLine: {'line': b'[ 64%] \x1b[32mBuilding CXX object CMakeFiles/action_interfaces__rosidl_typesupport_fastrtps_c.dir/rosidl_typesupport_fastrtps_c/action_interfaces/msg/detail/arm_command__type_support_c.cpp.o\x1b[0m\n'}
[2.797943] (action_interfaces) StdoutLine: {'line': b'[ 66%] \x1b[32mBuilding CXX object CMakeFiles/action_interfaces__rosidl_typesupport_fastrtps_c.dir/rosidl_typesupport_fastrtps_c/action_interfaces/srv/detail/check_limits__type_support_c.cpp.o\x1b[0m\n'}
[2.798195] (action_interfaces) StdoutLine: {'line': b'[ 67%] \x1b[32mBuilding CXX object CMakeFiles/action_interfaces__rosidl_typesupport_fastrtps_c.dir/rosidl_typesupport_fastrtps_c/action_interfaces/msg/detail/arm_state__type_support_c.cpp.o\x1b[0m\n'}
[2.804437] (action_interfaces) StdoutLine: {'line': b'[ 69%] \x1b[32mBuilding CXX object CMakeFiles/action_interfaces__rosidl_typesupport_fastrtps_c.dir/rosidl_typesupport_fastrtps_c/action_interfaces/action/detail/move_arm__type_support_c.cpp.o\x1b[0m\n'}
[2.810261] (-) TimerEvent: {}
[2.846269] (action_interfaces) StdoutLine: {'line': b'[ 71%] \x1b[32m\x1b[1mLinking C shared library libaction_interfaces__rosidl_typesupport_introspection_c.so\x1b[0m\n'}
[2.910384] (-) TimerEvent: {}
[2.911092] (action_interfaces) StdoutLine: {'line': b'[ 73%] \x1b[32m\x1b[1mLinking CXX shared library libaction_interfaces__rosidl_typesupport_cpp.so\x1b[0m\n'}
[2.935461] (action_interfaces) StdoutLine: {'line': b'[ 73%] Built target action_interfaces__rosidl_typesupport_c\n'}
[2.995804] (action_interfaces) StdoutLine: {'line': b'[ 73%] Built target action_interfaces__rosidl_typesupport_introspection_c\n'}
[3.010573] (-) TimerEvent: {}
[3.048979] (action_interfaces) StdoutLine: {'line': b'[ 73%] Built target action_interfaces__rosidl_typesupport_cpp\n'}
[3.056241] (action_interfaces) StdoutLine: {'line': b'[ 75%] \x1b[32m\x1b[1mLinking CXX shared library libaction_interfaces__rosidl_typesupport_fastrtps_cpp.so\x1b[0m\n'}
[3.083489] (action_interfaces) StdoutLine: {'line': b'[ 76%] \x1b[32m\x1b[1mLinking CXX shared library libaction_interfaces__rosidl_typesupport_introspection_cpp.so\x1b[0m\n'}
[3.110624] (-) TimerEvent: {}
[3.211132] (-) TimerEvent: {}
[3.254878] (action_interfaces) StdoutLine: {'line': b'[ 78%] \x1b[32m\x1b[1mLinking CXX shared library libaction_interfaces__rosidl_typesupport_fastrtps_c.so\x1b[0m\n'}
[3.257155] (action_interfaces) StdoutLine: {'line': b'[ 78%] Built target action_interfaces__rosidl_typesupport_fastrtps_cpp\n'}
[3.270191] (action_interfaces) StdoutLine: {'line': b'[ 78%] Built target action_interfaces__rosidl_typesupport_introspection_cpp\n'}
[3.311298] (-) TimerEvent: {}
[3.406749] (action_interfaces) StdoutLine: {'line': b'[ 78%] Built target action_interfaces__rosidl_typesupport_fastrtps_c\n'}
[3.411400] (-) TimerEvent: {}
[3.432924] (action_interfaces) StdoutLine: {'line': b'[ 78%] Built target action_interfaces\n'}
[3.457268] (action_interfaces) StdoutLine: {'line': b'[ 80%] \x1b[34m\x1b[1mGenerating Python code for ROS interfaces\x1b[0m\n'}
[3.511512] (-) TimerEvent: {}
[3.611824] (-) TimerEvent: {}
[3.712156] (-) TimerEvent: {}
[3.812569] (-) TimerEvent: {}
[3.913021] (-) TimerEvent: {}
[4.013537] (-) TimerEvent: {}
[4.113948] (-) TimerEvent: {}
[4.163092] (action_interfaces) StdoutLine: {'line': b'[ 80%] Built target action_interfaces__py\n'}
[4.178309] (action_interfaces) StdoutLine: {'line': b'\x1b[35m\x1b[1mConsolidate compiler generated dependencies of target action_interfaces__rosidl_generator_py\x1b[0m\n'}
[4.198375] (action_interfaces) StdoutLine: {'line': b'[ 83%] \x1b[32mBuilding C object CMakeFiles/action_interfaces__rosidl_generator_py.dir/rosidl_generator_py/action_interfaces/srv/_check_limits_s.c.o\x1b[0m\n'}
[4.198789] (action_interfaces) StdoutLine: {'line': b'[ 83%] \x1b[32mBuilding C object CMakeFiles/action_interfaces__rosidl_generator_py.dir/rosidl_generator_py/action_interfaces/msg/_arm_state_s.c.o\x1b[0m\n'}
[4.198917] (action_interfaces) StdoutLine: {'line': b'[ 85%] \x1b[32mBuilding C object CMakeFiles/action_interfaces__rosidl_generator_py.dir/rosidl_generator_py/action_interfaces/action/_move_arm_s.c.o\x1b[0m\n'}
[4.198977] (action_interfaces) StdoutLine: {'line': b'[ 87%] \x1b[32mBuilding C object CMakeFiles/action_interfaces__rosidl_generator_py.dir/rosidl_generator_py/action_interfaces/msg/_arm_command_s.c.o\x1b[0m\n'}
[4.214078] (-) TimerEvent: {}
[4.314538] (-) TimerEvent: {}
[4.377733] (action_interfaces) StdoutLine: {'line': b'[ 89%] \x1b[32m\x1b[1mLinking C shared library rosidl_generator_py/action_interfaces/libaction_interfaces__rosidl_generator_py.so\x1b[0m\n'}
[4.414700] (-) TimerEvent: {}
[4.499284] (action_interfaces) StdoutLine: {'line': b'[ 89%] Built target action_interfaces__rosidl_generator_py\n'}
[4.512581] (action_interfaces) StdoutLine: {'line': b'\x1b[35m\x1b[1mConsolidate compiler generated dependencies of target action_interfaces__rosidl_typesupport_fastrtps_c__pyext\x1b[0m\n'}
[4.512797] (action_interfaces) StdoutLine: {'line': b'\x1b[35m\x1b[1mConsolidate compiler generated dependencies of target action_interfaces__rosidl_typesupport_introspection_c__pyext\x1b[0m\n'}
[4.512902] (action_interfaces) StdoutLine: {'line': b'\x1b[35m\x1b[1mConsolidate compiler generated dependencies of target action_interfaces__rosidl_typesupport_c__pyext\x1b[0m\n'}
[4.514741] (-) TimerEvent: {}
[4.528315] (action_interfaces) StdoutLine: {'line': b'[ 94%] \x1b[32mBuilding C object CMakeFiles/action_interfaces__rosidl_typesupport_introspection_c__pyext.dir/rosidl_generator_py/action_interfaces/_action_interfaces_s.ep.rosidl_typesupport_introspection_c.c.o\x1b[0m\n'}
[4.528660] (action_interfaces) StdoutLine: {'line': b'[ 94%] \x1b[32mBuilding C object CMakeFiles/action_interfaces__rosidl_typesupport_c__pyext.dir/rosidl_generator_py/action_interfaces/_action_interfaces_s.ep.rosidl_typesupport_c.c.o\x1b[0m\n'}
[4.528807] (action_interfaces) StdoutLine: {'line': b'[ 94%] \x1b[32mBuilding C object CMakeFiles/action_interfaces__rosidl_typesupport_fastrtps_c__pyext.dir/rosidl_generator_py/action_interfaces/_action_interfaces_s.ep.rosidl_typesupport_fastrtps_c.c.o\x1b[0m\n'}
[4.614895] (-) TimerEvent: {}
[4.645526] (action_interfaces) StdoutLine: {'line': b'[ 96%] \x1b[32m\x1b[1mLinking C shared library rosidl_generator_py/action_interfaces/action_interfaces_s__rosidl_typesupport_introspection_c.cpython-310-x86_64-linux-gnu.so\x1b[0m\n'}
[4.645805] (action_interfaces) StdoutLine: {'line': b'[ 98%] \x1b[32m\x1b[1mLinking C shared library rosidl_generator_py/action_interfaces/action_interfaces_s__rosidl_typesupport_fastrtps_c.cpython-310-x86_64-linux-gnu.so\x1b[0m\n'}
[4.652315] (action_interfaces) StdoutLine: {'line': b'[100%] \x1b[32m\x1b[1mLinking C shared library rosidl_generator_py/action_interfaces/action_interfaces_s__rosidl_typesupport_c.cpython-310-x86_64-linux-gnu.so\x1b[0m\n'}
[4.715009] (-) TimerEvent: {}
[4.733320] (action_interfaces) StdoutLine: {'line': b'[100%] Built target action_interfaces__rosidl_typesupport_fastrtps_c__pyext\n'}
[4.733714] (action_interfaces) StdoutLine: {'line': b'[100%] Built target action_interfaces__rosidl_typesupport_introspection_c__pyext\n'}
[4.769083] (action_interfaces) StdoutLine: {'line': b'[100%] Built target action_interfaces__rosidl_typesupport_c__pyext\n'}
[4.789708] (action_interfaces) CommandEnded: {'returncode': 0}
[4.791491] (action_interfaces) JobProgress: {'identifier': 'action_interfaces', 'progress': 'install'}
[4.803808] (action_interfaces) Command: {'cmd': ['/usr/bin/cmake', '--install', '/home/ibrahim/RobotArmExpanded/build/action_interfaces'], 'cwd': '/home/ibrahim/RobotArmExpanded/build/action_interfaces', 'env': OrderedDict([('PYTHON_BASIC_REPL', '1'), ('LESSOPEN', '| /usr/bin/lesspipe %s'), ('USER', 'ibrahim'), ('GIT_ASKPASS', '/home/ibrahim/.vscode-server/bin/0958016b2af9f09bb4257e0df4a95e2f90590f9f/extensions/git/dist/askpass.sh'), ('SHLVL', '1'), ('LD_LIBRARY_PATH', '/home/ibrahim/RobotArmExpanded/install/action_interfaces/lib:/home/ibrahim/RobotArm/install/action_interfaces/lib:/home/ibrahim/RobotNav/install/action_interfaces/lib:/home/ibrahim/ros2_ws/install/action_interfaces/lib:/usr/lib/x86_64-linux-gnu/gazebo-11/plugins:/opt/ros/humble/opt/rviz_ogre_vendor/lib:/opt/ros/humble/lib/x86_64-linux-gnu:/opt/ros/humble/lib'), ('MOTD_SHOWN', 'update-motd'), ('HOME', '/home/ibrahim'), ('TERM_PROGRAM_VERSION', '1.120.0'), ('VSCODE_IPC_HOOK_CLI', '/run/user/1000/vscode-ipc-b8f4ced1-f37a-407a-9d2f-43a7d1d5cfe8.sock'), ('ROS_PYTHON_VERSION', '3'), ('VSCODE_GIT_ASKPASS_MAIN', '/home/ibrahim/.vscode-server/bin/0958016b2af9f09bb4257e0df4a95e2f90590f9f/extensions/git/dist/askpass-main.js'), ('VSCODE_GIT_ASKPASS_NODE', '/home/ibrahim/.vscode-server/bin/0958016b2af9f09bb4257e0df4a95e2f90590f9f/node'), ('PYDEVD_DISABLE_FILE_VALIDATION', '1'), ('BUNDLED_DEBUGPY_PATH', '/home/ibrahim/.vscode-server/extensions/ms-python.debugpy-2026.6.0-linux-x64/bundled/libs/debugpy'), ('VSCODE_PYTHON_AUTOACTIVATE_GUARD', '1'), ('DBUS_SESSION_BUS_ADDRESS', 'unix:path=/run/user/1000/bus'), ('COLORTERM', 'truecolor'), ('WSL_DISTRO_NAME', 'Ubuntu-22.04'), ('WAYLAND_DISPLAY', 'wayland-0'), ('COLCON_PREFIX_PATH', '/home/ibrahim/RobotArmExpanded/install:/home/ibrahim/RobotArm/install:/home/ibrahim/TF2Sample/install:/home/ibrahim/RobotNav/install:/home/ibrahim/RobotMonitor/install:/home/ibrahim/ros2_ws/install'), ('ROS_DISTRO', 'humble'), ('LOGNAME', 'ibrahim'), ('NAME', 'Ibrahim-laptop'), ('WSL_INTEROP', '/run/WSL/52905_interop'), ('PULSE_SERVER', 'unix:/mnt/wslg/PulseServer'), ('_', '/usr/bin/colcon'), ('ROS_VERSION', '2'), ('CLAUDE_CODE_SSE_PORT', '46455'), ('TERM', 'xterm-256color'), ('ROS_LOCALHOST_ONLY', '0'), ('PATH', '/home/ibrahim/.vscode-server/data/User/globalStorage/github.copilot-chat/debugCommand:/home/ibrahim/.vscode-server/data/User/globalStorage/github.copilot-chat/copilotCli:/home/ibrahim/.vscode-server/bin/0958016b2af9f09bb4257e0df4a95e2f90590f9f/bin/remote-cli:/opt/ros/humble/bin:/usr/local/sbin:/usr/local/bin:/usr/sbin:/usr/bin:/sbin:/bin:/usr/games:/usr/local/games:/usr/lib/wsl/lib:/mnt/c/Users/zanto/AppData/Local/Programs/Microsoft VS Code:/mnt/c/Windows/system32:/mnt/c/Windows:/mnt/c/Windows/System32/Wbem:/mnt/c/Windows/System32/WindowsPowerShell/v1.0/:/mnt/c/Windows/System32/OpenSSH/:/mnt/c/Program Files (x86)/NVIDIA Corporation/PhysX/Common:/mnt/c/Program Files/NVIDIA Corporation/NVIDIA App/NvDLISR:/mnt/c/Program Files/dotnet/:/mnt/c/Program Files/nodejs/:/mnt/c/Program Files/Git/cmd:/mnt/c/Program Files/PostgreSQL/18/bin:/mnt/c/Users/zanto/.local/bin:/mnt/c/Program Files/Docker/Docker/resources/bin:/mnt/c/Program Files/GitHub CLI/:/mnt/c/Users/zanto/AppData/Local/Programs/Python/Python312/Scripts/:/mnt/c/Users/zanto/AppData/Local/Programs/Python/Python312/:/mnt/c/Users/zanto/AppData/Local/Programs/Python/Python314/Scripts/:/mnt/c/Users/zanto/AppData/Local/Programs/Python/Python314/:/mnt/c/Users/zanto/AppData/Local/Microsoft/WindowsApps:/mnt/c/Users/zanto/AppData/Local/Programs/Microsoft VS Code/bin:/mnt/c/Users/zanto/AppData/Local/Programs/Ollama:/mnt/c/Users/zanto/AppData/Roaming/npm:/mnt/c/msys64/ucrt64/bin:/snap/bin:/home/ibrahim/.vscode-server/extensions/ms-python.debugpy-2026.6.0-linux-x64/bundled/scripts/noConfigScripts'), ('XDG_RUNTIME_DIR', '/run/user/1000/'), ('DISPLAY', ':0'), ('VSCODE_DEBUGPY_ADAPTER_ENDPOINTS', '/home/ibrahim/.vscode-server/extensions/ms-python.debugpy-2026.6.0-linux-x64/.noConfigDebugAdapterEndpoints/endpoint-b792fa2e8964025e.txt'), ('LANG', 'C.UTF-8'), ('PYTHONSTARTUP', '/home/ibrahim/.vscode-server/data/User/workspaceStorage/e80122f58dd8365232b0ea725993d05e/ms-python.python/pythonrc.py'), ('LS_COLORS', 'rs=0:di=01;34:ln=01;36:mh=00:pi=40;33:so=01;35:do=01;35:bd=40;33;01:cd=40;33;01:or=40;31;01:mi=00:su=37;41:sg=30;43:ca=30;41:tw=30;42:ow=34;42:st=37;44:ex=01;32:*.tar=01;31:*.tgz=01;31:*.arc=01;31:*.arj=01;31:*.taz=01;31:*.lha=01;31:*.lz4=01;31:*.lzh=01;31:*.lzma=01;31:*.tlz=01;31:*.txz=01;31:*.tzo=01;31:*.t7z=01;31:*.zip=01;31:*.z=01;31:*.dz=01;31:*.gz=01;31:*.lrz=01;31:*.lz=01;31:*.lzo=01;31:*.xz=01;31:*.zst=01;31:*.tzst=01;31:*.bz2=01;31:*.bz=01;31:*.tbz=01;31:*.tbz2=01;31:*.tz=01;31:*.deb=01;31:*.rpm=01;31:*.jar=01;31:*.war=01;31:*.ear=01;31:*.sar=01;31:*.rar=01;31:*.alz=01;31:*.ace=01;31:*.zoo=01;31:*.cpio=01;31:*.7z=01;31:*.rz=01;31:*.cab=01;31:*.wim=01;31:*.swm=01;31:*.dwm=01;31:*.esd=01;31:*.jpg=01;35:*.jpeg=01;35:*.mjpg=01;35:*.mjpeg=01;35:*.gif=01;35:*.bmp=01;35:*.pbm=01;35:*.pgm=01;35:*.ppm=01;35:*.tga=01;35:*.xbm=01;35:*.xpm=01;35:*.tif=01;35:*.tiff=01;35:*.png=01;35:*.svg=01;35:*.svgz=01;35:*.mng=01;35:*.pcx=01;35:*.mov=01;35:*.mpg=01;35:*.mpeg=01;35:*.m2v=01;35:*.mkv=01;35:*.webm=01;35:*.webp=01;35:*.ogm=01;35:*.mp4=01;35:*.m4v=01;35:*.mp4v=01;35:*.vob=01;35:*.qt=01;35:*.nuv=01;35:*.wmv=01;35:*.asf=01;35:*.rm=01;35:*.rmvb=01;35:*.flc=01;35:*.avi=01;35:*.fli=01;35:*.flv=01;35:*.gl=01;35:*.dl=01;35:*.xcf=01;35:*.xwd=01;35:*.yuv=01;35:*.cgm=01;35:*.emf=01;35:*.ogv=01;35:*.ogx=01;35:*.aac=00;36:*.au=00;36:*.flac=00;36:*.m4a=00;36:*.mid=00;36:*.midi=00;36:*.mka=00;36:*.mp3=00;36:*.mpc=00;36:*.ogg=00;36:*.ra=00;36:*.wav=00;36:*.oga=00;36:*.opus=00;36:*.spx=00;36:*.xspf=00;36:'), ('VSCODE_GIT_IPC_HANDLE', '/run/user/1000/vscode-git-fffe7d841c.sock'), ('TERM_PROGRAM', 'vscode'), ('ROS_DOMAIN_ID', '10'), ('AMENT_PREFIX_PATH', '/home/ibrahim/RobotArmExpanded/install/main_arm_package:/home/ibrahim/RobotArmExpanded/install/action_interfaces:/home/ibrahim/RobotArm/install/main_arm_package:/home/ibrahim/RobotArm/install/action_interfaces:/home/ibrahim/TF2Sample/install/tf2sim:/home/ibrahim/RobotNav/install/main_robot_nodes:/home/ibrahim/RobotNav/install/action_interfaces:/home/ibrahim/RobotMonitor/install/Robot3Node_Package:/home/ibrahim/ros2_ws/install/my_first_package:/home/ibrahim/ros2_ws/install/action_interfaces:/opt/ros/humble'), ('SHELL', '/bin/bash'), ('LESSCLOSE', '/usr/bin/lesspipe %s %s'), ('VSCODE_GIT_ASKPASS_EXTRA_ARGS', ''), ('PWD', '/home/ibrahim/RobotArmExpanded/build/action_interfaces'), ('XDG_DATA_DIRS', '/usr/local/share:/usr/share:/var/lib/snapd/desktop'), ('PYTHONPATH', '/home/ibrahim/RobotArmExpanded/install/action_interfaces/local/lib/python3.10/dist-packages:/home/ibrahim/RobotArm/install/action_interfaces/local/lib/python3.10/dist-packages:/home/ibrahim/RobotNav/install/action_interfaces/local/lib/python3.10/dist-packages:/home/ibrahim/ros2_ws/install/action_interfaces/local/lib/python3.10/dist-packages:/opt/ros/humble/lib/python3.10/site-packages:/opt/ros/humble/local/lib/python3.10/dist-packages'), ('COLCON', '1'), ('WSL2_GUI_APPS_ENABLED', '1'), ('HOSTTYPE', 'x86_64'), ('CMAKE_PREFIX_PATH', '/home/ibrahim/RobotArmExpanded/install/main_arm_package:/home/ibrahim/RobotArmExpanded/install/action_interfaces:/home/ibrahim/TF2Sample/install/tf2sim:/home/ibrahim/RobotNav/install/main_robot_nodes:/home/ibrahim/RobotNav/install/action_interfaces:/home/ibrahim/RobotMonitor/install/Robot3Node_Package:/home/ibrahim/ros2_ws/install/my_first_package:/home/ibrahim/ros2_ws/install/action_interfaces:/home/ibrahim/RobotArm/install/main_arm_package:/home/ibrahim/RobotArm/install/action_interfaces:/opt/ros/humble'), ('WSLENV', 'VSCODE_WSL_EXT_LOCATION/up')]), 'shell': False}
[4.814375] (action_interfaces) StdoutLine: {'line': b'-- Install configuration: ""\n'}
[4.814781] (action_interfaces) StdoutLine: {'line': b'-- Up-to-date: /home/ibrahim/RobotArmExpanded/install/action_interfaces/share/ament_index/resource_index/rosidl_interfaces/action_interfaces\n'}
[4.814925] (action_interfaces) StdoutLine: {'line': b'-- Up-to-date: /home/ibrahim/RobotArmExpanded/install/action_interfaces/include/action_interfaces/action_interfaces\n'}
[4.815029] (-) TimerEvent: {}
[4.815150] (action_interfaces) StdoutLine: {'line': b'-- Up-to-date: /home/ibrahim/RobotArmExpanded/install/action_interfaces/include/action_interfaces/action_interfaces/srv\n'}
[4.815661] (action_interfaces) StdoutLine: {'line': b'-- Up-to-date: /home/ibrahim/RobotArmExpanded/install/action_interfaces/include/action_interfaces/action_interfaces/srv/detail\n'}
[4.815847] (action_interfaces) StdoutLine: {'line': b'-- Installing: /home/ibrahim/RobotArmExpanded/install/action_interfaces/include/action_interfaces/action_interfaces/srv/detail/check_limits__type_support.h\n'}
[4.815898] (action_interfaces) StdoutLine: {'line': b'-- Installing: /home/ibrahim/RobotArmExpanded/install/action_interfaces/include/action_interfaces/action_interfaces/srv/detail/check_limits__functions.c\n'}
[4.815930] (action_interfaces) StdoutLine: {'line': b'-- Installing: /home/ibrahim/RobotArmExpanded/install/action_interfaces/include/action_interfaces/action_interfaces/srv/detail/check_limits__struct.h\n'}
[4.816035] (action_interfaces) StdoutLine: {'line': b'-- Installing: /home/ibrahim/RobotArmExpanded/install/action_interfaces/include/action_interfaces/action_interfaces/srv/detail/check_limits__functions.h\n'}
[4.816361] (action_interfaces) StdoutLine: {'line': b'-- Installing: /home/ibrahim/RobotArmExpanded/install/action_interfaces/include/action_interfaces/action_interfaces/srv/check_limits.h\n'}
[4.816593] (action_interfaces) StdoutLine: {'line': b'-- Up-to-date: /home/ibrahim/RobotArmExpanded/install/action_interfaces/include/action_interfaces/action_interfaces/msg\n'}
[4.816777] (action_interfaces) StdoutLine: {'line': b'-- Up-to-date: /home/ibrahim/RobotArmExpanded/install/action_interfaces/include/action_interfaces/action_interfaces/msg/rosidl_generator_c__visibility_control.h\n'}
[4.816829] (action_interfaces) StdoutLine: {'line': b'-- Installing: /home/ibrahim/RobotArmExpanded/install/action_interfaces/include/action_interfaces/action_interfaces/msg/arm_command.h\n'}
[4.816977] (action_interfaces) StdoutLine: {'line': b'-- Up-to-date: /home/ibrahim/RobotArmExpanded/install/action_interfaces/include/action_interfaces/action_interfaces/msg/detail\n'}
[4.817169] (action_interfaces) StdoutLine: {'line': b'-- Installing: /home/ibrahim/RobotArmExpanded/install/action_interfaces/include/action_interfaces/action_interfaces/msg/detail/arm_state__functions.c\n'}
[4.817406] (action_interfaces) StdoutLine: {'line': b'-- Installing: /home/ibrahim/RobotArmExpanded/install/action_interfaces/include/action_interfaces/action_interfaces/msg/detail/arm_state__type_support.h\n'}
[4.817642] (action_interfaces) StdoutLine: {'line': b'-- Installing: /home/ibrahim/RobotArmExpanded/install/action_interfaces/include/action_interfaces/action_interfaces/msg/detail/arm_state__struct.h\n'}
[4.817894] (action_interfaces) StdoutLine: {'line': b'-- Installing: /home/ibrahim/RobotArmExpanded/install/action_interfaces/include/action_interfaces/action_interfaces/msg/detail/arm_command__functions.c\n'}
[4.818152] (action_interfaces) StdoutLine: {'line': b'-- Installing: /home/ibrahim/RobotArmExpanded/install/action_interfaces/include/action_interfaces/action_interfaces/msg/detail/arm_state__functions.h\n'}
[4.818411] (action_interfaces) StdoutLine: {'line': b'-- Installing: /home/ibrahim/RobotArmExpanded/install/action_interfaces/include/action_interfaces/action_interfaces/msg/detail/arm_command__struct.h\n'}
[4.818665] (action_interfaces) StdoutLine: {'line': b'-- Installing: /home/ibrahim/RobotArmExpanded/install/action_interfaces/include/action_interfaces/action_interfaces/msg/detail/arm_command__functions.h\n'}
[4.818920] (action_interfaces) StdoutLine: {'line': b'-- Installing: /home/ibrahim/RobotArmExpanded/install/action_interfaces/include/action_interfaces/action_interfaces/msg/detail/arm_command__type_support.h\n'}
[4.819150] (action_interfaces) StdoutLine: {'line': b'-- Installing: /home/ibrahim/RobotArmExpanded/install/action_interfaces/include/action_interfaces/action_interfaces/msg/arm_state.h\n'}
[4.819370] (action_interfaces) StdoutLine: {'line': b'-- Up-to-date: /home/ibrahim/RobotArmExpanded/install/action_interfaces/include/action_interfaces/action_interfaces/action\n'}
[4.819580] (action_interfaces) StdoutLine: {'line': b'-- Up-to-date: /home/ibrahim/RobotArmExpanded/install/action_interfaces/include/action_interfaces/action_interfaces/action/detail\n'}
[4.819798] (action_interfaces) StdoutLine: {'line': b'-- Installing: /home/ibrahim/RobotArmExpanded/install/action_interfaces/include/action_interfaces/action_interfaces/action/detail/move_arm__functions.c\n'}
[4.820068] (action_interfaces) StdoutLine: {'line': b'-- Installing: /home/ibrahim/RobotArmExpanded/install/action_interfaces/include/action_interfaces/action_interfaces/action/detail/move_arm__functions.h\n'}
[4.820417] (action_interfaces) StdoutLine: {'line': b'-- Installing: /home/ibrahim/RobotArmExpanded/install/action_interfaces/include/action_interfaces/action_interfaces/action/detail/move_arm__type_support.h\n'}
[4.820648] (action_interfaces) StdoutLine: {'line': b'-- Installing: /home/ibrahim/RobotArmExpanded/install/action_interfaces/include/action_interfaces/action_interfaces/action/detail/move_arm__struct.h\n'}
[4.820996] (action_interfaces) StdoutLine: {'line': b'-- Installing: /home/ibrahim/RobotArmExpanded/install/action_interfaces/include/action_interfaces/action_interfaces/action/move_arm.h\n'}
[4.821314] (action_interfaces) StdoutLine: {'line': b'-- Up-to-date: /home/ibrahim/RobotArmExpanded/install/action_interfaces/share/action_interfaces/environment/library_path.sh\n'}
[4.821529] (action_interfaces) StdoutLine: {'line': b'-- Installing: /home/ibrahim/RobotArmExpanded/install/action_interfaces/share/action_interfaces/environment/library_path.dsv\n'}
[4.821839] (action_interfaces) StdoutLine: {'line': b'-- Installing: /home/ibrahim/RobotArmExpanded/install/action_interfaces/lib/libaction_interfaces__rosidl_generator_c.so\n'}
[4.822645] (action_interfaces) StdoutLine: {'line': b'-- Set runtime path of "/home/ibrahim/RobotArmExpanded/install/action_interfaces/lib/libaction_interfaces__rosidl_generator_c.so" to ""\n'}
[4.822897] (action_interfaces) StdoutLine: {'line': b'-- Up-to-date: /home/ibrahim/RobotArmExpanded/install/action_interfaces/include/action_interfaces/action_interfaces\n'}
[4.823069] (action_interfaces) StdoutLine: {'line': b'-- Up-to-date: /home/ibrahim/RobotArmExpanded/install/action_interfaces/include/action_interfaces/action_interfaces/srv\n'}
[4.823136] (action_interfaces) StdoutLine: {'line': b'-- Up-to-date: /home/ibrahim/RobotArmExpanded/install/action_interfaces/include/action_interfaces/action_interfaces/srv/detail\n'}
[4.823169] (action_interfaces) StdoutLine: {'line': b'-- Installing: /home/ibrahim/RobotArmExpanded/install/action_interfaces/include/action_interfaces/action_interfaces/srv/detail/check_limits__rosidl_typesupport_fastrtps_c.h\n'}
[4.823295] (action_interfaces) StdoutLine: {'line': b'-- Up-to-date: /home/ibrahim/RobotArmExpanded/install/action_interfaces/include/action_interfaces/action_interfaces/msg\n'}
[4.823557] (action_interfaces) StdoutLine: {'line': b'-- Up-to-date: /home/ibrahim/RobotArmExpanded/install/action_interfaces/include/action_interfaces/action_interfaces/msg/rosidl_typesupport_fastrtps_c__visibility_control.h\n'}
[4.823681] (action_interfaces) StdoutLine: {'line': b'-- Up-to-date: /home/ibrahim/RobotArmExpanded/install/action_interfaces/include/action_interfaces/action_interfaces/msg/detail\n'}
[4.823750] (action_interfaces) StdoutLine: {'line': b'-- Installing: /home/ibrahim/RobotArmExpanded/install/action_interfaces/include/action_interfaces/action_interfaces/msg/detail/arm_command__rosidl_typesupport_fastrtps_c.h\n'}
[4.824090] (action_interfaces) StdoutLine: {'line': b'-- Installing: /home/ibrahim/RobotArmExpanded/install/action_interfaces/include/action_interfaces/action_interfaces/msg/detail/arm_state__rosidl_typesupport_fastrtps_c.h\n'}
[4.824391] (action_interfaces) StdoutLine: {'line': b'-- Up-to-date: /home/ibrahim/RobotArmExpanded/install/action_interfaces/include/action_interfaces/action_interfaces/action\n'}
[4.824642] (action_interfaces) StdoutLine: {'line': b'-- Up-to-date: /home/ibrahim/RobotArmExpanded/install/action_interfaces/include/action_interfaces/action_interfaces/action/detail\n'}
[4.824716] (action_interfaces) StdoutLine: {'line': b'-- Installing: /home/ibrahim/RobotArmExpanded/install/action_interfaces/include/action_interfaces/action_interfaces/action/detail/move_arm__rosidl_typesupport_fastrtps_c.h\n'}
[4.825151] (action_interfaces) StdoutLine: {'line': b'-- Installing: /home/ibrahim/RobotArmExpanded/install/action_interfaces/lib/libaction_interfaces__rosidl_typesupport_fastrtps_c.so\n'}
[4.826095] (action_interfaces) StdoutLine: {'line': b'-- Set runtime path of "/home/ibrahim/RobotArmExpanded/install/action_interfaces/lib/libaction_interfaces__rosidl_typesupport_fastrtps_c.so" to ""\n'}
[4.826466] (action_interfaces) StdoutLine: {'line': b'-- Up-to-date: /home/ibrahim/RobotArmExpanded/install/action_interfaces/include/action_interfaces/action_interfaces\n'}
[4.826562] (action_interfaces) StdoutLine: {'line': b'-- Up-to-date: /home/ibrahim/RobotArmExpanded/install/action_interfaces/include/action_interfaces/action_interfaces/srv\n'}
[4.826601] (action_interfaces) StdoutLine: {'line': b'-- Up-to-date: /home/ibrahim/RobotArmExpanded/install/action_interfaces/include/action_interfaces/action_interfaces/srv/detail\n'}
[4.826632] (action_interfaces) StdoutLine: {'line': b'-- Installing: /home/ibrahim/RobotArmExpanded/install/action_interfaces/include/action_interfaces/action_interfaces/srv/detail/check_limits__type_support.c\n'}
[4.826753] (action_interfaces) StdoutLine: {'line': b'-- Installing: /home/ibrahim/RobotArmExpanded/install/action_interfaces/include/action_interfaces/action_interfaces/srv/detail/check_limits__rosidl_typesupport_introspection_c.h\n'}
[4.827009] (action_interfaces) StdoutLine: {'line': b'-- Up-to-date: /home/ibrahim/RobotArmExpanded/install/action_interfaces/include/action_interfaces/action_interfaces/msg\n'}
[4.827263] (action_interfaces) StdoutLine: {'line': b'-- Up-to-date: /home/ibrahim/RobotArmExpanded/install/action_interfaces/include/action_interfaces/action_interfaces/msg/detail\n'}
[4.827327] (action_interfaces) StdoutLine: {'line': b'-- Installing: /home/ibrahim/RobotArmExpanded/install/action_interfaces/include/action_interfaces/action_interfaces/msg/detail/arm_command__rosidl_typesupport_introspection_c.h\n'}
[4.827448] (action_interfaces) StdoutLine: {'line': b'-- Installing: /home/ibrahim/RobotArmExpanded/install/action_interfaces/include/action_interfaces/action_interfaces/msg/detail/arm_command__type_support.c\n'}
[4.827844] (action_interfaces) StdoutLine: {'line': b'-- Installing: /home/ibrahim/RobotArmExpanded/install/action_interfaces/include/action_interfaces/action_interfaces/msg/detail/arm_state__rosidl_typesupport_introspection_c.h\n'}
[4.828103] (action_interfaces) StdoutLine: {'line': b'-- Installing: /home/ibrahim/RobotArmExpanded/install/action_interfaces/include/action_interfaces/action_interfaces/msg/detail/arm_state__type_support.c\n'}
[4.829149] (action_interfaces) StdoutLine: {'line': b'-- Up-to-date: /home/ibrahim/RobotArmExpanded/install/action_interfaces/include/action_interfaces/action_interfaces/msg/rosidl_typesupport_introspection_c__visibility_control.h\n'}
[4.829234] (action_interfaces) StdoutLine: {'line': b'-- Up-to-date: /home/ibrahim/RobotArmExpanded/install/action_interfaces/include/action_interfaces/action_interfaces/action\n'}
[4.829418] (action_interfaces) StdoutLine: {'line': b'-- Up-to-date: /home/ibrahim/RobotArmExpanded/install/action_interfaces/include/action_interfaces/action_interfaces/action/detail\n'}
[4.830781] (action_interfaces) StdoutLine: {'line': b'-- Installing: /home/ibrahim/RobotArmExpanded/install/action_interfaces/include/action_interfaces/action_interfaces/action/detail/move_arm__type_support.c\n'}
[4.830981] (action_interfaces) StdoutLine: {'line': b'-- Installing: /home/ibrahim/RobotArmExpanded/install/action_interfaces/include/action_interfaces/action_interfaces/action/detail/move_arm__rosidl_typesupport_introspection_c.h\n'}
[4.831250] (action_interfaces) StdoutLine: {'line': b'-- Installing: /home/ibrahim/RobotArmExpanded/install/action_interfaces/lib/libaction_interfaces__rosidl_typesupport_introspection_c.so\n'}
[4.833026] (action_interfaces) StdoutLine: {'line': b'-- Set runtime path of "/home/ibrahim/RobotArmExpanded/install/action_interfaces/lib/libaction_interfaces__rosidl_typesupport_introspection_c.so" to ""\n'}
[4.833141] (action_interfaces) StdoutLine: {'line': b'-- Installing: /home/ibrahim/RobotArmExpanded/install/action_interfaces/lib/libaction_interfaces__rosidl_typesupport_c.so\n'}
[4.833773] (action_interfaces) StdoutLine: {'line': b'-- Set runtime path of "/home/ibrahim/RobotArmExpanded/install/action_interfaces/lib/libaction_interfaces__rosidl_typesupport_c.so" to ""\n'}
[4.833954] (action_interfaces) StdoutLine: {'line': b'-- Up-to-date: /home/ibrahim/RobotArmExpanded/install/action_interfaces/include/action_interfaces/action_interfaces\n'}
[4.834126] (action_interfaces) StdoutLine: {'line': b'-- Up-to-date: /home/ibrahim/RobotArmExpanded/install/action_interfaces/include/action_interfaces/action_interfaces/srv\n'}
[4.834187] (action_interfaces) StdoutLine: {'line': b'-- Up-to-date: /home/ibrahim/RobotArmExpanded/install/action_interfaces/include/action_interfaces/action_interfaces/srv/detail\n'}
[4.834278] (action_interfaces) StdoutLine: {'line': b'-- Installing: /home/ibrahim/RobotArmExpanded/install/action_interfaces/include/action_interfaces/action_interfaces/srv/detail/check_limits__type_support.hpp\n'}
[4.834402] (action_interfaces) StdoutLine: {'line': b'-- Installing: /home/ibrahim/RobotArmExpanded/install/action_interfaces/include/action_interfaces/action_interfaces/srv/detail/check_limits__struct.hpp\n'}
[4.834797] (action_interfaces) StdoutLine: {'line': b'-- Installing: /home/ibrahim/RobotArmExpanded/install/action_interfaces/include/action_interfaces/action_interfaces/srv/detail/check_limits__traits.hpp\n'}
[4.835193] (action_interfaces) StdoutLine: {'line': b'-- Installing: /home/ibrahim/RobotArmExpanded/install/action_interfaces/include/action_interfaces/action_interfaces/srv/detail/check_limits__builder.hpp\n'}
[4.835681] (action_interfaces) StdoutLine: {'line': b'-- Installing: /home/ibrahim/RobotArmExpanded/install/action_interfaces/include/action_interfaces/action_interfaces/srv/check_limits.hpp\n'}
[4.836005] (action_interfaces) StdoutLine: {'line': b'-- Up-to-date: /home/ibrahim/RobotArmExpanded/install/action_interfaces/include/action_interfaces/action_interfaces/msg\n'}
[4.836178] (action_interfaces) StdoutLine: {'line': b'-- Installing: /home/ibrahim/RobotArmExpanded/install/action_interfaces/include/action_interfaces/action_interfaces/msg/arm_command.hpp\n'}
[4.836375] (action_interfaces) StdoutLine: {'line': b'-- Installing: /home/ibrahim/RobotArmExpanded/install/action_interfaces/include/action_interfaces/action_interfaces/msg/arm_state.hpp\n'}
[4.836705] (action_interfaces) StdoutLine: {'line': b'-- Up-to-date: /home/ibrahim/RobotArmExpanded/install/action_interfaces/include/action_interfaces/action_interfaces/msg/detail\n'}
[4.836877] (action_interfaces) StdoutLine: {'line': b'-- Installing: /home/ibrahim/RobotArmExpanded/install/action_interfaces/include/action_interfaces/action_interfaces/msg/detail/arm_command__struct.hpp\n'}
[4.837141] (action_interfaces) StdoutLine: {'line': b'-- Installing: /home/ibrahim/RobotArmExpanded/install/action_interfaces/include/action_interfaces/action_interfaces/msg/detail/arm_command__type_support.hpp\n'}
[4.837377] (action_interfaces) StdoutLine: {'line': b'-- Installing: /home/ibrahim/RobotArmExpanded/install/action_interfaces/include/action_interfaces/action_interfaces/msg/detail/arm_state__struct.hpp\n'}
[4.837664] (action_interfaces) StdoutLine: {'line': b'-- Installing: /home/ibrahim/RobotArmExpanded/install/action_interfaces/include/action_interfaces/action_interfaces/msg/detail/arm_command__traits.hpp\n'}
[4.837946] (action_interfaces) StdoutLine: {'line': b'-- Installing: /home/ibrahim/RobotArmExpanded/install/action_interfaces/include/action_interfaces/action_interfaces/msg/detail/arm_state__builder.hpp\n'}
[4.838236] (action_interfaces) StdoutLine: {'line': b'-- Installing: /home/ibrahim/RobotArmExpanded/install/action_interfaces/include/action_interfaces/action_interfaces/msg/detail/arm_state__type_support.hpp\n'}
[4.838506] (action_interfaces) StdoutLine: {'line': b'-- Installing: /home/ibrahim/RobotArmExpanded/install/action_interfaces/include/action_interfaces/action_interfaces/msg/detail/arm_command__builder.hpp\n'}
[4.838778] (action_interfaces) StdoutLine: {'line': b'-- Installing: /home/ibrahim/RobotArmExpanded/install/action_interfaces/include/action_interfaces/action_interfaces/msg/detail/arm_state__traits.hpp\n'}
[4.839034] (action_interfaces) StdoutLine: {'line': b'-- Up-to-date: /home/ibrahim/RobotArmExpanded/install/action_interfaces/include/action_interfaces/action_interfaces/msg/rosidl_generator_cpp__visibility_control.hpp\n'}
[4.839153] (action_interfaces) StdoutLine: {'line': b'-- Up-to-date: /home/ibrahim/RobotArmExpanded/install/action_interfaces/include/action_interfaces/action_interfaces/action\n'}
[4.839211] (action_interfaces) StdoutLine: {'line': b'-- Up-to-date: /home/ibrahim/RobotArmExpanded/install/action_interfaces/include/action_interfaces/action_interfaces/action/detail\n'}
[4.839247] (action_interfaces) StdoutLine: {'line': b'-- Installing: /home/ibrahim/RobotArmExpanded/install/action_interfaces/include/action_interfaces/action_interfaces/action/detail/move_arm__type_support.hpp\n'}
[4.839488] (action_interfaces) StdoutLine: {'line': b'-- Installing: /home/ibrahim/RobotArmExpanded/install/action_interfaces/include/action_interfaces/action_interfaces/action/detail/move_arm__struct.hpp\n'}
[4.839962] (action_interfaces) StdoutLine: {'line': b'-- Installing: /home/ibrahim/RobotArmExpanded/install/action_interfaces/include/action_interfaces/action_interfaces/action/detail/move_arm__traits.hpp\n'}
[4.840325] (action_interfaces) StdoutLine: {'line': b'-- Installing: /home/ibrahim/RobotArmExpanded/install/action_interfaces/include/action_interfaces/action_interfaces/action/detail/move_arm__builder.hpp\n'}
[4.840702] (action_interfaces) StdoutLine: {'line': b'-- Installing: /home/ibrahim/RobotArmExpanded/install/action_interfaces/include/action_interfaces/action_interfaces/action/move_arm.hpp\n'}
[4.841016] (action_interfaces) StdoutLine: {'line': b'-- Up-to-date: /home/ibrahim/RobotArmExpanded/install/action_interfaces/include/action_interfaces/action_interfaces\n'}
[4.841208] (action_interfaces) StdoutLine: {'line': b'-- Up-to-date: /home/ibrahim/RobotArmExpanded/install/action_interfaces/include/action_interfaces/action_interfaces/srv\n'}
[4.841400] (action_interfaces) StdoutLine: {'line': b'-- Up-to-date: /home/ibrahim/RobotArmExpanded/install/action_interfaces/include/action_interfaces/action_interfaces/srv/detail\n'}
[4.841456] (action_interfaces) StdoutLine: {'line': b'-- Up-to-date: /home/ibrahim/RobotArmExpanded/install/action_interfaces/include/action_interfaces/action_interfaces/srv/detail/dds_fastrtps\n'}
[4.841539] (action_interfaces) StdoutLine: {'line': b'-- Installing: /home/ibrahim/RobotArmExpanded/install/action_interfaces/include/action_interfaces/action_interfaces/srv/detail/check_limits__rosidl_typesupport_fastrtps_cpp.hpp\n'}
[4.841744] (action_interfaces) StdoutLine: {'line': b'-- Up-to-date: /home/ibrahim/RobotArmExpanded/install/action_interfaces/include/action_interfaces/action_interfaces/msg\n'}
[4.842006] (action_interfaces) StdoutLine: {'line': b'-- Up-to-date: /home/ibrahim/RobotArmExpanded/install/action_interfaces/include/action_interfaces/action_interfaces/msg/rosidl_typesupport_fastrtps_cpp__visibility_control.h\n'}
[4.842070] (action_interfaces) StdoutLine: {'line': b'-- Up-to-date: /home/ibrahim/RobotArmExpanded/install/action_interfaces/include/action_interfaces/action_interfaces/msg/detail\n'}
[4.842191] (action_interfaces) StdoutLine: {'line': b'-- Installing: /home/ibrahim/RobotArmExpanded/install/action_interfaces/include/action_interfaces/action_interfaces/msg/detail/arm_state__rosidl_typesupport_fastrtps_cpp.hpp\n'}
[4.842246] (action_interfaces) StdoutLine: {'line': b'-- Installing: /home/ibrahim/RobotArmExpanded/install/action_interfaces/include/action_interfaces/action_interfaces/msg/detail/arm_command__rosidl_typesupport_fastrtps_cpp.hpp\n'}
[4.842358] (action_interfaces) StdoutLine: {'line': b'-- Up-to-date: /home/ibrahim/RobotArmExpanded/install/action_interfaces/include/action_interfaces/action_interfaces/msg/detail/dds_fastrtps\n'}
[4.842561] (action_interfaces) StdoutLine: {'line': b'-- Up-to-date: /home/ibrahim/RobotArmExpanded/install/action_interfaces/include/action_interfaces/action_interfaces/action\n'}
[4.842664] (action_interfaces) StdoutLine: {'line': b'-- Up-to-date: /home/ibrahim/RobotArmExpanded/install/action_interfaces/include/action_interfaces/action_interfaces/action/detail\n'}
[4.842725] (action_interfaces) StdoutLine: {'line': b'-- Installing: /home/ibrahim/RobotArmExpanded/install/action_interfaces/include/action_interfaces/action_interfaces/action/detail/move_arm__rosidl_typesupport_fastrtps_cpp.hpp\n'}
[4.842858] (action_interfaces) StdoutLine: {'line': b'-- Up-to-date: /home/ibrahim/RobotArmExpanded/install/action_interfaces/include/action_interfaces/action_interfaces/action/detail/dds_fastrtps\n'}
[4.843157] (action_interfaces) StdoutLine: {'line': b'-- Installing: /home/ibrahim/RobotArmExpanded/install/action_interfaces/lib/libaction_interfaces__rosidl_typesupport_fastrtps_cpp.so\n'}
[4.844482] (action_interfaces) StdoutLine: {'line': b'-- Set runtime path of "/home/ibrahim/RobotArmExpanded/install/action_interfaces/lib/libaction_interfaces__rosidl_typesupport_fastrtps_cpp.so" to ""\n'}
[4.844766] (action_interfaces) StdoutLine: {'line': b'-- Up-to-date: /home/ibrahim/RobotArmExpanded/install/action_interfaces/include/action_interfaces/action_interfaces\n'}
[4.844945] (action_interfaces) StdoutLine: {'line': b'-- Up-to-date: /home/ibrahim/RobotArmExpanded/install/action_interfaces/include/action_interfaces/action_interfaces/srv\n'}
[4.845165] (action_interfaces) StdoutLine: {'line': b'-- Up-to-date: /home/ibrahim/RobotArmExpanded/install/action_interfaces/include/action_interfaces/action_interfaces/srv/detail\n'}
[4.845218] (action_interfaces) StdoutLine: {'line': b'-- Installing: /home/ibrahim/RobotArmExpanded/install/action_interfaces/include/action_interfaces/action_interfaces/srv/detail/check_limits__rosidl_typesupport_introspection_cpp.hpp\n'}
[4.845264] (action_interfaces) StdoutLine: {'line': b'-- Installing: /home/ibrahim/RobotArmExpanded/install/action_interfaces/include/action_interfaces/action_interfaces/srv/detail/check_limits__type_support.cpp\n'}
[4.845364] (action_interfaces) StdoutLine: {'line': b'-- Up-to-date: /home/ibrahim/RobotArmExpanded/install/action_interfaces/include/action_interfaces/action_interfaces/msg\n'}
[4.845509] (action_interfaces) StdoutLine: {'line': b'-- Up-to-date: /home/ibrahim/RobotArmExpanded/install/action_interfaces/include/action_interfaces/action_interfaces/msg/detail\n'}
[4.845567] (action_interfaces) StdoutLine: {'line': b'-- Installing: /home/ibrahim/RobotArmExpanded/install/action_interfaces/include/action_interfaces/action_interfaces/msg/detail/arm_state__type_support.cpp\n'}
[4.845736] (action_interfaces) StdoutLine: {'line': b'-- Installing: /home/ibrahim/RobotArmExpanded/install/action_interfaces/include/action_interfaces/action_interfaces/msg/detail/arm_command__rosidl_typesupport_introspection_cpp.hpp\n'}
[4.846009] (action_interfaces) StdoutLine: {'line': b'-- Installing: /home/ibrahim/RobotArmExpanded/install/action_interfaces/include/action_interfaces/action_interfaces/msg/detail/arm_state__rosidl_typesupport_introspection_cpp.hpp\n'}
[4.846258] (action_interfaces) StdoutLine: {'line': b'-- Installing: /home/ibrahim/RobotArmExpanded/install/action_interfaces/include/action_interfaces/action_interfaces/msg/detail/arm_command__type_support.cpp\n'}
[4.846533] (action_interfaces) StdoutLine: {'line': b'-- Up-to-date: /home/ibrahim/RobotArmExpanded/install/action_interfaces/include/action_interfaces/action_interfaces/action\n'}
[4.846689] (action_interfaces) StdoutLine: {'line': b'-- Up-to-date: /home/ibrahim/RobotArmExpanded/install/action_interfaces/include/action_interfaces/action_interfaces/action/detail\n'}
[4.846766] (action_interfaces) StdoutLine: {'line': b'-- Installing: /home/ibrahim/RobotArmExpanded/install/action_interfaces/include/action_interfaces/action_interfaces/action/detail/move_arm__rosidl_typesupport_introspection_cpp.hpp\n'}
[4.846968] (action_interfaces) StdoutLine: {'line': b'-- Installing: /home/ibrahim/RobotArmExpanded/install/action_interfaces/include/action_interfaces/action_interfaces/action/detail/move_arm__type_support.cpp\n'}
[4.847673] (action_interfaces) StdoutLine: {'line': b'-- Installing: /home/ibrahim/RobotArmExpanded/install/action_interfaces/lib/libaction_interfaces__rosidl_typesupport_introspection_cpp.so\n'}
[4.848539] (action_interfaces) StdoutLine: {'line': b'-- Set runtime path of "/home/ibrahim/RobotArmExpanded/install/action_interfaces/lib/libaction_interfaces__rosidl_typesupport_introspection_cpp.so" to ""\n'}
[4.848737] (action_interfaces) StdoutLine: {'line': b'-- Installing: /home/ibrahim/RobotArmExpanded/install/action_interfaces/lib/libaction_interfaces__rosidl_typesupport_cpp.so\n'}
[4.849391] (action_interfaces) StdoutLine: {'line': b'-- Set runtime path of "/home/ibrahim/RobotArmExpanded/install/action_interfaces/lib/libaction_interfaces__rosidl_typesupport_cpp.so" to ""\n'}
[4.849484] (action_interfaces) StdoutLine: {'line': b'-- Up-to-date: /home/ibrahim/RobotArmExpanded/install/action_interfaces/share/action_interfaces/environment/pythonpath.sh\n'}
[4.849635] (action_interfaces) StdoutLine: {'line': b'-- Installing: /home/ibrahim/RobotArmExpanded/install/action_interfaces/share/action_interfaces/environment/pythonpath.dsv\n'}
[4.849815] (action_interfaces) StdoutLine: {'line': b'-- Up-to-date: /home/ibrahim/RobotArmExpanded/install/action_interfaces/local/lib/python3.10/dist-packages/action_interfaces-0.0.0-py3.10.egg-info\n'}
[4.849931] (action_interfaces) StdoutLine: {'line': b'-- Installing: /home/ibrahim/RobotArmExpanded/install/action_interfaces/local/lib/python3.10/dist-packages/action_interfaces-0.0.0-py3.10.egg-info/top_level.txt\n'}
[4.850274] (action_interfaces) StdoutLine: {'line': b'-- Installing: /home/ibrahim/RobotArmExpanded/install/action_interfaces/local/lib/python3.10/dist-packages/action_interfaces-0.0.0-py3.10.egg-info/PKG-INFO\n'}
[4.850532] (action_interfaces) StdoutLine: {'line': b'-- Installing: /home/ibrahim/RobotArmExpanded/install/action_interfaces/local/lib/python3.10/dist-packages/action_interfaces-0.0.0-py3.10.egg-info/dependency_links.txt\n'}
[4.850764] (action_interfaces) StdoutLine: {'line': b'-- Installing: /home/ibrahim/RobotArmExpanded/install/action_interfaces/local/lib/python3.10/dist-packages/action_interfaces-0.0.0-py3.10.egg-info/SOURCES.txt\n'}
[4.851145] (action_interfaces) StdoutLine: {'line': b'-- Up-to-date: /home/ibrahim/RobotArmExpanded/install/action_interfaces/local/lib/python3.10/dist-packages/action_interfaces\n'}
[4.851294] (action_interfaces) StdoutLine: {'line': b'-- Installing: /home/ibrahim/RobotArmExpanded/install/action_interfaces/local/lib/python3.10/dist-packages/action_interfaces/_action_interfaces_s.ep.rosidl_typesupport_introspection_c.c\n'}
[4.851735] (action_interfaces) StdoutLine: {'line': b'-- Installing: /home/ibrahim/RobotArmExpanded/install/action_interfaces/local/lib/python3.10/dist-packages/action_interfaces/_action_interfaces_s.ep.rosidl_typesupport_c.c\n'}
[4.852344] (action_interfaces) StdoutLine: {'line': b'-- Installing: /home/ibrahim/RobotArmExpanded/install/action_interfaces/local/lib/python3.10/dist-packages/action_interfaces/action_interfaces_s__rosidl_typesupport_fastrtps_c.cpython-310-x86_64-linux-gnu.so\n'}
[4.852773] (action_interfaces) StdoutLine: {'line': b'-- Up-to-date: /home/ibrahim/RobotArmExpanded/install/action_interfaces/local/lib/python3.10/dist-packages/action_interfaces/srv\n'}
[4.852968] (action_interfaces) StdoutLine: {'line': b'-- Installing: /home/ibrahim/RobotArmExpanded/install/action_interfaces/local/lib/python3.10/dist-packages/action_interfaces/srv/_check_limits.py\n'}
[4.853150] (action_interfaces) StdoutLine: {'line': b'-- Installing: /home/ibrahim/RobotArmExpanded/install/action_interfaces/local/lib/python3.10/dist-packages/action_interfaces/srv/__init__.py\n'}
[4.853420] (action_interfaces) StdoutLine: {'line': b'-- Installing: /home/ibrahim/RobotArmExpanded/install/action_interfaces/local/lib/python3.10/dist-packages/action_interfaces/srv/_check_limits_s.c\n'}
[4.853649] (action_interfaces) StdoutLine: {'line': b'-- Installing: /home/ibrahim/RobotArmExpanded/install/action_interfaces/local/lib/python3.10/dist-packages/action_interfaces/_action_interfaces_s.ep.rosidl_typesupport_fastrtps_c.c\n'}
[4.854098] (action_interfaces) StdoutLine: {'line': b'-- Installing: /home/ibrahim/RobotArmExpanded/install/action_interfaces/local/lib/python3.10/dist-packages/action_interfaces/libaction_interfaces__rosidl_generator_py.so\n'}
[4.854544] (action_interfaces) StdoutLine: {'line': b'-- Up-to-date: /home/ibrahim/RobotArmExpanded/install/action_interfaces/local/lib/python3.10/dist-packages/action_interfaces/msg\n'}
[4.854676] (action_interfaces) StdoutLine: {'line': b'-- Installing: /home/ibrahim/RobotArmExpanded/install/action_interfaces/local/lib/python3.10/dist-packages/action_interfaces/msg/_arm_state_s.c\n'}
[4.854908] (action_interfaces) StdoutLine: {'line': b'-- Installing: /home/ibrahim/RobotArmExpanded/install/action_interfaces/local/lib/python3.10/dist-packages/action_interfaces/msg/_arm_state.py\n'}
[4.855127] (action_interfaces) StdoutLine: {'line': b'-- Installing: /home/ibrahim/RobotArmExpanded/install/action_interfaces/local/lib/python3.10/dist-packages/action_interfaces/msg/_arm_command_s.c\n'}
[4.855438] (action_interfaces) StdoutLine: {'line': b'-- Installing: /home/ibrahim/RobotArmExpanded/install/action_interfaces/local/lib/python3.10/dist-packages/action_interfaces/msg/__init__.py\n'}
[4.855695] (action_interfaces) StdoutLine: {'line': b'-- Installing: /home/ibrahim/RobotArmExpanded/install/action_interfaces/local/lib/python3.10/dist-packages/action_interfaces/msg/_arm_command.py\n'}
[4.855997] (action_interfaces) StdoutLine: {'line': b'-- Installing: /home/ibrahim/RobotArmExpanded/install/action_interfaces/local/lib/python3.10/dist-packages/action_interfaces/action_interfaces_s__rosidl_typesupport_introspection_c.cpython-310-x86_64-linux-gnu.so\n'}
[4.856412] (action_interfaces) StdoutLine: {'line': b'-- Up-to-date: /home/ibrahim/RobotArmExpanded/install/action_interfaces/local/lib/python3.10/dist-packages/action_interfaces/action\n'}
[4.856620] (action_interfaces) StdoutLine: {'line': b'-- Installing: /home/ibrahim/RobotArmExpanded/install/action_interfaces/local/lib/python3.10/dist-packages/action_interfaces/action/_move_arm.py\n'}
[4.856954] (action_interfaces) StdoutLine: {'line': b'-- Installing: /home/ibrahim/RobotArmExpanded/install/action_interfaces/local/lib/python3.10/dist-packages/action_interfaces/action/_move_arm_s.c\n'}
[4.857410] (action_interfaces) StdoutLine: {'line': b'-- Installing: /home/ibrahim/RobotArmExpanded/install/action_interfaces/local/lib/python3.10/dist-packages/action_interfaces/action/__init__.py\n'}
[4.857647] (action_interfaces) StdoutLine: {'line': b'-- Installing: /home/ibrahim/RobotArmExpanded/install/action_interfaces/local/lib/python3.10/dist-packages/action_interfaces/__init__.py\n'}
[4.857863] (action_interfaces) StdoutLine: {'line': b'-- Installing: /home/ibrahim/RobotArmExpanded/install/action_interfaces/local/lib/python3.10/dist-packages/action_interfaces/action_interfaces_s__rosidl_typesupport_c.cpython-310-x86_64-linux-gnu.so\n'}
[4.905419] (action_interfaces) StdoutLine: {'line': b"Listing '/home/ibrahim/RobotArmExpanded/install/action_interfaces/local/lib/python3.10/dist-packages/action_interfaces'...\n"}
[4.905666] (action_interfaces) StdoutLine: {'line': b"Compiling '/home/ibrahim/RobotArmExpanded/install/action_interfaces/local/lib/python3.10/dist-packages/action_interfaces/__init__.py'...\n"}
[4.905721] (action_interfaces) StdoutLine: {'line': b"Listing '/home/ibrahim/RobotArmExpanded/install/action_interfaces/local/lib/python3.10/dist-packages/action_interfaces/action'...\n"}
[4.905766] (action_interfaces) StdoutLine: {'line': b"Compiling '/home/ibrahim/RobotArmExpanded/install/action_interfaces/local/lib/python3.10/dist-packages/action_interfaces/action/__init__.py'...\n"}
[4.905797] (action_interfaces) StdoutLine: {'line': b"Compiling '/home/ibrahim/RobotArmExpanded/install/action_interfaces/local/lib/python3.10/dist-packages/action_interfaces/action/_move_arm.py'...\n"}
[4.905824] (action_interfaces) StdoutLine: {'line': b"Listing '/home/ibrahim/RobotArmExpanded/install/action_interfaces/local/lib/python3.10/dist-packages/action_interfaces/msg'...\n"}
[4.905850] (action_interfaces) StdoutLine: {'line': b"Compiling '/home/ibrahim/RobotArmExpanded/install/action_interfaces/local/lib/python3.10/dist-packages/action_interfaces/msg/__init__.py'...\n"}
[4.905882] (action_interfaces) StdoutLine: {'line': b"Compiling '/home/ibrahim/RobotArmExpanded/install/action_interfaces/local/lib/python3.10/dist-packages/action_interfaces/msg/_arm_command.py'...\n"}
[4.905908] (action_interfaces) StdoutLine: {'line': b"Compiling '/home/ibrahim/RobotArmExpanded/install/action_interfaces/local/lib/python3.10/dist-packages/action_interfaces/msg/_arm_state.py'...\n"}
[4.905950] (action_interfaces) StdoutLine: {'line': b"Listing '/home/ibrahim/RobotArmExpanded/install/action_interfaces/local/lib/python3.10/dist-packages/action_interfaces/srv'...\n"}
[4.905980] (action_interfaces) StdoutLine: {'line': b"Compiling '/home/ibrahim/RobotArmExpanded/install/action_interfaces/local/lib/python3.10/dist-packages/action_interfaces/srv/__init__.py'...\n"}
[4.906009] (action_interfaces) StdoutLine: {'line': b"Compiling '/home/ibrahim/RobotArmExpanded/install/action_interfaces/local/lib/python3.10/dist-packages/action_interfaces/srv/_check_limits.py'...\n"}
[4.910234] (action_interfaces) StdoutLine: {'line': b'-- Installing: /home/ibrahim/RobotArmExpanded/install/action_interfaces/local/lib/python3.10/dist-packages/action_interfaces/action_interfaces_s__rosidl_typesupport_fastrtps_c.cpython-310-x86_64-linux-gnu.so\n'}
[4.910689] (action_interfaces) StdoutLine: {'line': b'-- Set runtime path of "/home/ibrahim/RobotArmExpanded/install/action_interfaces/local/lib/python3.10/dist-packages/action_interfaces/action_interfaces_s__rosidl_typesupport_fastrtps_c.cpython-310-x86_64-linux-gnu.so" to ""\n'}
[4.910929] (action_interfaces) StdoutLine: {'line': b'-- Installing: /home/ibrahim/RobotArmExpanded/install/action_interfaces/local/lib/python3.10/dist-packages/action_interfaces/action_interfaces_s__rosidl_typesupport_introspection_c.cpython-310-x86_64-linux-gnu.so\n'}
[4.911402] (action_interfaces) StdoutLine: {'line': b'-- Set runtime path of "/home/ibrahim/RobotArmExpanded/install/action_interfaces/local/lib/python3.10/dist-packages/action_interfaces/action_interfaces_s__rosidl_typesupport_introspection_c.cpython-310-x86_64-linux-gnu.so" to ""\n'}
[4.911709] (action_interfaces) StdoutLine: {'line': b'-- Installing: /home/ibrahim/RobotArmExpanded/install/action_interfaces/local/lib/python3.10/dist-packages/action_interfaces/action_interfaces_s__rosidl_typesupport_c.cpython-310-x86_64-linux-gnu.so\n'}
[4.912130] (action_interfaces) StdoutLine: {'line': b'-- Set runtime path of "/home/ibrahim/RobotArmExpanded/install/action_interfaces/local/lib/python3.10/dist-packages/action_interfaces/action_interfaces_s__rosidl_typesupport_c.cpython-310-x86_64-linux-gnu.so" to ""\n'}
[4.912403] (action_interfaces) StdoutLine: {'line': b'-- Installing: /home/ibrahim/RobotArmExpanded/install/action_interfaces/lib/libaction_interfaces__rosidl_generator_py.so\n'}
[4.913053] (action_interfaces) StdoutLine: {'line': b'-- Set runtime path of "/home/ibrahim/RobotArmExpanded/install/action_interfaces/lib/libaction_interfaces__rosidl_generator_py.so" to ""\n'}
[4.913267] (action_interfaces) StdoutLine: {'line': b'-- Up-to-date: /home/ibrahim/RobotArmExpanded/install/action_interfaces/share/ament_index/resource_index/rust_packages/action_interfaces\n'}
[4.913421] (action_interfaces) StdoutLine: {'line': b'-- Up-to-date: /home/ibrahim/RobotArmExpanded/install/action_interfaces/share/action_interfaces/rust\n'}
[4.913478] (action_interfaces) StdoutLine: {'line': b'-- Up-to-date: /home/ibrahim/RobotArmExpanded/install/action_interfaces/share/action_interfaces/rust/src\n'}
[4.913516] (action_interfaces) StdoutLine: {'line': b'-- Installing: /home/ibrahim/RobotArmExpanded/install/action_interfaces/share/action_interfaces/rust/src/action.rs\n'}
[4.913631] (action_interfaces) StdoutLine: {'line': b'-- Installing: /home/ibrahim/RobotArmExpanded/install/action_interfaces/share/action_interfaces/rust/src/msg.rs\n'}
[4.913875] (action_interfaces) StdoutLine: {'line': b'-- Installing: /home/ibrahim/RobotArmExpanded/install/action_interfaces/share/action_interfaces/rust/src/lib.rs\n'}
[4.914096] (action_interfaces) StdoutLine: {'line': b'-- Up-to-date: /home/ibrahim/RobotArmExpanded/install/action_interfaces/share/action_interfaces/rust/src/srv\n'}
[4.914236] (action_interfaces) StdoutLine: {'line': b'-- Installing: /home/ibrahim/RobotArmExpanded/install/action_interfaces/share/action_interfaces/rust/src/srv/rmw.rs\n'}
[4.914431] (action_interfaces) StdoutLine: {'line': b'-- Up-to-date: /home/ibrahim/RobotArmExpanded/install/action_interfaces/share/action_interfaces/rust/src/msg\n'}
[4.914575] (action_interfaces) StdoutLine: {'line': b'-- Installing: /home/ibrahim/RobotArmExpanded/install/action_interfaces/share/action_interfaces/rust/src/msg/rmw.rs\n'}
[4.914801] (action_interfaces) StdoutLine: {'line': b'-- Up-to-date: /home/ibrahim/RobotArmExpanded/install/action_interfaces/share/action_interfaces/rust/src/action\n'}
[4.914974] (action_interfaces) StdoutLine: {'line': b'-- Installing: /home/ibrahim/RobotArmExpanded/install/action_interfaces/share/action_interfaces/rust/src/action/rmw.rs\n'}
[4.915053] (-) TimerEvent: {}
[4.915292] (action_interfaces) StdoutLine: {'line': b'-- Installing: /home/ibrahim/RobotArmExpanded/install/action_interfaces/share/action_interfaces/rust/src/srv.rs\n'}
[4.915440] (action_interfaces) StdoutLine: {'line': b'-- Installing: /home/ibrahim/RobotArmExpanded/install/action_interfaces/share/action_interfaces/rust/build.rs\n'}
[4.915737] (action_interfaces) StdoutLine: {'line': b'-- Installing: /home/ibrahim/RobotArmExpanded/install/action_interfaces/share/action_interfaces/rust/Cargo.toml\n'}
[4.916067] (action_interfaces) StdoutLine: {'line': b'-- Installing: /home/ibrahim/RobotArmExpanded/install/action_interfaces/share/action_interfaces/msg/ArmState.idl\n'}
[4.916343] (action_interfaces) StdoutLine: {'line': b'-- Installing: /home/ibrahim/RobotArmExpanded/install/action_interfaces/share/action_interfaces/msg/ArmCommand.idl\n'}
[4.916595] (action_interfaces) StdoutLine: {'line': b'-- Installing: /home/ibrahim/RobotArmExpanded/install/action_interfaces/share/action_interfaces/srv/CheckLimits.idl\n'}
[4.916884] (action_interfaces) StdoutLine: {'line': b'-- Installing: /home/ibrahim/RobotArmExpanded/install/action_interfaces/share/action_interfaces/action/MoveArm.idl\n'}
[4.917188] (action_interfaces) StdoutLine: {'line': b'-- Installing: /home/ibrahim/RobotArmExpanded/install/action_interfaces/share/action_interfaces/msg/ArmState.msg\n'}
[4.917544] (action_interfaces) StdoutLine: {'line': b'-- Installing: /home/ibrahim/RobotArmExpanded/install/action_interfaces/share/action_interfaces/msg/ArmCommand.msg\n'}
[4.917821] (action_interfaces) StdoutLine: {'line': b'-- Installing: /home/ibrahim/RobotArmExpanded/install/action_interfaces/share/action_interfaces/srv/CheckLimits.srv\n'}
[4.918081] (action_interfaces) StdoutLine: {'line': b'-- Installing: /home/ibrahim/RobotArmExpanded/install/action_interfaces/share/action_interfaces/srv/CheckLimits_Request.msg\n'}
[4.918300] (action_interfaces) StdoutLine: {'line': b'-- Up-to-date: /home/ibrahim/RobotArmExpanded/install/action_interfaces/share/action_interfaces/srv/CheckLimits_Response.msg\n'}
[4.918468] (action_interfaces) StdoutLine: {'line': b'-- Installing: /home/ibrahim/RobotArmExpanded/install/action_interfaces/share/action_interfaces/action/MoveArm.action\n'}
[4.918680] (action_interfaces) StdoutLine: {'line': b'-- Up-to-date: /home/ibrahim/RobotArmExpanded/install/action_interfaces/share/ament_index/resource_index/package_run_dependencies/action_interfaces\n'}
[4.918879] (action_interfaces) StdoutLine: {'line': b'-- Installing: /home/ibrahim/RobotArmExpanded/install/action_interfaces/share/ament_index/resource_index/parent_prefix_path/action_interfaces\n'}
[4.919147] (action_interfaces) StdoutLine: {'line': b'-- Up-to-date: /home/ibrahim/RobotArmExpanded/install/action_interfaces/share/action_interfaces/environment/ament_prefix_path.sh\n'}
[4.919292] (action_interfaces) StdoutLine: {'line': b'-- Installing: /home/ibrahim/RobotArmExpanded/install/action_interfaces/share/action_interfaces/environment/ament_prefix_path.dsv\n'}
[4.919564] (action_interfaces) StdoutLine: {'line': b'-- Up-to-date: /home/ibrahim/RobotArmExpanded/install/action_interfaces/share/action_interfaces/environment/path.sh\n'}
[4.919762] (action_interfaces) StdoutLine: {'line': b'-- Installing: /home/ibrahim/RobotArmExpanded/install/action_interfaces/share/action_interfaces/environment/path.dsv\n'}
[4.919950] (action_interfaces) StdoutLine: {'line': b'-- Up-to-date: /home/ibrahim/RobotArmExpanded/install/action_interfaces/share/action_interfaces/local_setup.bash\n'}
[4.920090] (action_interfaces) StdoutLine: {'line': b'-- Up-to-date: /home/ibrahim/RobotArmExpanded/install/action_interfaces/share/action_interfaces/local_setup.sh\n'}
[4.920248] (action_interfaces) StdoutLine: {'line': b'-- Up-to-date: /home/ibrahim/RobotArmExpanded/install/action_interfaces/share/action_interfaces/local_setup.zsh\n'}
[4.920300] (action_interfaces) StdoutLine: {'line': b'-- Installing: /home/ibrahim/RobotArmExpanded/install/action_interfaces/share/action_interfaces/local_setup.dsv\n'}
[4.920460] (action_interfaces) StdoutLine: {'line': b'-- Installing: /home/ibrahim/RobotArmExpanded/install/action_interfaces/share/action_interfaces/package.dsv\n'}
[4.920820] (action_interfaces) StdoutLine: {'line': b'-- Up-to-date: /home/ibrahim/RobotArmExpanded/install/action_interfaces/share/ament_index/resource_index/packages/action_interfaces\n'}
[4.920975] (action_interfaces) StdoutLine: {'line': b'-- Up-to-date: /home/ibrahim/RobotArmExpanded/install/action_interfaces/share/action_interfaces/cmake/export_action_interfaces__rosidl_generator_cExport.cmake\n'}
[4.921140] (action_interfaces) StdoutLine: {'line': b'-- Up-to-date: /home/ibrahim/RobotArmExpanded/install/action_interfaces/share/action_interfaces/cmake/export_action_interfaces__rosidl_generator_cExport-noconfig.cmake\n'}
[4.921305] (action_interfaces) StdoutLine: {'line': b'-- Up-to-date: /home/ibrahim/RobotArmExpanded/install/action_interfaces/share/action_interfaces/cmake/export_action_interfaces__rosidl_typesupport_fastrtps_cExport.cmake\n'}
[4.921598] (action_interfaces) StdoutLine: {'line': b'-- Up-to-date: /home/ibrahim/RobotArmExpanded/install/action_interfaces/share/action_interfaces/cmake/export_action_interfaces__rosidl_typesupport_fastrtps_cExport-noconfig.cmake\n'}
[4.921684] (action_interfaces) StdoutLine: {'line': b'-- Up-to-date: /home/ibrahim/RobotArmExpanded/install/action_interfaces/share/action_interfaces/cmake/action_interfaces__rosidl_typesupport_introspection_cExport.cmake\n'}
[4.921720] (action_interfaces) StdoutLine: {'line': b'-- Up-to-date: /home/ibrahim/RobotArmExpanded/install/action_interfaces/share/action_interfaces/cmake/action_interfaces__rosidl_typesupport_introspection_cExport-noconfig.cmake\n'}
[4.921841] (action_interfaces) StdoutLine: {'line': b'-- Up-to-date: /home/ibrahim/RobotArmExpanded/install/action_interfaces/share/action_interfaces/cmake/action_interfaces__rosidl_typesupport_cExport.cmake\n'}
[4.921965] (action_interfaces) StdoutLine: {'line': b'-- Up-to-date: /home/ibrahim/RobotArmExpanded/install/action_interfaces/share/action_interfaces/cmake/action_interfaces__rosidl_typesupport_cExport-noconfig.cmake\n'}
[4.922138] (action_interfaces) StdoutLine: {'line': b'-- Up-to-date: /home/ibrahim/RobotArmExpanded/install/action_interfaces/share/action_interfaces/cmake/export_action_interfaces__rosidl_generator_cppExport.cmake\n'}
[4.922355] (action_interfaces) StdoutLine: {'line': b'-- Up-to-date: /home/ibrahim/RobotArmExpanded/install/action_interfaces/share/action_interfaces/cmake/export_action_interfaces__rosidl_typesupport_fastrtps_cppExport.cmake\n'}
[4.922536] (action_interfaces) StdoutLine: {'line': b'-- Up-to-date: /home/ibrahim/RobotArmExpanded/install/action_interfaces/share/action_interfaces/cmake/export_action_interfaces__rosidl_typesupport_fastrtps_cppExport-noconfig.cmake\n'}
[4.922595] (action_interfaces) StdoutLine: {'line': b'-- Up-to-date: /home/ibrahim/RobotArmExpanded/install/action_interfaces/share/action_interfaces/cmake/action_interfaces__rosidl_typesupport_introspection_cppExport.cmake\n'}
[4.922682] (action_interfaces) StdoutLine: {'line': b'-- Up-to-date: /home/ibrahim/RobotArmExpanded/install/action_interfaces/share/action_interfaces/cmake/action_interfaces__rosidl_typesupport_introspection_cppExport-noconfig.cmake\n'}
[4.922894] (action_interfaces) StdoutLine: {'line': b'-- Up-to-date: /home/ibrahim/RobotArmExpanded/install/action_interfaces/share/action_interfaces/cmake/action_interfaces__rosidl_typesupport_cppExport.cmake\n'}
[4.923052] (action_interfaces) StdoutLine: {'line': b'-- Up-to-date: /home/ibrahim/RobotArmExpanded/install/action_interfaces/share/action_interfaces/cmake/action_interfaces__rosidl_typesupport_cppExport-noconfig.cmake\n'}
[4.923206] (action_interfaces) StdoutLine: {'line': b'-- Up-to-date: /home/ibrahim/RobotArmExpanded/install/action_interfaces/share/action_interfaces/cmake/export_action_interfaces__rosidl_generator_pyExport.cmake\n'}
[4.923512] (action_interfaces) StdoutLine: {'line': b'-- Up-to-date: /home/ibrahim/RobotArmExpanded/install/action_interfaces/share/action_interfaces/cmake/export_action_interfaces__rosidl_generator_pyExport-noconfig.cmake\n'}
[4.923900] (action_interfaces) StdoutLine: {'line': b'-- Up-to-date: /home/ibrahim/RobotArmExpanded/install/action_interfaces/share/action_interfaces/cmake/rosidl_cmake-extras.cmake\n'}
[4.924132] (action_interfaces) StdoutLine: {'line': b'-- Up-to-date: /home/ibrahim/RobotArmExpanded/install/action_interfaces/share/action_interfaces/cmake/ament_cmake_export_dependencies-extras.cmake\n'}
[4.924230] (action_interfaces) StdoutLine: {'line': b'-- Up-to-date: /home/ibrahim/RobotArmExpanded/install/action_interfaces/share/action_interfaces/cmake/ament_cmake_export_include_directories-extras.cmake\n'}
[4.924273] (action_interfaces) StdoutLine: {'line': b'-- Up-to-date: /home/ibrahim/RobotArmExpanded/install/action_interfaces/share/action_interfaces/cmake/ament_cmake_export_libraries-extras.cmake\n'}
[4.924305] (action_interfaces) StdoutLine: {'line': b'-- Up-to-date: /home/ibrahim/RobotArmExpanded/install/action_interfaces/share/action_interfaces/cmake/ament_cmake_export_targets-extras.cmake\n'}
[4.924340] (action_interfaces) StdoutLine: {'line': b'-- Up-to-date: /home/ibrahim/RobotArmExpanded/install/action_interfaces/share/action_interfaces/cmake/rosidl_cmake_export_typesupport_targets-extras.cmake\n'}
[4.924374] (action_interfaces) StdoutLine: {'line': b'-- Up-to-date: /home/ibrahim/RobotArmExpanded/install/action_interfaces/share/action_interfaces/cmake/rosidl_cmake_export_typesupport_libraries-extras.cmake\n'}
[4.924401] (action_interfaces) StdoutLine: {'line': b'-- Up-to-date: /home/ibrahim/RobotArmExpanded/install/action_interfaces/share/action_interfaces/cmake/action_interfacesConfig.cmake\n'}
[4.924436] (action_interfaces) StdoutLine: {'line': b'-- Up-to-date: /home/ibrahim/RobotArmExpanded/install/action_interfaces/share/action_interfaces/cmake/action_interfacesConfig-version.cmake\n'}
[4.924479] (action_interfaces) StdoutLine: {'line': b'-- Up-to-date: /home/ibrahim/RobotArmExpanded/install/action_interfaces/share/action_interfaces/package.xml\n'}
[4.927445] (action_interfaces) CommandEnded: {'returncode': 0}
[4.959183] (action_interfaces) JobEnded: {'identifier': 'action_interfaces', 'rc': 0}
[4.960821] (main_arm_package) JobStarted: {'identifier': 'main_arm_package'}
[5.015292] (-) TimerEvent: {}
[5.054719] (main_arm_package) JobProgress: {'identifier': 'main_arm_package', 'progress': 'cmake'}
[5.056148] (main_arm_package) JobProgress: {'identifier': 'main_arm_package', 'progress': 'build'}
[5.057838] (main_arm_package) Command: {'cmd': ['/usr/bin/cmake', '--build', '/home/ibrahim/RobotArmExpanded/build/main_arm_package', '--', '-j16', '-l16'], 'cwd': '/home/ibrahim/RobotArmExpanded/build/main_arm_package', 'env': OrderedDict([('PYTHON_BASIC_REPL', '1'), ('LESSOPEN', '| /usr/bin/lesspipe %s'), ('USER', 'ibrahim'), ('GIT_ASKPASS', '/home/ibrahim/.vscode-server/bin/0958016b2af9f09bb4257e0df4a95e2f90590f9f/extensions/git/dist/askpass.sh'), ('SHLVL', '1'), ('LD_LIBRARY_PATH', '/home/ibrahim/RobotArmExpanded/install/action_interfaces/lib:/home/ibrahim/RobotArm/install/action_interfaces/lib:/home/ibrahim/RobotNav/install/action_interfaces/lib:/home/ibrahim/ros2_ws/install/action_interfaces/lib:/usr/lib/x86_64-linux-gnu/gazebo-11/plugins:/opt/ros/humble/opt/rviz_ogre_vendor/lib:/opt/ros/humble/lib/x86_64-linux-gnu:/opt/ros/humble/lib'), ('MOTD_SHOWN', 'update-motd'), ('HOME', '/home/ibrahim'), ('TERM_PROGRAM_VERSION', '1.120.0'), ('VSCODE_IPC_HOOK_CLI', '/run/user/1000/vscode-ipc-b8f4ced1-f37a-407a-9d2f-43a7d1d5cfe8.sock'), ('ROS_PYTHON_VERSION', '3'), ('VSCODE_GIT_ASKPASS_MAIN', '/home/ibrahim/.vscode-server/bin/0958016b2af9f09bb4257e0df4a95e2f90590f9f/extensions/git/dist/askpass-main.js'), ('VSCODE_GIT_ASKPASS_NODE', '/home/ibrahim/.vscode-server/bin/0958016b2af9f09bb4257e0df4a95e2f90590f9f/node'), ('PYDEVD_DISABLE_FILE_VALIDATION', '1'), ('BUNDLED_DEBUGPY_PATH', '/home/ibrahim/.vscode-server/extensions/ms-python.debugpy-2026.6.0-linux-x64/bundled/libs/debugpy'), ('VSCODE_PYTHON_AUTOACTIVATE_GUARD', '1'), ('DBUS_SESSION_BUS_ADDRESS', 'unix:path=/run/user/1000/bus'), ('COLORTERM', 'truecolor'), ('WSL_DISTRO_NAME', 'Ubuntu-22.04'), ('WAYLAND_DISPLAY', 'wayland-0'), ('COLCON_PREFIX_PATH', '/home/ibrahim/RobotArmExpanded/install:/home/ibrahim/RobotArm/install:/home/ibrahim/TF2Sample/install:/home/ibrahim/RobotNav/install:/home/ibrahim/RobotMonitor/install:/home/ibrahim/ros2_ws/install'), ('ROS_DISTRO', 'humble'), ('LOGNAME', 'ibrahim'), ('NAME', 'Ibrahim-laptop'), ('WSL_INTEROP', '/run/WSL/52905_interop'), ('PULSE_SERVER', 'unix:/mnt/wslg/PulseServer'), ('_', '/usr/bin/colcon'), ('ROS_VERSION', '2'), ('CLAUDE_CODE_SSE_PORT', '46455'), ('TERM', 'xterm-256color'), ('ROS_LOCALHOST_ONLY', '0'), ('PATH', '/home/ibrahim/.vscode-server/data/User/globalStorage/github.copilot-chat/debugCommand:/home/ibrahim/.vscode-server/data/User/globalStorage/github.copilot-chat/copilotCli:/home/ibrahim/.vscode-server/bin/0958016b2af9f09bb4257e0df4a95e2f90590f9f/bin/remote-cli:/opt/ros/humble/bin:/usr/local/sbin:/usr/local/bin:/usr/sbin:/usr/bin:/sbin:/bin:/usr/games:/usr/local/games:/usr/lib/wsl/lib:/mnt/c/Users/zanto/AppData/Local/Programs/Microsoft VS Code:/mnt/c/Windows/system32:/mnt/c/Windows:/mnt/c/Windows/System32/Wbem:/mnt/c/Windows/System32/WindowsPowerShell/v1.0/:/mnt/c/Windows/System32/OpenSSH/:/mnt/c/Program Files (x86)/NVIDIA Corporation/PhysX/Common:/mnt/c/Program Files/NVIDIA Corporation/NVIDIA App/NvDLISR:/mnt/c/Program Files/dotnet/:/mnt/c/Program Files/nodejs/:/mnt/c/Program Files/Git/cmd:/mnt/c/Program Files/PostgreSQL/18/bin:/mnt/c/Users/zanto/.local/bin:/mnt/c/Program Files/Docker/Docker/resources/bin:/mnt/c/Program Files/GitHub CLI/:/mnt/c/Users/zanto/AppData/Local/Programs/Python/Python312/Scripts/:/mnt/c/Users/zanto/AppData/Local/Programs/Python/Python312/:/mnt/c/Users/zanto/AppData/Local/Programs/Python/Python314/Scripts/:/mnt/c/Users/zanto/AppData/Local/Programs/Python/Python314/:/mnt/c/Users/zanto/AppData/Local/Microsoft/WindowsApps:/mnt/c/Users/zanto/AppData/Local/Programs/Microsoft VS Code/bin:/mnt/c/Users/zanto/AppData/Local/Programs/Ollama:/mnt/c/Users/zanto/AppData/Roaming/npm:/mnt/c/msys64/ucrt64/bin:/snap/bin:/home/ibrahim/.vscode-server/extensions/ms-python.debugpy-2026.6.0-linux-x64/bundled/scripts/noConfigScripts'), ('XDG_RUNTIME_DIR', '/run/user/1000/'), ('DISPLAY', ':0'), ('VSCODE_DEBUGPY_ADAPTER_ENDPOINTS', '/home/ibrahim/.vscode-server/extensions/ms-python.debugpy-2026.6.0-linux-x64/.noConfigDebugAdapterEndpoints/endpoint-b792fa2e8964025e.txt'), ('LANG', 'C.UTF-8'), ('PYTHONSTARTUP', '/home/ibrahim/.vscode-server/data/User/workspaceStorage/e80122f58dd8365232b0ea725993d05e/ms-python.python/pythonrc.py'), ('LS_COLORS', 'rs=0:di=01;34:ln=01;36:mh=00:pi=40;33:so=01;35:do=01;35:bd=40;33;01:cd=40;33;01:or=40;31;01:mi=00:su=37;41:sg=30;43:ca=30;41:tw=30;42:ow=34;42:st=37;44:ex=01;32:*.tar=01;31:*.tgz=01;31:*.arc=01;31:*.arj=01;31:*.taz=01;31:*.lha=01;31:*.lz4=01;31:*.lzh=01;31:*.lzma=01;31:*.tlz=01;31:*.txz=01;31:*.tzo=01;31:*.t7z=01;31:*.zip=01;31:*.z=01;31:*.dz=01;31:*.gz=01;31:*.lrz=01;31:*.lz=01;31:*.lzo=01;31:*.xz=01;31:*.zst=01;31:*.tzst=01;31:*.bz2=01;31:*.bz=01;31:*.tbz=01;31:*.tbz2=01;31:*.tz=01;31:*.deb=01;31:*.rpm=01;31:*.jar=01;31:*.war=01;31:*.ear=01;31:*.sar=01;31:*.rar=01;31:*.alz=01;31:*.ace=01;31:*.zoo=01;31:*.cpio=01;31:*.7z=01;31:*.rz=01;31:*.cab=01;31:*.wim=01;31:*.swm=01;31:*.dwm=01;31:*.esd=01;31:*.jpg=01;35:*.jpeg=01;35:*.mjpg=01;35:*.mjpeg=01;35:*.gif=01;35:*.bmp=01;35:*.pbm=01;35:*.pgm=01;35:*.ppm=01;35:*.tga=01;35:*.xbm=01;35:*.xpm=01;35:*.tif=01;35:*.tiff=01;35:*.png=01;35:*.svg=01;35:*.svgz=01;35:*.mng=01;35:*.pcx=01;35:*.mov=01;35:*.mpg=01;35:*.mpeg=01;35:*.m2v=01;35:*.mkv=01;35:*.webm=01;35:*.webp=01;35:*.ogm=01;35:*.mp4=01;35:*.m4v=01;35:*.mp4v=01;35:*.vob=01;35:*.qt=01;35:*.nuv=01;35:*.wmv=01;35:*.asf=01;35:*.rm=01;35:*.rmvb=01;35:*.flc=01;35:*.avi=01;35:*.fli=01;35:*.flv=01;35:*.gl=01;35:*.dl=01;35:*.xcf=01;35:*.xwd=01;35:*.yuv=01;35:*.cgm=01;35:*.emf=01;35:*.ogv=01;35:*.ogx=01;35:*.aac=00;36:*.au=00;36:*.flac=00;36:*.m4a=00;36:*.mid=00;36:*.midi=00;36:*.mka=00;36:*.mp3=00;36:*.mpc=00;36:*.ogg=00;36:*.ra=00;36:*.wav=00;36:*.oga=00;36:*.opus=00;36:*.spx=00;36:*.xspf=00;36:'), ('VSCODE_GIT_IPC_HANDLE', '/run/user/1000/vscode-git-fffe7d841c.sock'), ('TERM_PROGRAM', 'vscode'), ('ROS_DOMAIN_ID', '10'), ('AMENT_PREFIX_PATH', '/home/ibrahim/RobotArmExpanded/install/main_arm_package:/home/ibrahim/RobotArmExpanded/install/action_interfaces:/home/ibrahim/RobotArm/install/main_arm_package:/home/ibrahim/RobotArm/install/action_interfaces:/home/ibrahim/TF2Sample/install/tf2sim:/home/ibrahim/RobotNav/install/main_robot_nodes:/home/ibrahim/RobotNav/install/action_interfaces:/home/ibrahim/RobotMonitor/install/Robot3Node_Package:/home/ibrahim/ros2_ws/install/my_first_package:/home/ibrahim/ros2_ws/install/action_interfaces:/opt/ros/humble'), ('SHELL', '/bin/bash'), ('LESSCLOSE', '/usr/bin/lesspipe %s %s'), ('VSCODE_GIT_ASKPASS_EXTRA_ARGS', ''), ('PWD', '/home/ibrahim/RobotArmExpanded/build/main_arm_package'), ('XDG_DATA_DIRS', '/usr/local/share:/usr/share:/var/lib/snapd/desktop'), ('PYTHONPATH', '/home/ibrahim/RobotArmExpanded/install/action_interfaces/local/lib/python3.10/dist-packages:/home/ibrahim/RobotArm/install/action_interfaces/local/lib/python3.10/dist-packages:/home/ibrahim/RobotNav/install/action_interfaces/local/lib/python3.10/dist-packages:/home/ibrahim/ros2_ws/install/action_interfaces/local/lib/python3.10/dist-packages:/opt/ros/humble/lib/python3.10/site-packages:/opt/ros/humble/local/lib/python3.10/dist-packages'), ('COLCON', '1'), ('WSL2_GUI_APPS_ENABLED', '1'), ('HOSTTYPE', 'x86_64'), ('CMAKE_PREFIX_PATH', '/home/ibrahim/RobotArmExpanded/install/action_interfaces:/home/ibrahim/RobotArmExpanded/install/main_arm_package:/home/ibrahim/TF2Sample/install/tf2sim:/home/ibrahim/RobotNav/install/main_robot_nodes:/home/ibrahim/RobotNav/install/action_interfaces:/home/ibrahim/RobotMonitor/install/Robot3Node_Package:/home/ibrahim/ros2_ws/install/my_first_package:/home/ibrahim/ros2_ws/install/action_interfaces:/home/ibrahim/RobotArm/install/main_arm_package:/home/ibrahim/RobotArm/install/action_interfaces:/opt/ros/humble'), ('WSLENV', 'VSCODE_WSL_EXT_LOCATION/up')]), 'shell': False}
[5.115489] (-) TimerEvent: {}
[5.136882] (main_arm_package) StdoutLine: {'line': b'[ 37%] \x1b[32mBuilding CXX object CMakeFiles/ArmClient.dir/src/ArmClient.cpp.o\x1b[0m\n'}
[5.137152] (main_arm_package) StdoutLine: {'line': b'[ 37%] \x1b[32mBuilding CXX object CMakeFiles/ArmController.dir/src/ArmController.cpp.o\x1b[0m\n'}
[5.137225] (main_arm_package) StdoutLine: {'line': b'[ 37%] \x1b[32mBuilding CXX object CMakeFiles/ArmMonitor.dir/src/ArmMonitor.cpp.o\x1b[0m\n'}
[5.138150] (main_arm_package) StdoutLine: {'line': b'[ 50%] \x1b[32mBuilding CXX object CMakeFiles/ArmMover.dir/src/ArmMover.cpp.o\x1b[0m\n'}
[5.215559] (-) TimerEvent: {}
[5.316018] (-) TimerEvent: {}
[5.416512] (-) TimerEvent: {}
[5.516858] (-) TimerEvent: {}
[5.617234] (-) TimerEvent: {}
[5.717548] (-) TimerEvent: {}
[5.818001] (-) TimerEvent: {}
[5.918602] (-) TimerEvent: {}
[6.018967] (-) TimerEvent: {}
[6.119358] (-) TimerEvent: {}
[6.219781] (-) TimerEvent: {}
[6.320160] (-) TimerEvent: {}
[6.420478] (-) TimerEvent: {}
[6.520869] (-) TimerEvent: {}
[6.621248] (-) TimerEvent: {}
[6.721656] (-) TimerEvent: {}
[6.822041] (-) TimerEvent: {}
[6.922428] (-) TimerEvent: {}
[7.022820] (-) TimerEvent: {}
[7.123238] (-) TimerEvent: {}
[7.223699] (-) TimerEvent: {}
[7.324112] (-) TimerEvent: {}
[7.424560] (-) TimerEvent: {}
[7.524962] (-) TimerEvent: {}
[7.625383] (-) TimerEvent: {}
[7.725763] (-) TimerEvent: {}
[7.826146] (-) TimerEvent: {}
[7.926616] (-) TimerEvent: {}
[8.027020] (-) TimerEvent: {}
[8.127470] (-) TimerEvent: {}
[8.227940] (-) TimerEvent: {}
[8.328327] (-) TimerEvent: {}
[8.428732] (-) TimerEvent: {}
[8.529143] (-) TimerEvent: {}
[8.629499] (-) TimerEvent: {}
[8.729898] (-) TimerEvent: {}
[8.830299] (-) TimerEvent: {}
[8.930817] (-) TimerEvent: {}
[9.031321] (-) TimerEvent: {}
[9.131750] (-) TimerEvent: {}
[9.232123] (-) TimerEvent: {}
[9.332525] (-) TimerEvent: {}
[9.432932] (-) TimerEvent: {}
[9.533299] (-) TimerEvent: {}
[9.633695] (-) TimerEvent: {}
[9.734106] (-) TimerEvent: {}
[9.771795] (main_arm_package) StdoutLine: {'line': b'[ 62%] \x1b[32m\x1b[1mLinking CXX executable ArmClient\x1b[0m\n'}
[9.834179] (-) TimerEvent: {}
[9.934573] (-) TimerEvent: {}
[10.034951] (-) TimerEvent: {}
[10.086389] (main_arm_package) StdoutLine: {'line': b'[ 62%] Built target ArmClient\n'}
[10.135099] (-) TimerEvent: {}
[10.235545] (-) TimerEvent: {}
[10.336014] (-) TimerEvent: {}
[10.436445] (-) TimerEvent: {}
[10.536904] (-) TimerEvent: {}
[10.637305] (-) TimerEvent: {}
[10.737705] (-) TimerEvent: {}
[10.838141] (-) TimerEvent: {}
[10.938535] (-) TimerEvent: {}
[11.038917] (-) TimerEvent: {}
[11.139294] (-) TimerEvent: {}
[11.239696] (-) TimerEvent: {}
[11.340062] (-) TimerEvent: {}
[11.440421] (-) TimerEvent: {}
[11.540738] (-) TimerEvent: {}
[11.641070] (-) TimerEvent: {}
[11.741438] (-) TimerEvent: {}
[11.841853] (-) TimerEvent: {}
[11.942367] (-) TimerEvent: {}
[12.042906] (-) TimerEvent: {}
[12.143338] (-) TimerEvent: {}
[12.243737] (-) TimerEvent: {}
[12.344115] (-) TimerEvent: {}
[12.444441] (-) TimerEvent: {}
[12.544797] (-) TimerEvent: {}
[12.645142] (-) TimerEvent: {}
[12.745513] (-) TimerEvent: {}
[12.845977] (-) TimerEvent: {}
[12.946337] (-) TimerEvent: {}
[13.046717] (-) TimerEvent: {}
[13.147125] (-) TimerEvent: {}
[13.212087] (main_arm_package) StdoutLine: {'line': b'[ 75%] \x1b[32m\x1b[1mLinking CXX executable ArmMonitor\x1b[0m\n'}
[13.219707] (main_arm_package) StdoutLine: {'line': b'[ 87%] \x1b[32m\x1b[1mLinking CXX executable ArmController\x1b[0m\n'}
[13.247249] (-) TimerEvent: {}
[13.347626] (-) TimerEvent: {}
[13.448041] (-) TimerEvent: {}
[13.548475] (-) TimerEvent: {}
[13.648846] (-) TimerEvent: {}
[13.657631] (main_arm_package) StdoutLine: {'line': b'[100%] \x1b[32m\x1b[1mLinking CXX executable ArmMover\x1b[0m\n'}
[13.670621] (main_arm_package) StdoutLine: {'line': b'[100%] Built target ArmMonitor\n'}
[13.698694] (main_arm_package) StdoutLine: {'line': b'[100%] Built target ArmController\n'}
[13.748926] (-) TimerEvent: {}
[13.849357] (-) TimerEvent: {}
[13.949851] (-) TimerEvent: {}
[14.050235] (-) TimerEvent: {}
[14.053271] (main_arm_package) StdoutLine: {'line': b'[100%] Built target ArmMover\n'}
[14.067258] (main_arm_package) CommandEnded: {'returncode': 0}
[14.068336] (main_arm_package) JobProgress: {'identifier': 'main_arm_package', 'progress': 'install'}
[14.069437] (main_arm_package) Command: {'cmd': ['/usr/bin/cmake', '--install', '/home/ibrahim/RobotArmExpanded/build/main_arm_package'], 'cwd': '/home/ibrahim/RobotArmExpanded/build/main_arm_package', 'env': OrderedDict([('PYTHON_BASIC_REPL', '1'), ('LESSOPEN', '| /usr/bin/lesspipe %s'), ('USER', 'ibrahim'), ('GIT_ASKPASS', '/home/ibrahim/.vscode-server/bin/0958016b2af9f09bb4257e0df4a95e2f90590f9f/extensions/git/dist/askpass.sh'), ('SHLVL', '1'), ('LD_LIBRARY_PATH', '/home/ibrahim/RobotArmExpanded/install/action_interfaces/lib:/home/ibrahim/RobotArm/install/action_interfaces/lib:/home/ibrahim/RobotNav/install/action_interfaces/lib:/home/ibrahim/ros2_ws/install/action_interfaces/lib:/usr/lib/x86_64-linux-gnu/gazebo-11/plugins:/opt/ros/humble/opt/rviz_ogre_vendor/lib:/opt/ros/humble/lib/x86_64-linux-gnu:/opt/ros/humble/lib'), ('MOTD_SHOWN', 'update-motd'), ('HOME', '/home/ibrahim'), ('TERM_PROGRAM_VERSION', '1.120.0'), ('VSCODE_IPC_HOOK_CLI', '/run/user/1000/vscode-ipc-b8f4ced1-f37a-407a-9d2f-43a7d1d5cfe8.sock'), ('ROS_PYTHON_VERSION', '3'), ('VSCODE_GIT_ASKPASS_MAIN', '/home/ibrahim/.vscode-server/bin/0958016b2af9f09bb4257e0df4a95e2f90590f9f/extensions/git/dist/askpass-main.js'), ('VSCODE_GIT_ASKPASS_NODE', '/home/ibrahim/.vscode-server/bin/0958016b2af9f09bb4257e0df4a95e2f90590f9f/node'), ('PYDEVD_DISABLE_FILE_VALIDATION', '1'), ('BUNDLED_DEBUGPY_PATH', '/home/ibrahim/.vscode-server/extensions/ms-python.debugpy-2026.6.0-linux-x64/bundled/libs/debugpy'), ('VSCODE_PYTHON_AUTOACTIVATE_GUARD', '1'), ('DBUS_SESSION_BUS_ADDRESS', 'unix:path=/run/user/1000/bus'), ('COLORTERM', 'truecolor'), ('WSL_DISTRO_NAME', 'Ubuntu-22.04'), ('WAYLAND_DISPLAY', 'wayland-0'), ('COLCON_PREFIX_PATH', '/home/ibrahim/RobotArmExpanded/install:/home/ibrahim/RobotArm/install:/home/ibrahim/TF2Sample/install:/home/ibrahim/RobotNav/install:/home/ibrahim/RobotMonitor/install:/home/ibrahim/ros2_ws/install'), ('ROS_DISTRO', 'humble'), ('LOGNAME', 'ibrahim'), ('NAME', 'Ibrahim-laptop'), ('WSL_INTEROP', '/run/WSL/52905_interop'), ('PULSE_SERVER', 'unix:/mnt/wslg/PulseServer'), ('_', '/usr/bin/colcon'), ('ROS_VERSION', '2'), ('CLAUDE_CODE_SSE_PORT', '46455'), ('TERM', 'xterm-256color'), ('ROS_LOCALHOST_ONLY', '0'), ('PATH', '/home/ibrahim/.vscode-server/data/User/globalStorage/github.copilot-chat/debugCommand:/home/ibrahim/.vscode-server/data/User/globalStorage/github.copilot-chat/copilotCli:/home/ibrahim/.vscode-server/bin/0958016b2af9f09bb4257e0df4a95e2f90590f9f/bin/remote-cli:/opt/ros/humble/bin:/usr/local/sbin:/usr/local/bin:/usr/sbin:/usr/bin:/sbin:/bin:/usr/games:/usr/local/games:/usr/lib/wsl/lib:/mnt/c/Users/zanto/AppData/Local/Programs/Microsoft VS Code:/mnt/c/Windows/system32:/mnt/c/Windows:/mnt/c/Windows/System32/Wbem:/mnt/c/Windows/System32/WindowsPowerShell/v1.0/:/mnt/c/Windows/System32/OpenSSH/:/mnt/c/Program Files (x86)/NVIDIA Corporation/PhysX/Common:/mnt/c/Program Files/NVIDIA Corporation/NVIDIA App/NvDLISR:/mnt/c/Program Files/dotnet/:/mnt/c/Program Files/nodejs/:/mnt/c/Program Files/Git/cmd:/mnt/c/Program Files/PostgreSQL/18/bin:/mnt/c/Users/zanto/.local/bin:/mnt/c/Program Files/Docker/Docker/resources/bin:/mnt/c/Program Files/GitHub CLI/:/mnt/c/Users/zanto/AppData/Local/Programs/Python/Python312/Scripts/:/mnt/c/Users/zanto/AppData/Local/Programs/Python/Python312/:/mnt/c/Users/zanto/AppData/Local/Programs/Python/Python314/Scripts/:/mnt/c/Users/zanto/AppData/Local/Programs/Python/Python314/:/mnt/c/Users/zanto/AppData/Local/Microsoft/WindowsApps:/mnt/c/Users/zanto/AppData/Local/Programs/Microsoft VS Code/bin:/mnt/c/Users/zanto/AppData/Local/Programs/Ollama:/mnt/c/Users/zanto/AppData/Roaming/npm:/mnt/c/msys64/ucrt64/bin:/snap/bin:/home/ibrahim/.vscode-server/extensions/ms-python.debugpy-2026.6.0-linux-x64/bundled/scripts/noConfigScripts'), ('XDG_RUNTIME_DIR', '/run/user/1000/'), ('DISPLAY', ':0'), ('VSCODE_DEBUGPY_ADAPTER_ENDPOINTS', '/home/ibrahim/.vscode-server/extensions/ms-python.debugpy-2026.6.0-linux-x64/.noConfigDebugAdapterEndpoints/endpoint-b792fa2e8964025e.txt'), ('LANG', 'C.UTF-8'), ('PYTHONSTARTUP', '/home/ibrahim/.vscode-server/data/User/workspaceStorage/e80122f58dd8365232b0ea725993d05e/ms-python.python/pythonrc.py'), ('LS_COLORS', 'rs=0:di=01;34:ln=01;36:mh=00:pi=40;33:so=01;35:do=01;35:bd=40;33;01:cd=40;33;01:or=40;31;01:mi=00:su=37;41:sg=30;43:ca=30;41:tw=30;42:ow=34;42:st=37;44:ex=01;32:*.tar=01;31:*.tgz=01;31:*.arc=01;31:*.arj=01;31:*.taz=01;31:*.lha=01;31:*.lz4=01;31:*.lzh=01;31:*.lzma=01;31:*.tlz=01;31:*.txz=01;31:*.tzo=01;31:*.t7z=01;31:*.zip=01;31:*.z=01;31:*.dz=01;31:*.gz=01;31:*.lrz=01;31:*.lz=01;31:*.lzo=01;31:*.xz=01;31:*.zst=01;31:*.tzst=01;31:*.bz2=01;31:*.bz=01;31:*.tbz=01;31:*.tbz2=01;31:*.tz=01;31:*.deb=01;31:*.rpm=01;31:*.jar=01;31:*.war=01;31:*.ear=01;31:*.sar=01;31:*.rar=01;31:*.alz=01;31:*.ace=01;31:*.zoo=01;31:*.cpio=01;31:*.7z=01;31:*.rz=01;31:*.cab=01;31:*.wim=01;31:*.swm=01;31:*.dwm=01;31:*.esd=01;31:*.jpg=01;35:*.jpeg=01;35:*.mjpg=01;35:*.mjpeg=01;35:*.gif=01;35:*.bmp=01;35:*.pbm=01;35:*.pgm=01;35:*.ppm=01;35:*.tga=01;35:*.xbm=01;35:*.xpm=01;35:*.tif=01;35:*.tiff=01;35:*.png=01;35:*.svg=01;35:*.svgz=01;35:*.mng=01;35:*.pcx=01;35:*.mov=01;35:*.mpg=01;35:*.mpeg=01;35:*.m2v=01;35:*.mkv=01;35:*.webm=01;35:*.webp=01;35:*.ogm=01;35:*.mp4=01;35:*.m4v=01;35:*.mp4v=01;35:*.vob=01;35:*.qt=01;35:*.nuv=01;35:*.wmv=01;35:*.asf=01;35:*.rm=01;35:*.rmvb=01;35:*.flc=01;35:*.avi=01;35:*.fli=01;35:*.flv=01;35:*.gl=01;35:*.dl=01;35:*.xcf=01;35:*.xwd=01;35:*.yuv=01;35:*.cgm=01;35:*.emf=01;35:*.ogv=01;35:*.ogx=01;35:*.aac=00;36:*.au=00;36:*.flac=00;36:*.m4a=00;36:*.mid=00;36:*.midi=00;36:*.mka=00;36:*.mp3=00;36:*.mpc=00;36:*.ogg=00;36:*.ra=00;36:*.wav=00;36:*.oga=00;36:*.opus=00;36:*.spx=00;36:*.xspf=00;36:'), ('VSCODE_GIT_IPC_HANDLE', '/run/user/1000/vscode-git-fffe7d841c.sock'), ('TERM_PROGRAM', 'vscode'), ('ROS_DOMAIN_ID', '10'), ('AMENT_PREFIX_PATH', '/home/ibrahim/RobotArmExpanded/install/main_arm_package:/home/ibrahim/RobotArmExpanded/install/action_interfaces:/home/ibrahim/RobotArm/install/main_arm_package:/home/ibrahim/RobotArm/install/action_interfaces:/home/ibrahim/TF2Sample/install/tf2sim:/home/ibrahim/RobotNav/install/main_robot_nodes:/home/ibrahim/RobotNav/install/action_interfaces:/home/ibrahim/RobotMonitor/install/Robot3Node_Package:/home/ibrahim/ros2_ws/install/my_first_package:/home/ibrahim/ros2_ws/install/action_interfaces:/opt/ros/humble'), ('SHELL', '/bin/bash'), ('LESSCLOSE', '/usr/bin/lesspipe %s %s'), ('VSCODE_GIT_ASKPASS_EXTRA_ARGS', ''), ('PWD', '/home/ibrahim/RobotArmExpanded/build/main_arm_package'), ('XDG_DATA_DIRS', '/usr/local/share:/usr/share:/var/lib/snapd/desktop'), ('PYTHONPATH', '/home/ibrahim/RobotArmExpanded/install/action_interfaces/local/lib/python3.10/dist-packages:/home/ibrahim/RobotArm/install/action_interfaces/local/lib/python3.10/dist-packages:/home/ibrahim/RobotNav/install/action_interfaces/local/lib/python3.10/dist-packages:/home/ibrahim/ros2_ws/install/action_interfaces/local/lib/python3.10/dist-packages:/opt/ros/humble/lib/python3.10/site-packages:/opt/ros/humble/local/lib/python3.10/dist-packages'), ('COLCON', '1'), ('WSL2_GUI_APPS_ENABLED', '1'), ('HOSTTYPE', 'x86_64'), ('CMAKE_PREFIX_PATH', '/home/ibrahim/RobotArmExpanded/install/action_interfaces:/home/ibrahim/RobotArmExpanded/install/main_arm_package:/home/ibrahim/TF2Sample/install/tf2sim:/home/ibrahim/RobotNav/install/main_robot_nodes:/home/ibrahim/RobotNav/install/action_interfaces:/home/ibrahim/RobotMonitor/install/Robot3Node_Package:/home/ibrahim/ros2_ws/install/my_first_package:/home/ibrahim/ros2_ws/install/action_interfaces:/home/ibrahim/RobotArm/install/main_arm_package:/home/ibrahim/RobotArm/install/action_interfaces:/opt/ros/humble'), ('WSLENV', 'VSCODE_WSL_EXT_LOCATION/up')]), 'shell': False}
[14.078416] (main_arm_package) StdoutLine: {'line': b'-- Install configuration: ""\n'}
[14.078757] (main_arm_package) StdoutLine: {'line': b'-- Installing: /home/ibrahim/RobotArmExpanded/install/main_arm_package/lib/main_arm_package/ArmController\n'}
[14.086469] (main_arm_package) StdoutLine: {'line': b'-- Set runtime path of "/home/ibrahim/RobotArmExpanded/install/main_arm_package/lib/main_arm_package/ArmController" to ""\n'}
[14.086785] (main_arm_package) StdoutLine: {'line': b'-- Installing: /home/ibrahim/RobotArmExpanded/install/main_arm_package/lib/main_arm_package/ArmMonitor\n'}
[14.092600] (main_arm_package) StdoutLine: {'line': b'-- Set runtime path of "/home/ibrahim/RobotArmExpanded/install/main_arm_package/lib/main_arm_package/ArmMonitor" to ""\n'}
[14.092792] (main_arm_package) StdoutLine: {'line': b'-- Installing: /home/ibrahim/RobotArmExpanded/install/main_arm_package/lib/main_arm_package/ArmMover\n'}
[14.099001] (main_arm_package) StdoutLine: {'line': b'-- Set runtime path of "/home/ibrahim/RobotArmExpanded/install/main_arm_package/lib/main_arm_package/ArmMover" to ""\n'}
[14.099184] (main_arm_package) StdoutLine: {'line': b'-- Installing: /home/ibrahim/RobotArmExpanded/install/main_arm_package/lib/main_arm_package/ArmClient\n'}
[14.102135] (main_arm_package) StdoutLine: {'line': b'-- Set runtime path of "/home/ibrahim/RobotArmExpanded/install/main_arm_package/lib/main_arm_package/ArmClient" to ""\n'}
[14.102302] (main_arm_package) StdoutLine: {'line': b'-- Up-to-date: /home/ibrahim/RobotArmExpanded/install/main_arm_package/share/main_arm_package/launch\n'}
[14.102511] (main_arm_package) StdoutLine: {'line': b'-- Up-to-date: /home/ibrahim/RobotArmExpanded/install/main_arm_package/share/main_arm_package/launch/display.launch.py\n'}
[14.102588] (main_arm_package) StdoutLine: {'line': b'-- Up-to-date: /home/ibrahim/RobotArmExpanded/install/main_arm_package/share/main_arm_package/launch/launch.py\n'}
[14.102638] (main_arm_package) StdoutLine: {'line': b'-- Up-to-date: /home/ibrahim/RobotArmExpanded/install/main_arm_package/share/main_arm_package/urdf\n'}
[14.102845] (main_arm_package) StdoutLine: {'line': b'-- Installing: /home/ibrahim/RobotArmExpanded/install/main_arm_package/share/main_arm_package/urdf/arm.urdf\n'}
[14.102958] (main_arm_package) StdoutLine: {'line': b'-- Up-to-date: /home/ibrahim/RobotArmExpanded/install/main_arm_package/share/main_arm_package/rviz\n'}
[14.103223] (main_arm_package) StdoutLine: {'line': b'-- Up-to-date: /home/ibrahim/RobotArmExpanded/install/main_arm_package/share/main_arm_package/rviz/arm.rviz\n'}
[14.103550] (main_arm_package) StdoutLine: {'line': b'-- Up-to-date: /home/ibrahim/RobotArmExpanded/install/main_arm_package/share/ament_index/resource_index/package_run_dependencies/main_arm_package\n'}
[14.103646] (main_arm_package) StdoutLine: {'line': b'-- Up-to-date: /home/ibrahim/RobotArmExpanded/install/main_arm_package/share/ament_index/resource_index/parent_prefix_path/main_arm_package\n'}
[14.103771] (main_arm_package) StdoutLine: {'line': b'-- Up-to-date: /home/ibrahim/RobotArmExpanded/install/main_arm_package/share/main_arm_package/environment/ament_prefix_path.sh\n'}
[14.103816] (main_arm_package) StdoutLine: {'line': b'-- Up-to-date: /home/ibrahim/RobotArmExpanded/install/main_arm_package/share/main_arm_package/environment/ament_prefix_path.dsv\n'}
[14.103850] (main_arm_package) StdoutLine: {'line': b'-- Up-to-date: /home/ibrahim/RobotArmExpanded/install/main_arm_package/share/main_arm_package/environment/path.sh\n'}
[14.103884] (main_arm_package) StdoutLine: {'line': b'-- Up-to-date: /home/ibrahim/RobotArmExpanded/install/main_arm_package/share/main_arm_package/environment/path.dsv\n'}
[14.103913] (main_arm_package) StdoutLine: {'line': b'-- Up-to-date: /home/ibrahim/RobotArmExpanded/install/main_arm_package/share/main_arm_package/local_setup.bash\n'}
[14.103942] (main_arm_package) StdoutLine: {'line': b'-- Up-to-date: /home/ibrahim/RobotArmExpanded/install/main_arm_package/share/main_arm_package/local_setup.sh\n'}
[14.103979] (main_arm_package) StdoutLine: {'line': b'-- Up-to-date: /home/ibrahim/RobotArmExpanded/install/main_arm_package/share/main_arm_package/local_setup.zsh\n'}
[14.104008] (main_arm_package) StdoutLine: {'line': b'-- Up-to-date: /home/ibrahim/RobotArmExpanded/install/main_arm_package/share/main_arm_package/local_setup.dsv\n'}
[14.104036] (main_arm_package) StdoutLine: {'line': b'-- Installing: /home/ibrahim/RobotArmExpanded/install/main_arm_package/share/main_arm_package/package.dsv\n'}
[14.104359] (main_arm_package) StdoutLine: {'line': b'-- Up-to-date: /home/ibrahim/RobotArmExpanded/install/main_arm_package/share/ament_index/resource_index/packages/main_arm_package\n'}
[14.104587] (main_arm_package) StdoutLine: {'line': b'-- Up-to-date: /home/ibrahim/RobotArmExpanded/install/main_arm_package/share/main_arm_package/cmake/main_arm_packageConfig.cmake\n'}
[14.104640] (main_arm_package) StdoutLine: {'line': b'-- Up-to-date: /home/ibrahim/RobotArmExpanded/install/main_arm_package/share/main_arm_package/cmake/main_arm_packageConfig-version.cmake\n'}
[14.104677] (main_arm_package) StdoutLine: {'line': b'-- Up-to-date: /home/ibrahim/RobotArmExpanded/install/main_arm_package/share/main_arm_package/package.xml\n'}
[14.108060] (main_arm_package) CommandEnded: {'returncode': 0}
[14.119257] (main_arm_package) JobEnded: {'identifier': 'main_arm_package', 'rc': 0}
[14.120469] (-) EventReactorShutdown: {}
